[C2KV POSITION DEBUG] {'forward_mode': '1', 'correction': [118], 'seq_lens': [3840], 'extend_prefix_lens': [3834], 'extend_seq_lens': [6], 'positions': [3952, 3953, 3954, 3955, 3956, 3957]}
[C2KV POSITION DEBUG] {'forward_mode': '1', 'correction': [118], 'seq_lens': [3894], 'extend_prefix_lens': [3840], 'extend_seq_lens': [54], 'positions': [3958, 3959, 3960, 3961, 3962, 3963, 3964, 3965, 3966, 3967, 3968, 3969, 3970, 3971, 3972, 3973, 3974, 3975, 3976, 3977, 3978, 3979, 3980, 3981, 3982, 3983, 3984, 3985, 3986, 3987, 3988, 3989, 3990, 3991, 3992, 3993, 3994, 3995, 3996, 3997, 3998, 3999, 4000, 4001, 4002, 4003, 4004, 4005, 4006, 4007, 4008, 4009, 4010, 4011]}
[C2KV POSITION DEBUG] {'forward_mode': '2', 'correction': [118], 'seq_lens': [3895], 'extend_prefix_lens': None, 'extend_seq_lens': None, 'positions': [4012]}
[C2KV POSITION DEBUG] {'forward_mode': '2', 'correction': [118], 'seq_lens': [3896], 'extend_prefix_lens': None, 'extend_seq_lens': None, 'positions': [4013]}
[C2KV POSITION DEBUG] {'forward_mode': '2', 'correction': [118], 'seq_lens': [3897], 'extend_prefix_lens': None, 'extend_seq_lens': None, 'positions': [4014]}
[C2KV POSITION DEBUG] {'forward_mode': '2', 'correction': [118], 'seq_lens': [3898], 'extend_prefix_lens': None, 'extend_seq_lens': None, 'positions': [4015]}
[C2KV POSITION DEBUG] {'forward_mode': '2', 'correction': [118], 'seq_lens': [3899], 'extend_prefix_lens': None, 'extend_seq_lens': None, 'positions': [4016]}
[C2KV POSITION DEBUG] {'forward_mode': '2', 'correction': [118], 'seq_lens': [3900], 'extend_prefix_lens': None, 'extend_seq_lens': None, 'positions': [4017]}
[C2KV POSITION DEBUG] {'forward_mode': '2', 'correction': [118], 'seq_lens': [3901], 'extend_prefix_lens': None, 'extend_seq_lens': None, 'positions': [4018]}
[C2KV POSITION DEBUG] {'forward_mode': '2', 'correction': [118], 'seq_lens': [3902], 'extend_prefix_lens': None, 'extend_seq_lens': None, 'positions': [4019]}
[C2KV POSITION DEBUG] {'forward_mode': '2', 'correction': [118], 'seq_lens': [3903], 'extend_prefix_lens': None, 'extend_seq_lens': None, 'positions': [4020]}
[C2KV POSITION DEBUG] {'forward_mode': '2', 'correction': [118], 'seq_lens': [3904], 'extend_prefix_lens': None, 'extend_seq_lens': None, 'positions': [4021]}
[C2KV POSITION DEBUG] {'forward_mode': '2', 'correction': [118], 'seq_lens': [3905], 'extend_prefix_lens': None, 'extend_seq_lens': None, 'positions': [4022]}
[C2KV POSITION DEBUG] {'forward_mode': '2', 'correction': [118], 'seq_lens': [3906], 'extend_prefix_lens': None, 'extend_seq_lens': None, 'positions': [4023]}
[C2KV POSITION DEBUG] {'forward_mode': '2', 'correction': [118], 'seq_lens': [3907], 'extend_prefix_lens': None, 'extend_seq_lens': None, 'positions': [4024]}
[C2KV POSITION DEBUG] {'forward_mode': '2', 'correction': [118], 'seq_lens': [3908], 'extend_prefix_lens': None, 'extend_seq_lens': None, 'positions': [4025]}
[C2KV POSITION DEBUG] {'forward_mode': '2', 'correction': [118], 'seq_lens': [3909], 'extend_prefix_lens': None, 'extend_seq_lens': None, 'positions': [4026]}
[C2KV POSITION DEBUG] {'forward_mode': '2', 'correction': [118], 'seq_lens': [3910], 'extend_prefix_lens': None, 'extend_seq_lens': None, 'positions': [4027]}
[C2KV POSITION DEBUG] {'forward_mode': '2', 'correction': [118], 'seq_lens': [3911], 'extend_prefix_lens': None, 'extend_seq_lens': None, 'positions': [4028]}
[C2KV POSITION DEBUG] {'forward_mode': '2', 'correction': [118], 'seq_lens': [3912], 'extend_prefix_lens': None, 'extend_seq_lens': None, 'positions': [4029]}
[C2KV POSITION DEBUG] {'forward_mode': '2', 'correction': [118], 'seq_lens': [3913], 'extend_prefix_lens': None, 'extend_seq_lens': None, 'positions': [4030]}
[C2KV POSITION DEBUG] {'forward_mode': '2', 'correction': [118], 'seq_lens': [3914], 'extend_prefix_lens': None, 'extend_seq_lens': None, 'positions': [4031]}
[C2KV POSITION DEBUG] {'forward_mode': '2', 'correction': [118], 'seq_lens': [3915], 'extend_prefix_lens': None, 'extend_seq_lens': None, 'positions': [4032]}
[C2KV POSITION DEBUG] {'forward_mode': '2', 'correction': [118], 'seq_lens': [3916], 'extend_prefix_lens': None, 'extend_seq_lens': None, 'positions': [4033]}
[C2KV POSITION DEBUG] {'forward_mode': '2', 'correction': [118], 'seq_lens': [3917], 'extend_prefix_lens': None, 'extend_seq_lens': None, 'positions': [4034]}
[C2KV POSITION DEBUG] {'forward_mode': '2', 'correction': [118], 'seq_lens': [3918], 'extend_prefix_lens': None, 'extend_seq_lens': None, 'positions': [4035]}
[C2KV POSITION DEBUG] {'forward_mode': '2', 'correction': [118], 'seq_lens': [3919], 'extend_prefix_lens': None, 'extend_seq_lens': None, 'positions': [4036]}
[C2KV POSITION DEBUG] {'forward_mode': '2', 'correction': [118], 'seq_lens': [3920], 'extend_prefix_lens': None, 'extend_seq_lens': None, 'positions': [4037]}
[C2KV POSITION DEBUG] {'forward_mode': '2', 'correction': [118], 'seq_lens': [3921], 'extend_prefix_lens': None, 'extend_seq_lens': None, 'positions': [4038]}
[C2KV POSITION DEBUG] {'forward_mode': '2', 'correction': [118], 'seq_lens': [3922], 'extend_prefix_lens': None, 'extend_seq_lens': None, 'positions': [4039]}
[C2KV POSITION DEBUG] {'forward_mode': '2', 'correction': [118], 'seq_lens': [3923], 'extend_prefix_lens': None, 'extend_seq_lens': None, 'positions': [4040]}
[C2KV POSITION DEBUG] {'forward_mode': '2', 'correction': [118], 'seq_lens': [3924], 'extend_prefix_lens': None, 'extend_seq_lens': None, 'positions': [4041]}
[C2KV POSITION DEBUG] {'forward_mode': '2', 'correction': [118], 'seq_lens': [3925], 'extend_prefix_lens': None, 'extend_seq_lens': None, 'positions': [4042]}
[C2KV POSITION DEBUG] {'forward_mode': '2', 'correction': [118], 'seq_lens': [3926], 'extend_prefix_lens': None, 'extend_seq_lens': None, 'positions': [4043]}
[C2KV POSITION DEBUG] {'forward_mode': '2', 'correction': [118], 'seq_lens': [3927], 'extend_prefix_lens': None, 'extend_seq_lens': None, 'positions': [4044]}
[C2KV POSITION DEBUG] {'forward_mode': '2', 'correction': [118], 'seq_lens': [3928], 'extend_prefix_lens': None, 'extend_seq_lens': None, 'positions': [4045]}
[C2KV POSITION DEBUG] {'forward_mode': '2', 'correction': [118], 'seq_lens': [3929], 'extend_prefix_lens': None, 'extend_seq_lens': None, 'positions': [4046]}
[C2KV POSITION DEBUG] {'forward_mode': '2', 'correction': [118], 'seq_lens': [3930], 'extend_prefix_lens': None, 'extend_seq_lens': None, 'positions': [4047]}
[C2KV POSITION DEBUG] {'forward_mode': '2', 'correction': [118], 'seq_lens': [3931], 'extend_prefix_lens': None, 'extend_seq_lens': None, 'positions': [4048]}
[C2KV POSITION DEBUG] {'forward_mode': '2', 'correction': [118], 'seq_lens': [3932], 'extend_prefix_lens': None, 'extend_seq_lens': None, 'positions': [4049]}
[C2KV POSITION DEBUG] {'forward_mode': '2', 'correction': [118], 'seq_lens': [3933], 'extend_prefix_lens': None, 'extend_seq_lens': None, 'positions': [4050]}
[C2KV POSITION DEBUG] {'forward_mode': '2', 'correction': [118], 'seq_lens': [3934], 'extend_prefix_lens': None, 'extend_seq_lens': None, 'positions': [4051]}
[C2KV POSITION DEBUG] {'forward_mode': '2', 'correction': [118], 'seq_lens': [3935], 'extend_prefix_lens': None, 'extend_seq_lens': None, 'positions': [4052]}
[C2KV POSITION DEBUG] {'forward_mode': '2', 'correction': [118], 'seq_lens': [3936], 'extend_prefix_lens': None, 'extend_seq_lens': None, 'positions': [4053]}
[C2KV POSITION DEBUG] {'forward_mode': '2', 'correction': [118], 'seq_lens': [3937], 'extend_prefix_lens': None, 'extend_seq_lens': None, 'positions': [4054]}
[C2KV POSITION DEBUG] {'forward_mode': '2', 'correction': [118], 'seq_lens': [3938], 'extend_prefix_lens': None, 'extend_seq_lens': None, 'positions': [4055]}
[C2KV POSITION DEBUG] {'forward_mode': '2', 'correction': [118], 'seq_lens': [3939], 'extend_prefix_lens': None, 'extend_seq_lens': None, 'positions': [4056]}
[C2KV POSITION DEBUG] {'forward_mode': '2', 'correction': [118], 'seq_lens': [3940], 'extend_prefix_lens': None, 'extend_seq_lens': None, 'positions': [4057]}
[C2KV POSITION DEBUG] {'forward_mode': '2', 'correction': [118], 'seq_lens': [3941], 'extend_prefix_lens': None, 'extend_seq_lens': None, 'positions': [4058]}
[C2KV POSITION DEBUG] {'forward_mode': '2', 'correction': [118], 'seq_lens': [3942], 'extend_prefix_lens': None, 'extend_seq_lens': None, 'positions': [4059]}
[C2KV POSITION DEBUG] {'forward_mode': '2', 'correction': [118], 'seq_lens': [3943], 'extend_prefix_lens': None, 'extend_seq_lens': None, 'positions': [4060]}
[C2KV POSITION DEBUG] {'forward_mode': '2', 'correction': [118], 'seq_lens': [3944], 'extend_prefix_lens': None, 'extend_seq_lens': None, 'positions': [4061]}
[C2KV POSITION DEBUG] {'forward_mode': '2', 'correction': [118], 'seq_lens': [3945], 'extend_prefix_lens': None, 'extend_seq_lens': None, 'positions': [4062]}
[C2KV POSITION DEBUG] {'forward_mode': '2', 'correction': [118], 'seq_lens': [3946], 'extend_prefix_lens': None, 'extend_seq_lens': None, 'positions': [4063]}
[C2KV POSITION DEBUG] {'forward_mode': '2', 'correction': [118], 'seq_lens': [3947], 'extend_prefix_lens': None, 'extend_seq_lens': None, 'positions': [4064]}
[C2KV POSITION DEBUG] {'forward_mode': '2', 'correction': [118], 'seq_lens': [3948], 'extend_prefix_lens': None, 'extend_seq_lens': None, 'positions': [4065]}
[C2KV POSITION DEBUG] {'forward_mode': '2', 'correction': [118], 'seq_lens': [3949], 'extend_prefix_lens': None, 'extend_seq_lens': None, 'positions': [4066]}
[C2KV POSITION DEBUG] {'forward_mode': '2', 'correction': [118], 'seq_lens': [3950], 'extend_prefix_lens': None, 'extend_seq_lens': None, 'positions': [4067]}
[C2KV POSITION DEBUG] {'forward_mode': '2', 'correction': [118], 'seq_lens': [3951], 'extend_prefix_lens': None, 'extend_seq_lens': None, 'positions': [4068]}
[C2KV POSITION DEBUG] {'forward_mode': '2', 'correction': [118], 'seq_lens': [3952], 'extend_prefix_lens': None, 'extend_seq_lens': None, 'positions': [4069]}
[C2KV POSITION DEBUG] {'forward_mode': '2', 'correction': [118], 'seq_lens': [3953], 'extend_prefix_lens': None, 'extend_seq_lens': None, 'positions': [4070]}
[C2KV POSITION DEBUG] {'forward_mode': '2', 'correction': [118], 'seq_lens': [3954], 'extend_prefix_lens': None, 'extend_seq_lens': None, 'positions': [4071]}
[C2KV POSITION DEBUG] {'forward_mode': '2', 'correction': [118], 'seq_lens': [3955], 'extend_prefix_lens': None, 'extend_seq_lens': None, 'positions': [4072]}
[C2KV POSITION DEBUG] {'forward_mode': '2', 'correction': [118], 'seq_lens': [3956], 'extend_prefix_lens': None, 'extend_seq_lens': None, 'positions': [4073]}
[C2KV POSITION DEBUG] {'forward_mode': '2', 'correction': [118], 'seq_lens': [3957], 'extend_prefix_lens': None, 'extend_seq_lens': None, 'positions': [4074]}
[C2KV POSITION DEBUG] {'forward_mode': '2', 'correction': [118], 'seq_lens': [3958], 'extend_prefix_lens': None, 'extend_seq_lens': None, 'positions': [4075]}
[C2KV POSITION DEBUG] {'forward_mode': '2', 'correction': [118], 'seq_lens': [3959], 'extend_prefix_lens': None, 'extend_seq_lens': None, 'positions': [4076]}
[C2KV POSITION DEBUG] {'forward_mode': '2', 'correction': [118], 'seq_lens': [3960], 'extend_prefix_lens': None, 'extend_seq_lens': None, 'positions': [4077]}
[C2KV POSITION DEBUG] {'forward_mode': '2', 'correction': [118], 'seq_lens': [3961], 'extend_prefix_lens': None, 'extend_seq_lens': None, 'positions': [4078]}
[C2KV POSITION DEBUG] {'forward_mode': '2', 'correction': [118], 'seq_lens': [3962], 'extend_prefix_lens': None, 'extend_seq_lens': None, 'positions': [4079]}
[C2KV POSITION DEBUG] {'forward_mode': '2', 'correction': [118], 'seq_lens': [3963], 'extend_prefix_lens': None, 'extend_seq_lens': None, 'positions': [4080]}
[C2KV POSITION DEBUG] {'forward_mode': '2', 'correction': [118], 'seq_lens': [3964], 'extend_prefix_lens': None, 'extend_seq_lens': None, 'positions': [4081]}
[C2KV POSITION DEBUG] {'forward_mode': '2', 'correction': [118], 'seq_lens': [3965], 'extend_prefix_lens': None, 'extend_seq_lens': None, 'positions': [4082]}
[C2KV POSITION DEBUG] {'forward_mode': '2', 'correction': [118], 'seq_lens': [3966], 'extend_prefix_lens': None, 'extend_seq_lens': None, 'positions': [4083]}
[C2KV POSITION DEBUG] {'forward_mode': '2', 'correction': [118], 'seq_lens': [3967], 'extend_prefix_lens': None, 'extend_seq_lens': None, 'positions': [4084]}
[C2KV POSITION DEBUG] {'forward_mode': '2', 'correction': [118], 'seq_lens': [3968], 'extend_prefix_lens': None, 'extend_seq_lens': None, 'positions': [4085]}
[C2KV POSITION DEBUG] {'forward_mode': '2', 'correction': [118], 'seq_lens': [3969], 'extend_prefix_lens': None, 'extend_seq_lens': None, 'positions': [4086]}
[C2KV POSITION DEBUG] {'forward_mode': '2', 'correction': [118], 'seq_lens': [3970], 'extend_prefix_lens': None, 'extend_seq_lens': None, 'positions': [4087]}
[C2KV POSITION DEBUG] {'forward_mode': '2', 'correction': [118], 'seq_lens': [3971], 'extend_prefix_lens': None, 'extend_seq_lens': None, 'positions': [4088]}
[C2KV POSITION DEBUG] {'forward_mode': '2', 'correction': [118], 'seq_lens': [3972], 'extend_prefix_lens': None, 'extend_seq_lens': None, 'positions': [4089]}
[C2KV POSITION DEBUG] {'forward_mode': '2', 'correction': [118], 'seq_lens': [3973], 'extend_prefix_lens': None, 'extend_seq_lens': None, 'positions': [4090]}
[C2KV POSITION DEBUG] {'forward_mode': '2', 'correction': [118], 'seq_lens': [3974], 'extend_prefix_lens': None, 'extend_seq_lens': None, 'positions': [4091]}
[C2KV POSITION DEBUG] {'forward_mode': '1', 'correction': [118], 'seq_lens': [3840], 'extend_prefix_lens': [3834], 'extend_seq_lens': [6], 'positions': [3952, 3953, 3954, 3955, 3956, 3957]}
[C2KV POSITION DEBUG] {'forward_mode': '1', 'correction': [118], 'seq_lens': [3934], 'extend_prefix_lens': [3840], 'extend_seq_lens': [94], 'positions': [3958, 3959, 3960, 3961, 3962, 3963, 3964, 3965, 3966, 3967, 3968, 3969, 3970, 3971, 3972, 3973, 3974, 3975, 3976, 3977, 3978, 3979, 3980, 3981, 3982, 3983, 3984, 3985, 3986, 3987, 3988, 3989, 3990, 3991, 3992, 3993, 3994, 3995, 3996, 3997, 3998, 3999, 4000, 4001, 4002, 4003, 4004, 4005, 4006, 4007, 4008, 4009, 4010, 4011, 4012, 4013, 4014, 4015, 4016, 4017, 4018, 4019, 4020, 4021, 4022, 4023, 4024, 4025, 4026, 4027, 4028, 4029, 4030, 4031, 4032, 4033, 4034, 4035, 4036, 4037, 4038, 4039, 4040, 4041, 4042, 4043, 4044, 4045, 4046, 4047, 4048, 4049, 4050, 4051]}
[C2KV POSITION DEBUG] {'forward_mode': '2', 'correction': [118], 'seq_lens': [3935], 'extend_prefix_lens': None, 'extend_seq_lens': None, 'positions': [4052]}
[C2KV POSITION DEBUG] {'forward_mode': '2', 'correction': [118], 'seq_lens': [3936], 'extend_prefix_lens': None, 'extend_seq_lens': None, 'positions': [4053]}
[C2KV POSITION DEBUG] {'forward_mode': '2', 'correction': [118], 'seq_lens': [3937], 'extend_prefix_lens': None, 'extend_seq_lens': None, 'positions': [4054]}
[C2KV POSITION DEBUG] {'forward_mode': '2', 'correction': [118], 'seq_lens': [3938], 'extend_prefix_lens': None, 'extend_seq_lens': None, 'positions': [4055]}
[C2KV POSITION DEBUG] {'forward_mode': '2', 'correction': [118], 'seq_lens': [3939], 'extend_prefix_lens': None, 'extend_seq_lens': None, 'positions': [4056]}
[C2KV POSITION DEBUG] {'forward_mode': '2', 'correction': [118], 'seq_lens': [3940], 'extend_prefix_lens': None, 'extend_seq_lens': None, 'positions': [4057]}
[C2KV POSITION DEBUG] {'forward_mode': '2', 'correction': [118], 'seq_lens': [3941], 'extend_prefix_lens': None, 'extend_seq_lens': None, 'positions': [4058]}
[C2KV POSITION DEBUG] {'forward_mode': '2', 'correction': [118], 'seq_lens': [3942], 'extend_prefix_lens': None, 'extend_seq_lens': None, 'positions': [4059]}
[C2KV POSITION DEBUG] {'forward_mode': '2', 'correction': [118], 'seq_lens': [3943], 'extend_prefix_lens': None, 'extend_seq_lens': None, 'positions': [4060]}
[C2KV POSITION DEBUG] {'forward_mode': '2', 'correction': [118], 'seq_lens': [3944], 'extend_prefix_lens': None, 'extend_seq_lens': None, 'positions': [4061]}
[C2KV POSITION DEBUG] {'forward_mode': '2', 'correction': [118], 'seq_lens': [3945], 'extend_prefix_lens': None, 'extend_seq_lens': None, 'positions': [4062]}
[C2KV POSITION DEBUG] {'forward_mode': '2', 'correction': [118], 'seq_lens': [3946], 'extend_prefix_lens': None, 'extend_seq_lens': None, 'positions': [4063]}
[C2KV POSITION DEBUG] {'forward_mode': '2', 'correction': [118], 'seq_lens': [3947], 'extend_prefix_lens': None, 'extend_seq_lens': None, 'positions': [4064]}
[C2KV POSITION DEBUG] {'forward_mode': '2', 'correction': [118], 'seq_lens': [3948], 'extend_prefix_lens': None, 'extend_seq_lens': None, 'positions': [4065]}
[C2KV POSITION DEBUG] {'forward_mode': '2', 'correction': [118], 'seq_lens': [3949], 'extend_prefix_lens': None, 'extend_seq_lens': None, 'positions': [4066]}
[C2KV POSITION DEBUG] {'forward_mode': '2', 'correction': [118], 'seq_lens': [3950], 'extend_prefix_lens': None, 'extend_seq_lens': None, 'positions': [4067]}
[C2KV POSITION DEBUG] {'forward_mode': '2', 'correction': [118], 'seq_lens': [3951], 'extend_prefix_lens': None, 'extend_seq_lens': None, 'positions': [4068]}
[C2KV POSITION DEBUG] {'forward_mode': '2', 'correction': [118], 'seq_lens': [3952], 'extend_prefix_lens': None, 'extend_seq_lens': None, 'positions': [4069]}
[C2KV POSITION DEBUG] {'forward_mode': '2', 'correction': [118], 'seq_lens': [3953], 'extend_prefix_lens': None, 'extend_seq_lens': None, 'positions': [4070]}
[C2KV POSITION DEBUG] {'forward_mode': '2', 'correction': [118], 'seq_lens': [3954], 'extend_prefix_lens': None, 'extend_seq_lens': None, 'positions': [4071]}
[C2KV POSITION DEBUG] {'forward_mode': '2', 'correction': [118], 'seq_lens': [3955], 'extend_prefix_lens': None, 'extend_seq_lens': None, 'positions': [4072]}
[C2KV POSITION DEBUG] {'forward_mode': '2', 'correction': [118], 'seq_lens': [3956], 'extend_prefix_lens': None, 'extend_seq_lens': None, 'positions': [4073]}
[C2KV POSITION DEBUG] {'forward_mode': '2', 'correction': [118], 'seq_lens': [3957], 'extend_prefix_lens': None, 'extend_seq_lens': None, 'positions': [4074]}
[C2KV POSITION DEBUG] {'forward_mode': '2', 'correction': [118], 'seq_lens': [3958], 'extend_prefix_lens': None, 'extend_seq_lens': None, 'positions': [4075]}
[C2KV POSITION DEBUG] {'forward_mode': '2', 'correction': [118], 'seq_lens': [3959], 'extend_prefix_lens': None, 'extend_seq_lens': None, 'positions': [4076]}
[C2KV POSITION DEBUG] {'forward_mode': '2', 'correction': [118], 'seq_lens': [3960], 'extend_prefix_lens': None, 'extend_seq_lens': None, 'positions': [4077]}
[C2KV POSITION DEBUG] {'forward_mode': '2', 'correction': [118], 'seq_lens': [3961], 'extend_prefix_lens': None, 'extend_seq_lens': None, 'positions': [4078]}
[C2KV POSITION DEBUG] {'forward_mode': '2', 'correction': [118], 'seq_lens': [3962], 'extend_prefix_lens': None, 'extend_seq_lens': None, 'positions': [4079]}
[C2KV POSITION DEBUG] {'forward_mode': '2', 'correction': [118], 'seq_lens': [3963], 'extend_prefix_lens': None, 'extend_seq_lens': None, 'positions': [4080]}
[C2KV POSITION DEBUG] {'forward_mode': '2', 'correction': [118], 'seq_lens': [3964], 'extend_prefix_lens': None, 'extend_seq_lens': None, 'positions': [4081]}
[C2KV POSITION DEBUG] {'forward_mode': '2', 'correction': [118], 'seq_lens': [3965], 'extend_prefix_lens': None, 'extend_seq_lens': None, 'positions': [4082]}
[C2KV POSITION DEBUG] {'forward_mode': '2', 'correction': [118], 'seq_lens': [3966], 'extend_prefix_lens': None, 'extend_seq_lens': None, 'positions': [4083]}
[C2KV POSITION DEBUG] {'forward_mode': '2', 'correction': [118], 'seq_lens': [3967], 'extend_prefix_lens': None, 'extend_seq_lens': None, 'positions': [4084]}
[C2KV POSITION DEBUG] {'forward_mode': '2', 'correction': [118], 'seq_lens': [3968], 'extend_prefix_lens': None, 'extend_seq_lens': None, 'positions': [4085]}
[C2KV POSITION DEBUG] {'forward_mode': '2', 'correction': [118], 'seq_lens': [3969], 'extend_prefix_lens': None, 'extend_seq_lens': None, 'positions': [4086]}
[C2KV POSITION DEBUG] {'forward_mode': '2', 'correction': [118], 'seq_lens': [3970], 'extend_prefix_lens': None, 'extend_seq_lens': None, 'positions': [4087]}
[C2KV POSITION DEBUG] {'forward_mode': '2', 'correction': [118], 'seq_lens': [3971], 'extend_prefix_lens': None, 'extend_seq_lens': None, 'positions': [4088]}
[C2KV POSITION DEBUG] {'forward_mode': '2', 'correction': [118], 'seq_lens': [3972], 'extend_prefix_lens': None, 'extend_seq_lens': None, 'positions': [4089]}
[C2KV POSITION DEBUG] {'forward_mode': '2', 'correction': [118], 'seq_lens': [3973], 'extend_prefix_lens': None, 'extend_seq_lens': None, 'positions': [4090]}
[C2KV POSITION DEBUG] {'forward_mode': '2', 'correction': [118], 'seq_lens': [3974], 'extend_prefix_lens': None, 'extend_seq_lens': None, 'positions': [4091]}
[C2KV POSITION DEBUG] {'forward_mode': '2', 'correction': [118], 'seq_lens': [3975], 'extend_prefix_lens': None, 'extend_seq_lens': None, 'positions': [4092]}
[C2KV POSITION DEBUG] {'forward_mode': '2', 'correction': [118], 'seq_lens': [3976], 'extend_prefix_lens': None, 'extend_seq_lens': None, 'positions': [4093]}
[C2KV POSITION DEBUG] {'forward_mode': '2', 'correction': [118], 'seq_lens': [3977], 'extend_prefix_lens': None, 'extend_seq_lens': None, 'positions': [4094]}
[C2KV POSITION DEBUG] {'forward_mode': '2', 'correction': [118], 'seq_lens': [3978], 'extend_prefix_lens': None, 'extend_seq_lens': None, 'positions': [4095]}
[C2KV POSITION DEBUG] {'forward_mode': '2', 'correction': [118], 'seq_lens': [3979], 'extend_prefix_lens': None, 'extend_seq_lens': None, 'positions': [4096]}
[C2KV POSITION DEBUG] {'forward_mode': '2', 'correction': [118], 'seq_lens': [3980], 'extend_prefix_lens': None, 'extend_seq_lens': None, 'positions': [4097]}
[C2KV POSITION DEBUG] {'forward_mode': '2', 'correction': [118], 'seq_lens': [3981], 'extend_prefix_lens': None, 'extend_seq_lens': None, 'positions': [4098]}
[C2KV POSITION DEBUG] {'forward_mode': '2', 'correction': [118], 'seq_lens': [3982], 'extend_prefix_lens': None, 'extend_seq_lens': None, 'positions': [4099]}
[C2KV POSITION DEBUG] {'forward_mode': '2', 'correction': [118], 'seq_lens': [3983], 'extend_prefix_lens': None, 'extend_seq_lens': None, 'positions': [4100]}
[C2KV POSITION DEBUG] {'forward_mode': '2', 'correction': [118], 'seq_lens': [3984], 'extend_prefix_lens': None, 'extend_seq_lens': None, 'positions': [4101]}
[C2KV POSITION DEBUG] {'forward_mode': '2', 'correction': [118], 'seq_lens': [3985], 'extend_prefix_lens': None, 'extend_seq_lens': None, 'positions': [4102]}
[C2KV POSITION DEBUG] {'forward_mode': '2', 'correction': [118], 'seq_lens': [3986], 'extend_prefix_lens': None, 'extend_seq_lens': None, 'positions': [4103]}
[C2KV POSITION DEBUG] {'forward_mode': '2', 'correction': [118], 'seq_lens': [3987], 'extend_prefix_lens': None, 'extend_seq_lens': None, 'positions': [4104]}
[C2KV POSITION DEBUG] {'forward_mode': '1', 'correction': [54], 'seq_lens': [3958], 'extend_prefix_lens': [3898], 'extend_seq_lens': [60], 'positions': [3952, 3953, 3954, 3955, 3956, 3957, 3958, 3959, 3960, 3961, 3962, 3963, 3964, 3965, 3966, 3967, 3968, 3969, 3970, 3971, 3972, 3973, 3974, 3975, 3976, 3977, 3978, 3979, 3980, 3981, 3982, 3983, 3984, 3985, 3986, 3987, 3988, 3989, 3990, 3991, 3992, 3993, 3994, 3995, 3996, 3997, 3998, 3999, 4000, 4001, 4002, 4003, 4004, 4005, 4006, 4007, 4008, 4009, 4010, 4011]}
[C2KV POSITION DEBUG] {'forward_mode': '2', 'correction': [54], 'seq_lens': [3959], 'extend_prefix_lens': None, 'extend_seq_lens': None, 'positions': [4012]}
[C2KV POSITION DEBUG] {'forward_mode': '2', 'correction': [54], 'seq_lens': [3960], 'extend_prefix_lens': None, 'extend_seq_lens': None, 'positions': [4013]}
[C2KV POSITION DEBUG] {'forward_mode': '2', 'correction': [54], 'seq_lens': [3961], 'extend_prefix_lens': None, 'extend_seq_lens': None, 'positions': [4014]}
[C2KV POSITION DEBUG] {'forward_mode': '2', 'correction': [54], 'seq_lens': [3962], 'extend_prefix_lens': None, 'extend_seq_lens': None, 'positions': [4015]}
[C2KV POSITION DEBUG] {'forward_mode': '2', 'correction': [54], 'seq_lens': [3963], 'extend_prefix_lens': None, 'extend_seq_lens': None, 'positions': [4016]}
[C2KV POSITION DEBUG] {'forward_mode': '2', 'correction': [54], 'seq_lens': [3964], 'extend_prefix_lens': None, 'extend_seq_lens': None, 'positions': [4017]}
[C2KV POSITION DEBUG] {'forward_mode': '2', 'correction': [54], 'seq_lens': [3965], 'extend_prefix_lens': None, 'extend_seq_lens': None, 'positions': [4018]}
[C2KV POSITION DEBUG] {'forward_mode': '2', 'correction': [54], 'seq_lens': [3966], 'extend_prefix_lens': None, 'extend_seq_lens': None, 'positions': [4019]}
[C2KV POSITION DEBUG] {'forward_mode': '2', 'correction': [54], 'seq_lens': [3967], 'extend_prefix_lens': None, 'extend_seq_lens': None, 'positions': [4020]}
[C2KV POSITION DEBUG] {'forward_mode': '2', 'correction': [54], 'seq_lens': [3968], 'extend_prefix_lens': None, 'extend_seq_lens': None, 'positions': [4021]}
[C2KV POSITION DEBUG] {'forward_mode': '2', 'correction': [54], 'seq_lens': [3969], 'extend_prefix_lens': None, 'extend_seq_lens': None, 'positions': [4022]}
[C2KV POSITION DEBUG] {'forward_mode': '2', 'correction': [54], 'seq_lens': [3970], 'extend_prefix_lens': None, 'extend_seq_lens': None, 'positions': [4023]}
[C2KV POSITION DEBUG] {'forward_mode': '2', 'correction': [54], 'seq_lens': [3971], 'extend_prefix_lens': None, 'extend_seq_lens': None, 'positions': [4024]}
[C2KV POSITION DEBUG] {'forward_mode': '2', 'correction': [54], 'seq_lens': [3972], 'extend_prefix_lens': None, 'extend_seq_lens': None, 'positions': [4025]}
[C2KV POSITION DEBUG] {'forward_mode': '2', 'correction': [54], 'seq_lens': [3973], 'extend_prefix_lens': None, 'extend_seq_lens': None, 'positions': [4026]}
[C2KV POSITION DEBUG] {'forward_mode': '2', 'correction': [54], 'seq_lens': [3974], 'extend_prefix_lens': None, 'extend_seq_lens': None, 'positions': [4027]}
[C2KV POSITION DEBUG] {'forward_mode': '2', 'correction': [54], 'seq_lens': [3975], 'extend_prefix_lens': None, 'extend_seq_lens': None, 'positions': [4028]}
[C2KV POSITION DEBUG] {'forward_mode': '2', 'correction': [54], 'seq_lens': [3976], 'extend_prefix_lens': None, 'extend_seq_lens': None, 'positions': [4029]}
[C2KV POSITION DEBUG] {'forward_mode': '2', 'correction': [54], 'seq_lens': [3977], 'extend_prefix_lens': None, 'extend_seq_lens': None, 'positions': [4030]}
[C2KV POSITION DEBUG] {'forward_mode': '2', 'correction': [54], 'seq_lens': [3978], 'extend_prefix_lens': None, 'extend_seq_lens': None, 'positions': [4031]}
[C2KV POSITION DEBUG] {'forward_mode': '2', 'correction': [54], 'seq_lens': [3979], 'extend_prefix_lens': None, 'extend_seq_lens': None, 'positions': [4032]}
[C2KV POSITION DEBUG] {'forward_mode': '2', 'correction': [54], 'seq_lens': [3980], 'extend_prefix_lens': None, 'extend_seq_lens': None, 'positions': [4033]}
[C2KV POSITION DEBUG] {'forward_mode': '2', 'correction': [54], 'seq_lens': [3981], 'extend_prefix_lens': None, 'extend_seq_lens': None, 'positions': [4034]}
[C2KV POSITION DEBUG] {'forward_mode': '2', 'correction': [54], 'seq_lens': [3982], 'extend_prefix_lens': None, 'extend_seq_lens': None, 'positions': [4035]}
[C2KV POSITION DEBUG] {'forward_mode': '2', 'correction': [54], 'seq_lens': [3983], 'extend_prefix_lens': None, 'extend_seq_lens': None, 'positions': [4036]}
[C2KV POSITION DEBUG] {'forward_mode': '2', 'correction': [54], 'seq_lens': [3984], 'extend_prefix_lens': None, 'extend_seq_lens': None, 'positions': [4037]}
[C2KV POSITION DEBUG] {'forward_mode': '2', 'correction': [54], 'seq_lens': [3985], 'extend_prefix_lens': None, 'extend_seq_lens': None, 'positions': [4038]}
[C2KV POSITION DEBUG] {'forward_mode': '2', 'correction': [54], 'seq_lens': [3986], 'extend_prefix_lens': None, 'extend_seq_lens': None, 'positions': [4039]}
[C2KV POSITION DEBUG] {'forward_mode': '2', 'correction': [54], 'seq_lens': [3987], 'extend_prefix_lens': None, 'extend_seq_lens': None, 'positions': [4040]}
[C2KV POSITION DEBUG] {'forward_mode': '2', 'correction': [54], 'seq_lens': [3988], 'extend_prefix_lens': None, 'extend_seq_lens': None, 'positions': [4041]}
[C2KV POSITION DEBUG] {'forward_mode': '2', 'correction': [54], 'seq_lens': [3989], 'extend_prefix_lens': None, 'extend_seq_lens': None, 'positions': [4042]}
[C2KV POSITION DEBUG] {'forward_mode': '2', 'correction': [54], 'seq_lens': [3990], 'extend_prefix_lens': None, 'extend_seq_lens': None, 'positions': [4043]}
[C2KV POSITION DEBUG] {'forward_mode': '2', 'correction': [54], 'seq_lens': [3991], 'extend_prefix_lens': None, 'extend_seq_lens': None, 'positions': [4044]}
[C2KV POSITION DEBUG] {'forward_mode': '2', 'correction': [54], 'seq_lens': [3992], 'extend_prefix_lens': None, 'extend_seq_lens': None, 'positions': [4045]}
[C2KV POSITION DEBUG] {'forward_mode': '2', 'correction': [54], 'seq_lens': [3993], 'extend_prefix_lens': None, 'extend_seq_lens': None, 'positions': [4046]}
[C2KV POSITION DEBUG] {'forward_mode': '2', 'correction': [54], 'seq_lens': [3994], 'extend_prefix_lens': None, 'extend_seq_lens': None, 'positions': [4047]}
[C2KV POSITION DEBUG] {'forward_mode': '2', 'correction': [54], 'seq_lens': [3995], 'extend_prefix_lens': None, 'extend_seq_lens': None, 'positions': [4048]}
[C2KV POSITION DEBUG] {'forward_mode': '2', 'correction': [54], 'seq_lens': [3996], 'extend_prefix_lens': None, 'extend_seq_lens': None, 'positions': [4049]}
[C2KV POSITION DEBUG] {'forward_mode': '2', 'correction': [54], 'seq_lens': [3997], 'extend_prefix_lens': None, 'extend_seq_lens': None, 'positions': [4050]}
[C2KV POSITION DEBUG] {'forward_mode': '2', 'correction': [54], 'seq_lens': [3998], 'extend_prefix_lens': None, 'extend_seq_lens': None, 'positions': [4051]}
[C2KV POSITION DEBUG] {'forward_mode': '2', 'correction': [54], 'seq_lens': [3999], 'extend_prefix_lens': None, 'extend_seq_lens': None, 'positions': [4052]}
[C2KV POSITION DEBUG] {'forward_mode': '2', 'correction': [54], 'seq_lens': [4000], 'extend_prefix_lens': None, 'extend_seq_lens': None, 'positions': [4053]}
[C2KV POSITION DEBUG] {'forward_mode': '2', 'correction': [54], 'seq_lens': [4001], 'extend_prefix_lens': None, 'extend_seq_lens': None, 'positions': [4054]}
[C2KV POSITION DEBUG] {'forward_mode': '2', 'correction': [54], 'seq_lens': [4002], 'extend_prefix_lens': None, 'extend_seq_lens': None, 'positions': [4055]}
[C2KV POSITION DEBUG] {'forward_mode': '2', 'correction': [54], 'seq_lens': [4003], 'extend_prefix_lens': None, 'extend_seq_lens': None, 'positions': [4056]}
[C2KV POSITION DEBUG] {'forward_mode': '2', 'correction': [54], 'seq_lens': [4004], 'extend_prefix_lens': None, 'extend_seq_lens': None, 'positions': [4057]}
[C2KV POSITION DEBUG] {'forward_mode': '2', 'correction': [54], 'seq_lens': [4005], 'extend_prefix_lens': None, 'extend_seq_lens': None, 'positions': [4058]}
[C2KV POSITION DEBUG] {'forward_mode': '2', 'correction': [54], 'seq_lens': [4006], 'extend_prefix_lens': None, 'extend_seq_lens': None, 'positions': [4059]}
[C2KV POSITION DEBUG] {'forward_mode': '2', 'correction': [54], 'seq_lens': [4007], 'extend_prefix_lens': None, 'extend_seq_lens': None, 'positions': [4060]}
[C2KV POSITION DEBUG] {'forward_mode': '2', 'correction': [54], 'seq_lens': [4008], 'extend_prefix_lens': None, 'extend_seq_lens': None, 'positions': [4061]}
[C2KV POSITION DEBUG] {'forward_mode': '1', 'correction': [222], 'seq_lens': [3912], 'extend_prefix_lens': [3870], 'extend_seq_lens': [42], 'positions': [4092, 4093, 4094, 4095, 4096, 4097, 4098, 4099, 4100, 4101, 4102, 4103, 4104, 4105, 4106, 4107, 4108, 4109, 4110, 4111, 4112, 4113, 4114, 4115, 4116, 4117, 4118, 4119, 4120, 4121, 4122, 4123, 4124, 4125, 4126, 4127, 4128, 4129, 4130, 4131, 4132, 4133]}
[C2KV POSITION DEBUG] {'forward_mode': '2', 'correction': [222], 'seq_lens': [3913], 'extend_prefix_lens': None, 'extend_seq_lens': None, 'positions': [4134]}
[C2KV POSITION DEBUG] {'forward_mode': '2', 'correction': [222], 'seq_lens': [3914], 'extend_prefix_lens': None, 'extend_seq_lens': None, 'positions': [4135]}
[C2KV POSITION DEBUG] {'forward_mode': '2', 'correction': [222], 'seq_lens': [3915], 'extend_prefix_lens': None, 'extend_seq_lens': None, 'positions': [4136]}
[C2KV POSITION DEBUG] {'forward_mode': '2', 'correction': [222], 'seq_lens': [3916], 'extend_prefix_lens': None, 'extend_seq_lens': None, 'positions': [4137]}
[C2KV POSITION DEBUG] {'forward_mode': '2', 'correction': [222], 'seq_lens': [3917], 'extend_prefix_lens': None, 'extend_seq_lens': None, 'positions': [4138]}
[C2KV POSITION DEBUG] {'forward_mode': '2', 'correction': [222], 'seq_lens': [3918], 'extend_prefix_lens': None, 'extend_seq_lens': None, 'positions': [4139]}
[C2KV POSITION DEBUG] {'forward_mode': '2', 'correction': [222], 'seq_lens': [3919], 'extend_prefix_lens': None, 'extend_seq_lens': None, 'positions': [4140]}
[C2KV POSITION DEBUG] {'forward_mode': '2', 'correction': [222], 'seq_lens': [3920], 'extend_prefix_lens': None, 'extend_seq_lens': None, 'positions': [4141]}
[C2KV POSITION DEBUG] {'forward_mode': '2', 'correction': [222], 'seq_lens': [3921], 'extend_prefix_lens': None, 'extend_seq_lens': None, 'positions': [4142]}
[C2KV POSITION DEBUG] {'forward_mode': '2', 'correction': [222], 'seq_lens': [3922], 'extend_prefix_lens': None, 'extend_seq_lens': None, 'positions': [4143]}
[C2KV POSITION DEBUG] {'forward_mode': '2', 'correction': [222], 'seq_lens': [3923], 'extend_prefix_lens': None, 'extend_seq_lens': None, 'positions': [4144]}
[C2KV POSITION DEBUG] {'forward_mode': '2', 'correction': [222], 'seq_lens': [3924], 'extend_prefix_lens': None, 'extend_seq_lens': None, 'positions': [4145]}
[C2KV POSITION DEBUG] {'forward_mode': '2', 'correction': [222], 'seq_lens': [3925], 'extend_prefix_lens': None, 'extend_seq_lens': None, 'positions': [4146]}
[C2KV POSITION DEBUG] {'forward_mode': '2', 'correction': [222], 'seq_lens': [3926], 'extend_prefix_lens': None, 'extend_seq_lens': None, 'positions': [4147]}
[C2KV POSITION DEBUG] {'forward_mode': '2', 'correction': [222], 'seq_lens': [3927], 'extend_prefix_lens': None, 'extend_seq_lens': None, 'positions': [4148]}
[C2KV POSITION DEBUG] {'forward_mode': '2', 'correction': [222], 'seq_lens': [3928], 'extend_prefix_lens': None, 'extend_seq_lens': None, 'positions': [4149]}
[C2KV POSITION DEBUG] {'forward_mode': '2', 'correction': [222], 'seq_lens': [3929], 'extend_prefix_lens': None, 'extend_seq_lens': None, 'positions': [4150]}
[C2KV POSITION DEBUG] {'forward_mode': '2', 'correction': [222], 'seq_lens': [3930], 'extend_prefix_lens': None, 'extend_seq_lens': None, 'positions': [4151]}
[C2KV POSITION DEBUG] {'forward_mode': '2', 'correction': [222], 'seq_lens': [3931], 'extend_prefix_lens': None, 'extend_seq_lens': None, 'positions': [4152]}
[C2KV POSITION DEBUG] {'forward_mode': '2', 'correction': [222], 'seq_lens': [3932], 'extend_prefix_lens': None, 'extend_seq_lens': None, 'positions': [4153]}
[C2KV POSITION DEBUG] {'forward_mode': '2', 'correction': [222], 'seq_lens': [3933], 'extend_prefix_lens': None, 'extend_seq_lens': None, 'positions': [4154]}
[C2KV POSITION DEBUG] {'forward_mode': '2', 'correction': [222], 'seq_lens': [3934], 'extend_prefix_lens': None, 'extend_seq_lens': None, 'positions': [4155]}
[C2KV POSITION DEBUG] {'forward_mode': '2', 'correction': [222], 'seq_lens': [3935], 'extend_prefix_lens': None, 'extend_seq_lens': None, 'positions': [4156]}
[C2KV POSITION DEBUG] {'forward_mode': '2', 'correction': [222], 'seq_lens': [3936], 'extend_prefix_lens': None, 'extend_seq_lens': None, 'positions': [4157]}
[C2KV POSITION DEBUG] {'forward_mode': '2', 'correction': [222], 'seq_lens': [3937], 'extend_prefix_lens': None, 'extend_seq_lens': None, 'positions': [4158]}
[C2KV POSITION DEBUG] {'forward_mode': '2', 'correction': [222], 'seq_lens': [3938], 'extend_prefix_lens': None, 'extend_seq_lens': None, 'positions': [4159]}
[C2KV POSITION DEBUG] {'forward_mode': '2', 'correction': [222], 'seq_lens': [3939], 'extend_prefix_lens': None, 'extend_seq_lens': None, 'positions': [4160]}
[C2KV POSITION DEBUG] {'forward_mode': '2', 'correction': [222], 'seq_lens': [3940], 'extend_prefix_lens': None, 'extend_seq_lens': None, 'positions': [4161]}
[C2KV POSITION DEBUG] {'forward_mode': '2', 'correction': [222], 'seq_lens': [3941], 'extend_prefix_lens': None, 'extend_seq_lens': None, 'positions': [4162]}
[C2KV POSITION DEBUG] {'forward_mode': '2', 'correction': [222], 'seq_lens': [3942], 'extend_prefix_lens': None, 'extend_seq_lens': None, 'positions': [4163]}
[C2KV POSITION DEBUG] {'forward_mode': '2', 'correction': [222], 'seq_lens': [3943], 'extend_prefix_lens': None, 'extend_seq_lens': None, 'positions': [4164]}
[C2KV POSITION DEBUG] {'forward_mode': '2', 'correction': [222], 'seq_lens': [3944], 'extend_prefix_lens': None, 'extend_seq_lens': None, 'positions': [4165]}
[C2KV POSITION DEBUG] {'forward_mode': '2', 'correction': [222], 'seq_lens': [3945], 'extend_prefix_lens': None, 'extend_seq_lens': None, 'positions': [4166]}
[C2KV POSITION DEBUG] {'forward_mode': '2', 'correction': [222], 'seq_lens': [3946], 'extend_prefix_lens': None, 'extend_seq_lens': None, 'positions': [4167]}
[C2KV POSITION DEBUG] {'forward_mode': '2', 'correction': [222], 'seq_lens': [3947], 'extend_prefix_lens': None, 'extend_seq_lens': None, 'positions': [4168]}
[C2KV POSITION DEBUG] {'forward_mode': '2', 'correction': [222], 'seq_lens': [3948], 'extend_prefix_lens': None, 'extend_seq_lens': None, 'positions': [4169]}
[C2KV POSITION DEBUG] {'forward_mode': '2', 'correction': [222], 'seq_lens': [3949], 'extend_prefix_lens': None, 'extend_seq_lens': None, 'positions': [4170]}
[C2KV POSITION DEBUG] {'forward_mode': '2', 'correction': [222], 'seq_lens': [3950], 'extend_prefix_lens': None, 'extend_seq_lens': None, 'positions': [4171]}
[C2KV POSITION DEBUG] {'forward_mode': '2', 'correction': [222], 'seq_lens': [3951], 'extend_prefix_lens': None, 'extend_seq_lens': None, 'positions': [4172]}
[C2KV POSITION DEBUG] {'forward_mode': '2', 'correction': [222], 'seq_lens': [3952], 'extend_prefix_lens': None, 'extend_seq_lens': None, 'positions': [4173]}
[C2KV POSITION DEBUG] {'forward_mode': '2', 'correction': [222], 'seq_lens': [3953], 'extend_prefix_lens': None, 'extend_seq_lens': None, 'positions': [4174]}
[C2KV POSITION DEBUG] {'forward_mode': '2', 'correction': [222], 'seq_lens': [3954], 'extend_prefix_lens': None, 'extend_seq_lens': None, 'positions': [4175]}
[C2KV POSITION DEBUG] {'forward_mode': '2', 'correction': [222], 'seq_lens': [3955], 'extend_prefix_lens': None, 'extend_seq_lens': None, 'positions': [4176]}
[C2KV POSITION DEBUG] {'forward_mode': '2', 'correction': [222], 'seq_lens': [3956], 'extend_prefix_lens': None, 'extend_seq_lens': None, 'positions': [4177]}
[C2KV POSITION DEBUG] {'forward_mode': '1', 'correction': [222], 'seq_lens': [3955], 'extend_prefix_lens': [3870], 'extend_seq_lens': [85], 'positions': [4092, 4093, 4094, 4095, 4096, 4097, 4098, 4099, 4100, 4101, 4102, 4103, 4104, 4105, 4106, 4107, 4108, 4109, 4110, 4111, 4112, 4113, 4114, 4115, 4116, 4117, 4118, 4119, 4120, 4121, 4122, 4123, 4124, 4125, 4126, 4127, 4128, 4129, 4130, 4131, 4132, 4133, 4134, 4135, 4136, 4137, 4138, 4139, 4140, 4141, 4142, 4143, 4144, 4145, 4146, 4147, 4148, 4149, 4150, 4151, 4152, 4153, 4154, 4155, 4156, 4157, 4158, 4159, 4160, 4161, 4162, 4163, 4164, 4165, 4166, 4167, 4168, 4169, 4170, 4171, 4172, 4173, 4174, 4175, 4176]}
[C2KV POSITION DEBUG] {'forward_mode': '2', 'correction': [222], 'seq_lens': [3956], 'extend_prefix_lens': None, 'extend_seq_lens': None, 'positions': [4177]}
[C2KV POSITION DEBUG] {'forward_mode': '2', 'correction': [222], 'seq_lens': [3957], 'extend_prefix_lens': None, 'extend_seq_lens': None, 'positions': [4178]}
[C2KV POSITION DEBUG] {'forward_mode': '2', 'correction': [222], 'seq_lens': [3958], 'extend_prefix_lens': None, 'extend_seq_lens': None, 'positions': [4179]}
[C2KV POSITION DEBUG] {'forward_mode': '2', 'correction': [222], 'seq_lens': [3959], 'extend_prefix_lens': None, 'extend_seq_lens': None, 'positions': [4180]}
[C2KV POSITION DEBUG] {'forward_mode': '2', 'correction': [222], 'seq_lens': [3960], 'extend_prefix_lens': None, 'extend_seq_lens': None, 'positions': [4181]}
[C2KV POSITION DEBUG] {'forward_mode': '2', 'correction': [222], 'seq_lens': [3961], 'extend_prefix_lens': None, 'extend_seq_lens': None, 'positions': [4182]}
[C2KV POSITION DEBUG] {'forward_mode': '2', 'correction': [222], 'seq_lens': [3962], 'extend_prefix_lens': None, 'extend_seq_lens': None, 'positions': [4183]}
[C2KV POSITION DEBUG] {'forward_mode': '2', 'correction': [222], 'seq_lens': [3963], 'extend_prefix_lens': None, 'extend_seq_lens': None, 'positions': [4184]}
[C2KV POSITION DEBUG] {'forward_mode': '2', 'correction': [222], 'seq_lens': [3964], 'extend_prefix_lens': None, 'extend_seq_lens': None, 'positions': [4185]}
[C2KV POSITION DEBUG] {'forward_mode': '2', 'correction': [222], 'seq_lens': [3965], 'extend_prefix_lens': None, 'extend_seq_lens': None, 'positions': [4186]}
[C2KV POSITION DEBUG] {'forward_mode': '2', 'correction': [222], 'seq_lens': [3966], 'extend_prefix_lens': None, 'extend_seq_lens': None, 'positions': [4187]}
[C2KV POSITION DEBUG] {'forward_mode': '2', 'correction': [222], 'seq_lens': [3967], 'extend_prefix_lens': None, 'extend_seq_lens': None, 'positions': [4188]}
[C2KV POSITION DEBUG] {'forward_mode': '2', 'correction': [222], 'seq_lens': [3968], 'extend_prefix_lens': None, 'extend_seq_lens': None, 'positions': [4189]}
[C2KV POSITION DEBUG] {'forward_mode': '2', 'correction': [222], 'seq_lens': [3969], 'extend_prefix_lens': None, 'extend_seq_lens': None, 'positions': [4190]}
[C2KV POSITION DEBUG] {'forward_mode': '2', 'correction': [222], 'seq_lens': [3970], 'extend_prefix_lens': None, 'extend_seq_lens': None, 'positions': [4191]}
[C2KV POSITION DEBUG] {'forward_mode': '2', 'correction': [222], 'seq_lens': [3971], 'extend_prefix_lens': None, 'extend_seq_lens': None, 'positions': [4192]}
[C2KV POSITION DEBUG] {'forward_mode': '2', 'correction': [222], 'seq_lens': [3972], 'extend_prefix_lens': None, 'extend_seq_lens': None, 'positions': [4193]}
[C2KV POSITION DEBUG] {'forward_mode': '2', 'correction': [222], 'seq_lens': [3973], 'extend_prefix_lens': None, 'extend_seq_lens': None, 'positions': [4194]}
[C2KV POSITION DEBUG] {'forward_mode': '2', 'correction': [222], 'seq_lens': [3974], 'extend_prefix_lens': None, 'extend_seq_lens': None, 'positions': [4195]}
[C2KV POSITION DEBUG] {'forward_mode': '2', 'correction': [222], 'seq_lens': [3975], 'extend_prefix_lens': None, 'extend_seq_lens': None, 'positions': [4196]}
[C2KV POSITION DEBUG] {'forward_mode': '2', 'correction': [222], 'seq_lens': [3976], 'extend_prefix_lens': None, 'extend_seq_lens': None, 'positions': [4197]}
[C2KV POSITION DEBUG] {'forward_mode': '2', 'correction': [222], 'seq_lens': [3977], 'extend_prefix_lens': None, 'extend_seq_lens': None, 'positions': [4198]}
[C2KV POSITION DEBUG] {'forward_mode': '2', 'correction': [222], 'seq_lens': [3978], 'extend_prefix_lens': None, 'extend_seq_lens': None, 'positions': [4199]}
[C2KV POSITION DEBUG] {'forward_mode': '2', 'correction': [222], 'seq_lens': [3979], 'extend_prefix_lens': None, 'extend_seq_lens': None, 'positions': [4200]}
[C2KV POSITION DEBUG] {'forward_mode': '2', 'correction': [222], 'seq_lens': [3980], 'extend_prefix_lens': None, 'extend_seq_lens': None, 'positions': [4201]}
[C2KV POSITION DEBUG] {'forward_mode': '2', 'correction': [222], 'seq_lens': [3981], 'extend_prefix_lens': None, 'extend_seq_lens': None, 'positions': [4202]}
[C2KV POSITION DEBUG] {'forward_mode': '2', 'correction': [222], 'seq_lens': [3982], 'extend_prefix_lens': None, 'extend_seq_lens': None, 'positions': [4203]}
[C2KV POSITION DEBUG] {'forward_mode': '2', 'correction': [222], 'seq_lens': [3983], 'extend_prefix_lens': None, 'extend_seq_lens': None, 'positions': [4204]}
[C2KV POSITION DEBUG] {'forward_mode': '2', 'correction': [222], 'seq_lens': [3984], 'extend_prefix_lens': None, 'extend_seq_lens': None, 'positions': [4205]}
[C2KV POSITION DEBUG] {'forward_mode': '2', 'correction': [222], 'seq_lens': [3985], 'extend_prefix_lens': None, 'extend_seq_lens': None, 'positions': [4206]}
[C2KV POSITION DEBUG] {'forward_mode': '2', 'correction': [222], 'seq_lens': [3986], 'extend_prefix_lens': None, 'extend_seq_lens': None, 'positions': [4207]}
[C2KV POSITION DEBUG] {'forward_mode': '2', 'correction': [222], 'seq_lens': [3987], 'extend_prefix_lens': None, 'extend_seq_lens': None, 'positions': [4208]}
[C2KV POSITION DEBUG] {'forward_mode': '2', 'correction': [222], 'seq_lens': [3988], 'extend_prefix_lens': None, 'extend_seq_lens': None, 'positions': [4209]}
[C2KV POSITION DEBUG] {'forward_mode': '2', 'correction': [222], 'seq_lens': [3989], 'extend_prefix_lens': None, 'extend_seq_lens': None, 'positions': [4210]}
[C2KV POSITION DEBUG] {'forward_mode': '2', 'correction': [222], 'seq_lens': [3990], 'extend_prefix_lens': None, 'extend_seq_lens': None, 'positions': [4211]}
[C2KV POSITION DEBUG] {'forward_mode': '2', 'correction': [222], 'seq_lens': [3991], 'extend_prefix_lens': None, 'extend_seq_lens': None, 'positions': [4212]}
[C2KV POSITION DEBUG] {'forward_mode': '2', 'correction': [222], 'seq_lens': [3992], 'extend_prefix_lens': None, 'extend_seq_lens': None, 'positions': [4213]}
[C2KV POSITION DEBUG] {'forward_mode': '2', 'correction': [222], 'seq_lens': [3993], 'extend_prefix_lens': None, 'extend_seq_lens': None, 'positions': [4214]}
[C2KV POSITION DEBUG] {'forward_mode': '2', 'correction': [222], 'seq_lens': [3994], 'extend_prefix_lens': None, 'extend_seq_lens': None, 'positions': [4215]}
[C2KV POSITION DEBUG] {'forward_mode': '2', 'correction': [222], 'seq_lens': [3995], 'extend_prefix_lens': None, 'extend_seq_lens': None, 'positions': [4216]}
[C2KV POSITION DEBUG] {'forward_mode': '2', 'correction': [222], 'seq_lens': [3996], 'extend_prefix_lens': None, 'extend_seq_lens': None, 'positions': [4217]}
[C2KV POSITION DEBUG] {'forward_mode': '2', 'correction': [222], 'seq_lens': [3997], 'extend_prefix_lens': None, 'extend_seq_lens': None, 'positions': [4218]}
[C2KV POSITION DEBUG] {'forward_mode': '2', 'correction': [222], 'seq_lens': [3998], 'extend_prefix_lens': None, 'extend_seq_lens': None, 'positions': [4219]}
[C2KV POSITION DEBUG] {'forward_mode': '2', 'correction': [222], 'seq_lens': [3999], 'extend_prefix_lens': None, 'extend_seq_lens': None, 'positions': [4220]}
[C2KV POSITION DEBUG] {'forward_mode': '2', 'correction': [222], 'seq_lens': [4000], 'extend_prefix_lens': None, 'extend_seq_lens': None, 'positions': [4221]}
[C2KV POSITION DEBUG] {'forward_mode': '2', 'correction': [222], 'seq_lens': [4001], 'extend_prefix_lens': None, 'extend_seq_lens': None, 'positions': [4222]}
[C2KV POSITION DEBUG] {'forward_mode': '2', 'correction': [222], 'seq_lens': [4002], 'extend_prefix_lens': None, 'extend_seq_lens': None, 'positions': [4223]}
[C2KV POSITION DEBUG] {'forward_mode': '2', 'correction': [222], 'seq_lens': [4003], 'extend_prefix_lens': None, 'extend_seq_lens': None, 'positions': [4224]}
[C2KV POSITION DEBUG] {'forward_mode': '2', 'correction': [222], 'seq_lens': [4004], 'extend_prefix_lens': None, 'extend_seq_lens': None, 'positions': [4225]}
[C2KV POSITION DEBUG] {'forward_mode': '2', 'correction': [222], 'seq_lens': [4005], 'extend_prefix_lens': None, 'extend_seq_lens': None, 'positions': [4226]}
[C2KV POSITION DEBUG] {'forward_mode': '2', 'correction': [222], 'seq_lens': [4006], 'extend_prefix_lens': None, 'extend_seq_lens': None, 'positions': [4227]}
[C2KV POSITION DEBUG] {'forward_mode': '2', 'correction': [222], 'seq_lens': [4007], 'extend_prefix_lens': None, 'extend_seq_lens': None, 'positions': [4228]}
[C2KV POSITION DEBUG] {'forward_mode': '2', 'correction': [222], 'seq_lens': [4008], 'extend_prefix_lens': None, 'extend_seq_lens': None, 'positions': [4229]}
[C2KV POSITION DEBUG] {'forward_mode': '2', 'correction': [222], 'seq_lens': [4009], 'extend_prefix_lens': None, 'extend_seq_lens': None, 'positions': [4230]}
[C2KV POSITION DEBUG] {'forward_mode': '2', 'correction': [222], 'seq_lens': [4010], 'extend_prefix_lens': None, 'extend_seq_lens': None, 'positions': [4231]}
[C2KV POSITION DEBUG] {'forward_mode': '2', 'correction': [222], 'seq_lens': [4011], 'extend_prefix_lens': None, 'extend_seq_lens': None, 'positions': [4232]}
[C2KV POSITION DEBUG] {'forward_mode': '2', 'correction': [222], 'seq_lens': [4012], 'extend_prefix_lens': None, 'extend_seq_lens': None, 'positions': [4233]}
[C2KV POSITION DEBUG] {'forward_mode': '2', 'correction': [222], 'seq_lens': [4013], 'extend_prefix_lens': None, 'extend_seq_lens': None, 'positions': [4234]}
[C2KV POSITION DEBUG] {'forward_mode': '2', 'correction': [222], 'seq_lens': [4014], 'extend_prefix_lens': None, 'extend_seq_lens': None, 'positions': [4235]}
[C2KV POSITION DEBUG] {'forward_mode': '2', 'correction': [222], 'seq_lens': [4015], 'extend_prefix_lens': None, 'extend_seq_lens': None, 'positions': [4236]}
[C2KV POSITION DEBUG] {'forward_mode': '2', 'correction': [222], 'seq_lens': [4016], 'extend_prefix_lens': None, 'extend_seq_lens': None, 'positions': [4237]}
[C2KV POSITION DEBUG] {'forward_mode': '2', 'correction': [222], 'seq_lens': [4017], 'extend_prefix_lens': None, 'extend_seq_lens': None, 'positions': [4238]}
[C2KV POSITION DEBUG] {'forward_mode': '2', 'correction': [222], 'seq_lens': [4018], 'extend_prefix_lens': None, 'extend_seq_lens': None, 'positions': [4239]}
[C2KV POSITION DEBUG] {'forward_mode': '1', 'correction': [111], 'seq_lens': [4023], 'extend_prefix_lens': [3981], 'extend_seq_lens': [42], 'positions': [4092, 4093, 4094, 4095, 4096, 4097, 4098, 4099, 4100, 4101, 4102, 4103, 4104, 4105, 4106, 4107, 4108, 4109, 4110, 4111, 4112, 4113, 4114, 4115, 4116, 4117, 4118, 4119, 4120, 4121, 4122, 4123, 4124, 4125, 4126, 4127, 4128, 4129, 4130, 4131, 4132, 4133]}
[C2KV POSITION DEBUG] {'forward_mode': '2', 'correction': [111], 'seq_lens': [4024], 'extend_prefix_lens': None, 'extend_seq_lens': None, 'positions': [4134]}
[C2KV POSITION DEBUG] {'forward_mode': '2', 'correction': [111], 'seq_lens': [4025], 'extend_prefix_lens': None, 'extend_seq_lens': None, 'positions': [4135]}
[C2KV POSITION DEBUG] {'forward_mode': '2', 'correction': [111], 'seq_lens': [4026], 'extend_prefix_lens': None, 'extend_seq_lens': None, 'positions': [4136]}
[C2KV POSITION DEBUG] {'forward_mode': '2', 'correction': [111], 'seq_lens': [4027], 'extend_prefix_lens': None, 'extend_seq_lens': None, 'positions': [4137]}
[C2KV POSITION DEBUG] {'forward_mode': '2', 'correction': [111], 'seq_lens': [4028], 'extend_prefix_lens': None, 'extend_seq_lens': None, 'positions': [4138]}
[C2KV POSITION DEBUG] {'forward_mode': '2', 'correction': [111], 'seq_lens': [4029], 'extend_prefix_lens': None, 'extend_seq_lens': None, 'positions': [4139]}
[C2KV POSITION DEBUG] {'forward_mode': '2', 'correction': [111], 'seq_lens': [4030], 'extend_prefix_lens': None, 'extend_seq_lens': None, 'positions': [4140]}
[C2KV POSITION DEBUG] {'forward_mode': '2', 'correction': [111], 'seq_lens': [4031], 'extend_prefix_lens': None, 'extend_seq_lens': None, 'positions': [4141]}
[C2KV POSITION DEBUG] {'forward_mode': '2', 'correction': [111], 'seq_lens': [4032], 'extend_prefix_lens': None, 'extend_seq_lens': None, 'positions': [4142]}
[C2KV POSITION DEBUG] {'forward_mode': '2', 'correction': [111], 'seq_lens': [4033], 'extend_prefix_lens': None, 'extend_seq_lens': None, 'positions': [4143]}
[C2KV POSITION DEBUG] {'forward_mode': '2', 'correction': [111], 'seq_lens': [4034], 'extend_prefix_lens': None, 'extend_seq_lens': None, 'positions': [4144]}
[C2KV POSITION DEBUG] {'forward_mode': '2', 'correction': [111], 'seq_lens': [4035], 'extend_prefix_lens': None, 'extend_seq_lens': None, 'positions': [4145]}
[C2KV POSITION DEBUG] {'forward_mode': '2', 'correction': [111], 'seq_lens': [4036], 'extend_prefix_lens': None, 'extend_seq_lens': None, 'positions': [4146]}
[C2KV POSITION DEBUG] {'forward_mode': '2', 'correction': [111], 'seq_lens': [4037], 'extend_prefix_lens': None, 'extend_seq_lens': None, 'positions': [4147]}
[C2KV POSITION DEBUG] {'forward_mode': '2', 'correction': [111], 'seq_lens': [4038], 'extend_prefix_lens': None, 'extend_seq_lens': None, 'positions': [4148]}
[C2KV POSITION DEBUG] {'forward_mode': '2', 'correction': [111], 'seq_lens': [4039], 'extend_prefix_lens': None, 'extend_seq_lens': None, 'positions': [4149]}
[C2KV POSITION DEBUG] {'forward_mode': '2', 'correction': [111], 'seq_lens': [4040], 'extend_prefix_lens': None, 'extend_seq_lens': None, 'positions': [4150]}
[C2KV POSITION DEBUG] {'forward_mode': '2', 'correction': [111], 'seq_lens': [4041], 'extend_prefix_lens': None, 'extend_seq_lens': None, 'positions': [4151]}
[C2KV POSITION DEBUG] {'forward_mode': '2', 'correction': [111], 'seq_lens': [4042], 'extend_prefix_lens': None, 'extend_seq_lens': None, 'positions': [4152]}
[C2KV POSITION DEBUG] {'forward_mode': '2', 'correction': [111], 'seq_lens': [4043], 'extend_prefix_lens': None, 'extend_seq_lens': None, 'positions': [4153]}
[C2KV POSITION DEBUG] {'forward_mode': '2', 'correction': [111], 'seq_lens': [4044], 'extend_prefix_lens': None, 'extend_seq_lens': None, 'positions': [4154]}
[C2KV POSITION DEBUG] {'forward_mode': '2', 'correction': [111], 'seq_lens': [4045], 'extend_prefix_lens': None, 'extend_seq_lens': None, 'positions': [4155]}
[C2KV POSITION DEBUG] {'forward_mode': '2', 'correction': [111], 'seq_lens': [4046], 'extend_prefix_lens': None, 'extend_seq_lens': None, 'positions': [4156]}
[C2KV POSITION DEBUG] {'forward_mode': '2', 'correction': [111], 'seq_lens': [4047], 'extend_prefix_lens': None, 'extend_seq_lens': None, 'positions': [4157]}
[C2KV POSITION DEBUG] {'forward_mode': '2', 'correction': [111], 'seq_lens': [4048], 'extend_prefix_lens': None, 'extend_seq_lens': None, 'positions': [4158]}
[C2KV POSITION DEBUG] {'forward_mode': '2', 'correction': [111], 'seq_lens': [4049], 'extend_prefix_lens': None, 'extend_seq_lens': None, 'positions': [4159]}
[C2KV POSITION DEBUG] {'forward_mode': '2', 'correction': [111], 'seq_lens': [4050], 'extend_prefix_lens': None, 'extend_seq_lens': None, 'positions': [4160]}
[C2KV POSITION DEBUG] {'forward_mode': '2', 'correction': [111], 'seq_lens': [4051], 'extend_prefix_lens': None, 'extend_seq_lens': None, 'positions': [4161]}
[C2KV POSITION DEBUG] {'forward_mode': '2', 'correction': [111], 'seq_lens': [4052], 'extend_prefix_lens': None, 'extend_seq_lens': None, 'positions': [4162]}
[C2KV POSITION DEBUG] {'forward_mode': '2', 'correction': [111], 'seq_lens': [4053], 'extend_prefix_lens': None, 'extend_seq_lens': None, 'positions': [4163]}
[C2KV POSITION DEBUG] {'forward_mode': '2', 'correction': [111], 'seq_lens': [4054], 'extend_prefix_lens': None, 'extend_seq_lens': None, 'positions': [4164]}
[C2KV POSITION DEBUG] {'forward_mode': '2', 'correction': [111], 'seq_lens': [4055], 'extend_prefix_lens': None, 'extend_seq_lens': None, 'positions': [4165]}
[C2KV POSITION DEBUG] {'forward_mode': '2', 'correction': [111], 'seq_lens': [4056], 'extend_prefix_lens': None, 'extend_seq_lens': None, 'positions': [4166]}
[C2KV POSITION DEBUG] {'forward_mode': '2', 'correction': [111], 'seq_lens': [4057], 'extend_prefix_lens': None, 'extend_seq_lens': None, 'positions': [4167]}
[C2KV POSITION DEBUG] {'forward_mode': '2', 'correction': [111], 'seq_lens': [4058], 'extend_prefix_lens': None, 'extend_seq_lens': None, 'positions': [4168]}
[C2KV POSITION DEBUG] {'forward_mode': '2', 'correction': [111], 'seq_lens': [4059], 'extend_prefix_lens': None, 'extend_seq_lens': None, 'positions': [4169]}
[C2KV POSITION DEBUG] {'forward_mode': '2', 'correction': [111], 'seq_lens': [4060], 'extend_prefix_lens': None, 'extend_seq_lens': None, 'positions': [4170]}
[C2KV POSITION DEBUG] {'forward_mode': '2', 'correction': [111], 'seq_lens': [4061], 'extend_prefix_lens': None, 'extend_seq_lens': None, 'positions': [4171]}
[C2KV POSITION DEBUG] {'forward_mode': '2', 'correction': [111], 'seq_lens': [4062], 'extend_prefix_lens': None, 'extend_seq_lens': None, 'positions': [4172]}
[C2KV POSITION DEBUG] {'forward_mode': '2', 'correction': [111], 'seq_lens': [4063], 'extend_prefix_lens': None, 'extend_seq_lens': None, 'positions': [4173]}
[C2KV POSITION DEBUG] {'forward_mode': '2', 'correction': [111], 'seq_lens': [4064], 'extend_prefix_lens': None, 'extend_seq_lens': None, 'positions': [4174]}
[C2KV POSITION DEBUG] {'forward_mode': '2', 'correction': [111], 'seq_lens': [4065], 'extend_prefix_lens': None, 'extend_seq_lens': None, 'positions': [4175]}
[C2KV POSITION DEBUG] {'forward_mode': '2', 'correction': [111], 'seq_lens': [4066], 'extend_prefix_lens': None, 'extend_seq_lens': None, 'positions': [4176]}
[C2KV POSITION DEBUG] {'forward_mode': '2', 'correction': [111], 'seq_lens': [4067], 'extend_prefix_lens': None, 'extend_seq_lens': None, 'positions': [4177]}
[C2KV POSITION DEBUG] {'forward_mode': '2', 'correction': [111], 'seq_lens': [4068], 'extend_prefix_lens': None, 'extend_seq_lens': None, 'positions': [4178]}
[C2KV POSITION DEBUG] {'forward_mode': '2', 'correction': [111], 'seq_lens': [4069], 'extend_prefix_lens': None, 'extend_seq_lens': None, 'positions': [4179]}
[C2KV POSITION DEBUG] {'forward_mode': '2', 'correction': [111], 'seq_lens': [4070], 'extend_prefix_lens': None, 'extend_seq_lens': None, 'positions': [4180]}
[C2KV POSITION DEBUG] {'forward_mode': '2', 'correction': [111], 'seq_lens': [4071], 'extend_prefix_lens': None, 'extend_seq_lens': None, 'positions': [4181]}
[C2KV POSITION DEBUG] {'forward_mode': '2', 'correction': [111], 'seq_lens': [4072], 'extend_prefix_lens': None, 'extend_seq_lens': None, 'positions': [4182]}
[C2KV POSITION DEBUG] {'forward_mode': '2', 'correction': [111], 'seq_lens': [4073], 'extend_prefix_lens': None, 'extend_seq_lens': None, 'positions': [4183]}
[C2KV POSITION DEBUG] {'forward_mode': '2', 'correction': [111], 'seq_lens': [4074], 'extend_prefix_lens': None, 'extend_seq_lens': None, 'positions': [4184]}
[C2KV POSITION DEBUG] {'forward_mode': '2', 'correction': [111], 'seq_lens': [4075], 'extend_prefix_lens': None, 'extend_seq_lens': None, 'positions': [4185]}
[C2KV POSITION DEBUG] {'forward_mode': '2', 'correction': [111], 'seq_lens': [4076], 'extend_prefix_lens': None, 'extend_seq_lens': None, 'positions': [4186]}
[C2KV POSITION DEBUG] {'forward_mode': '2', 'correction': [111], 'seq_lens': [4077], 'extend_prefix_lens': None, 'extend_seq_lens': None, 'positions': [4187]}
[C2KV POSITION DEBUG] {'forward_mode': '2', 'correction': [111], 'seq_lens': [4078], 'extend_prefix_lens': None, 'extend_seq_lens': None, 'positions': [4188]}
[C2KV POSITION DEBUG] {'forward_mode': '2', 'correction': [111], 'seq_lens': [4079], 'extend_prefix_lens': None, 'extend_seq_lens': None, 'positions': [4189]}
[C2KV POSITION DEBUG] {'forward_mode': '2', 'correction': [111], 'seq_lens': [4080], 'extend_prefix_lens': None, 'extend_seq_lens': None, 'positions': [4190]}
[C2KV POSITION DEBUG] {'forward_mode': '2', 'correction': [111], 'seq_lens': [4081], 'extend_prefix_lens': None, 'extend_seq_lens': None, 'positions': [4191]}
[C2KV POSITION DEBUG] {'forward_mode': '2', 'correction': [111], 'seq_lens': [4082], 'extend_prefix_lens': None, 'extend_seq_lens': None, 'positions': [4192]}
[C2KV POSITION DEBUG] {'forward_mode': '2', 'correction': [111], 'seq_lens': [4083], 'extend_prefix_lens': None, 'extend_seq_lens': None, 'positions': [4193]}
[C2KV POSITION DEBUG] {'forward_mode': '2', 'correction': [111], 'seq_lens': [4084], 'extend_prefix_lens': None, 'extend_seq_lens': None, 'positions': [4194]}
[C2KV POSITION DEBUG] {'forward_mode': '2', 'correction': [111], 'seq_lens': [4085], 'extend_prefix_lens': None, 'extend_seq_lens': None, 'positions': [4195]}
[C2KV POSITION DEBUG] {'forward_mode': '2', 'correction': [111], 'seq_lens': [4086], 'extend_prefix_lens': None, 'extend_seq_lens': None, 'positions': [4196]}
[C2KV POSITION DEBUG] {'forward_mode': '2', 'correction': [111], 'seq_lens': [4087], 'extend_prefix_lens': None, 'extend_seq_lens': None, 'positions': [4197]}
[C2KV POSITION DEBUG] {'forward_mode': '2', 'correction': [111], 'seq_lens': [4088], 'extend_prefix_lens': None, 'extend_seq_lens': None, 'positions': [4198]}
[C2KV POSITION DEBUG] {'forward_mode': '2', 'correction': [111], 'seq_lens': [4089], 'extend_prefix_lens': None, 'extend_seq_lens': None, 'positions': [4199]}
[C2KV POSITION DEBUG] {'forward_mode': '2', 'correction': [111], 'seq_lens': [4090], 'extend_prefix_lens': None, 'extend_seq_lens': None, 'positions': [4200]}
[C2KV POSITION DEBUG] {'forward_mode': '2', 'correction': [111], 'seq_lens': [4091], 'extend_prefix_lens': None, 'extend_seq_lens': None, 'positions': [4201]}
[C2KV POSITION DEBUG] {'forward_mode': '2', 'correction': [111], 'seq_lens': [4092], 'extend_prefix_lens': None, 'extend_seq_lens': None, 'positions': [4202]}
[C2KV POSITION DEBUG] {'forward_mode': '2', 'correction': [111], 'seq_lens': [4093], 'extend_prefix_lens': None, 'extend_seq_lens': None, 'positions': [4203]}
[C2KV POSITION DEBUG] {'forward_mode': '2', 'correction': [111], 'seq_lens': [4094], 'extend_prefix_lens': None, 'extend_seq_lens': None, 'positions': [4204]}
[C2KV POSITION DEBUG] {'forward_mode': '2', 'correction': [111], 'seq_lens': [4095], 'extend_prefix_lens': None, 'extend_seq_lens': None, 'positions': [4205]}
[C2KV POSITION DEBUG] {'forward_mode': '1', 'correction': [111], 'seq_lens': [4066], 'extend_prefix_lens': [3981], 'extend_seq_lens': [85], 'positions': [4092, 4093, 4094, 4095, 4096, 4097, 4098, 4099, 4100, 4101, 4102, 4103, 4104, 4105, 4106, 4107, 4108, 4109, 4110, 4111, 4112, 4113, 4114, 4115, 4116, 4117, 4118, 4119, 4120, 4121, 4122, 4123, 4124, 4125, 4126, 4127, 4128, 4129, 4130, 4131, 4132, 4133, 4134, 4135, 4136, 4137, 4138, 4139, 4140, 4141, 4142, 4143, 4144, 4145, 4146, 4147, 4148, 4149, 4150, 4151, 4152, 4153, 4154, 4155, 4156, 4157, 4158, 4159, 4160, 4161, 4162, 4163, 4164, 4165, 4166, 4167, 4168, 4169, 4170, 4171, 4172, 4173, 4174, 4175, 4176]}
[C2KV POSITION DEBUG] {'forward_mode': '2', 'correction': [111], 'seq_lens': [4067], 'extend_prefix_lens': None, 'extend_seq_lens': None, 'positions': [4177]}
[C2KV POSITION DEBUG] {'forward_mode': '2', 'correction': [111], 'seq_lens': [4068], 'extend_prefix_lens': None, 'extend_seq_lens': None, 'positions': [4178]}
[C2KV POSITION DEBUG] {'forward_mode': '2', 'correction': [111], 'seq_lens': [4069], 'extend_prefix_lens': None, 'extend_seq_lens': None, 'positions': [4179]}
[C2KV POSITION DEBUG] {'forward_mode': '2', 'correction': [111], 'seq_lens': [4070], 'extend_prefix_lens': None, 'extend_seq_lens': None, 'positions': [4180]}
[C2KV POSITION DEBUG] {'forward_mode': '2', 'correction': [111], 'seq_lens': [4071], 'extend_prefix_lens': None, 'extend_seq_lens': None, 'positions': [4181]}
[C2KV POSITION DEBUG] {'forward_mode': '2', 'correction': [111], 'seq_lens': [4072], 'extend_prefix_lens': None, 'extend_seq_lens': None, 'positions': [4182]}
[C2KV POSITION DEBUG] {'forward_mode': '2', 'correction': [111], 'seq_lens': [4073], 'extend_prefix_lens': None, 'extend_seq_lens': None, 'positions': [4183]}
[C2KV POSITION DEBUG] {'forward_mode': '2', 'correction': [111], 'seq_lens': [4074], 'extend_prefix_lens': None, 'extend_seq_lens': None, 'positions': [4184]}
[C2KV POSITION DEBUG] {'forward_mode': '2', 'correction': [111], 'seq_lens': [4075], 'extend_prefix_lens': None, 'extend_seq_lens': None, 'positions': [4185]}
[C2KV POSITION DEBUG] {'forward_mode': '2', 'correction': [111], 'seq_lens': [4076], 'extend_prefix_lens': None, 'extend_seq_lens': None, 'positions': [4186]}
[C2KV POSITION DEBUG] {'forward_mode': '2', 'correction': [111], 'seq_lens': [4077], 'extend_prefix_lens': None, 'extend_seq_lens': None, 'positions': [4187]}
[C2KV POSITION DEBUG] {'forward_mode': '2', 'correction': [111], 'seq_lens': [4078], 'extend_prefix_lens': None, 'extend_seq_lens': None, 'positions': [4188]}
[C2KV POSITION DEBUG] {'forward_mode': '2', 'correction': [111], 'seq_lens': [4079], 'extend_prefix_lens': None, 'extend_seq_lens': None, 'positions': [4189]}
[C2KV POSITION DEBUG] {'forward_mode': '2', 'correction': [111], 'seq_lens': [4080], 'extend_prefix_lens': None, 'extend_seq_lens': None, 'positions': [4190]}
[C2KV POSITION DEBUG] {'forward_mode': '2', 'correction': [111], 'seq_lens': [4081], 'extend_prefix_lens': None, 'extend_seq_lens': None, 'positions': [4191]}
[C2KV POSITION DEBUG] {'forward_mode': '2', 'correction': [111], 'seq_lens': [4082], 'extend_prefix_lens': None, 'extend_seq_lens': None, 'positions': [4192]}
[C2KV POSITION DEBUG] {'forward_mode': '2', 'correction': [111], 'seq_lens': [4083], 'extend_prefix_lens': None, 'extend_seq_lens': None, 'positions': [4193]}
[C2KV POSITION DEBUG] {'forward_mode': '2', 'correction': [111], 'seq_lens': [4084], 'extend_prefix_lens': None, 'extend_seq_lens': None, 'positions': [4194]}
[C2KV POSITION DEBUG] {'forward_mode': '2', 'correction': [111], 'seq_lens': [4085], 'extend_prefix_lens': None, 'extend_seq_lens': None, 'positions': [4195]}
[C2KV POSITION DEBUG] {'forward_mode': '2', 'correction': [111], 'seq_lens': [4086], 'extend_prefix_lens': None, 'extend_seq_lens': None, 'positions': [4196]}
[C2KV POSITION DEBUG] {'forward_mode': '2', 'correction': [111], 'seq_lens': [4087], 'extend_prefix_lens': None, 'extend_seq_lens': None, 'positions': [4197]}
[C2KV POSITION DEBUG] {'forward_mode': '2', 'correction': [111], 'seq_lens': [4088], 'extend_prefix_lens': None, 'extend_seq_lens': None, 'positions': [4198]}
[C2KV POSITION DEBUG] {'forward_mode': '2', 'correction': [111], 'seq_lens': [4089], 'extend_prefix_lens': None, 'extend_seq_lens': None, 'positions': [4199]}
[C2KV POSITION DEBUG] {'forward_mode': '2', 'correction': [111], 'seq_lens': [4090], 'extend_prefix_lens': None, 'extend_seq_lens': None, 'positions': [4200]}
[C2KV POSITION DEBUG] {'forward_mode': '2', 'correction': [111], 'seq_lens': [4091], 'extend_prefix_lens': None, 'extend_seq_lens': None, 'positions': [4201]}
[C2KV POSITION DEBUG] {'forward_mode': '2', 'correction': [111], 'seq_lens': [4092], 'extend_prefix_lens': None, 'extend_seq_lens': None, 'positions': [4202]}
[C2KV POSITION DEBUG] {'forward_mode': '2', 'correction': [111], 'seq_lens': [4093], 'extend_prefix_lens': None, 'extend_seq_lens': None, 'positions': [4203]}
[C2KV POSITION DEBUG] {'forward_mode': '2', 'correction': [111], 'seq_lens': [4094], 'extend_prefix_lens': None, 'extend_seq_lens': None, 'positions': [4204]}
[C2KV POSITION DEBUG] {'forward_mode': '2', 'correction': [111], 'seq_lens': [4095], 'extend_prefix_lens': None, 'extend_seq_lens': None, 'positions': [4205]}
[C2KV POSITION DEBUG] {'forward_mode': '2', 'correction': [111], 'seq_lens': [4096], 'extend_prefix_lens': None, 'extend_seq_lens': None, 'positions': [4206]}
[C2KV POSITION DEBUG] {'forward_mode': '2', 'correction': [111], 'seq_lens': [4097], 'extend_prefix_lens': None, 'extend_seq_lens': None, 'positions': [4207]}
[C2KV POSITION DEBUG] {'forward_mode': '2', 'correction': [111], 'seq_lens': [4098], 'extend_prefix_lens': None, 'extend_seq_lens': None, 'positions': [4208]}
[C2KV POSITION DEBUG] {'forward_mode': '2', 'correction': [111], 'seq_lens': [4099], 'extend_prefix_lens': None, 'extend_seq_lens': None, 'positions': [4209]}
[C2KV POSITION DEBUG] {'forward_mode': '2', 'correction': [111], 'seq_lens': [4100], 'extend_prefix_lens': None, 'extend_seq_lens': None, 'positions': [4210]}
[C2KV POSITION DEBUG] {'forward_mode': '2', 'correction': [111], 'seq_lens': [4101], 'extend_prefix_lens': None, 'extend_seq_lens': None, 'positions': [4211]}
[C2KV POSITION DEBUG] {'forward_mode': '2', 'correction': [111], 'seq_lens': [4102], 'extend_prefix_lens': None, 'extend_seq_lens': None, 'positions': [4212]}
[C2KV POSITION DEBUG] {'forward_mode': '2', 'correction': [111], 'seq_lens': [4103], 'extend_prefix_lens': None, 'extend_seq_lens': None, 'positions': [4213]}
[C2KV POSITION DEBUG] {'forward_mode': '2', 'correction': [111], 'seq_lens': [4104], 'extend_prefix_lens': None, 'extend_seq_lens': None, 'positions': [4214]}
[C2KV POSITION DEBUG] {'forward_mode': '2', 'correction': [111], 'seq_lens': [4105], 'extend_prefix_lens': None, 'extend_seq_lens': None, 'positions': [4215]}
[C2KV POSITION DEBUG] {'forward_mode': '2', 'correction': [111], 'seq_lens': [4106], 'extend_prefix_lens': None, 'extend_seq_lens': None, 'positions': [4216]}
[C2KV POSITION DEBUG] {'forward_mode': '2', 'correction': [111], 'seq_lens': [4107], 'extend_prefix_lens': None, 'extend_seq_lens': None, 'positions': [4217]}
[C2KV POSITION DEBUG] {'forward_mode': '2', 'correction': [111], 'seq_lens': [4108], 'extend_prefix_lens': None, 'extend_seq_lens': None, 'positions': [4218]}
[C2KV POSITION DEBUG] {'forward_mode': '2', 'correction': [111], 'seq_lens': [4109], 'extend_prefix_lens': None, 'extend_seq_lens': None, 'positions': [4219]}
[C2KV POSITION DEBUG] {'forward_mode': '2', 'correction': [111], 'seq_lens': [4110], 'extend_prefix_lens': None, 'extend_seq_lens': None, 'positions': [4220]}
[C2KV POSITION DEBUG] {'forward_mode': '2', 'correction': [111], 'seq_lens': [4111], 'extend_prefix_lens': None, 'extend_seq_lens': None, 'positions': [4221]}
[C2KV POSITION DEBUG] {'forward_mode': '2', 'correction': [111], 'seq_lens': [4112], 'extend_prefix_lens': None, 'extend_seq_lens': None, 'positions': [4222]}
[C2KV POSITION DEBUG] {'forward_mode': '2', 'correction': [111], 'seq_lens': [4113], 'extend_prefix_lens': None, 'extend_seq_lens': None, 'positions': [4223]}
[C2KV POSITION DEBUG] {'forward_mode': '2', 'correction': [111], 'seq_lens': [4114], 'extend_prefix_lens': None, 'extend_seq_lens': None, 'positions': [4224]}
[C2KV POSITION DEBUG] {'forward_mode': '2', 'correction': [111], 'seq_lens': [4115], 'extend_prefix_lens': None, 'extend_seq_lens': None, 'positions': [4225]}
[C2KV POSITION DEBUG] {'forward_mode': '1', 'correction': [360], 'seq_lens': [3957], 'extend_prefix_lens': [3917], 'extend_seq_lens': [40], 'positions': [4277, 4278, 4279, 4280, 4281, 4282, 4283, 4284, 4285, 4286, 4287, 4288, 4289, 4290, 4291, 4292, 4293, 4294, 4295, 4296, 4297, 4298, 4299, 4300, 4301, 4302, 4303, 4304, 4305, 4306, 4307, 4308, 4309, 4310, 4311, 4312, 4313, 4314, 4315, 4316]}
[C2KV POSITION DEBUG] {'forward_mode': '2', 'correction': [360], 'seq_lens': [3958], 'extend_prefix_lens': None, 'extend_seq_lens': None, 'positions': [4317]}
[C2KV POSITION DEBUG] {'forward_mode': '2', 'correction': [360], 'seq_lens': [3959], 'extend_prefix_lens': None, 'extend_seq_lens': None, 'positions': [4318]}
[C2KV POSITION DEBUG] {'forward_mode': '2', 'correction': [360], 'seq_lens': [3960], 'extend_prefix_lens': None, 'extend_seq_lens': None, 'positions': [4319]}
[C2KV POSITION DEBUG] {'forward_mode': '2', 'correction': [360], 'seq_lens': [3961], 'extend_prefix_lens': None, 'extend_seq_lens': None, 'positions': [4320]}
[C2KV POSITION DEBUG] {'forward_mode': '2', 'correction': [360], 'seq_lens': [3962], 'extend_prefix_lens': None, 'extend_seq_lens': None, 'positions': [4321]}
[C2KV POSITION DEBUG] {'forward_mode': '2', 'correction': [360], 'seq_lens': [3963], 'extend_prefix_lens': None, 'extend_seq_lens': None, 'positions': [4322]}
[C2KV POSITION DEBUG] {'forward_mode': '2', 'correction': [360], 'seq_lens': [3964], 'extend_prefix_lens': None, 'extend_seq_lens': None, 'positions': [4323]}
[C2KV POSITION DEBUG] {'forward_mode': '2', 'correction': [360], 'seq_lens': [3965], 'extend_prefix_lens': None, 'extend_seq_lens': None, 'positions': [4324]}
[C2KV POSITION DEBUG] {'forward_mode': '2', 'correction': [360], 'seq_lens': [3966], 'extend_prefix_lens': None, 'extend_seq_lens': None, 'positions': [4325]}
[C2KV POSITION DEBUG] {'forward_mode': '2', 'correction': [360], 'seq_lens': [3967], 'extend_prefix_lens': None, 'extend_seq_lens': None, 'positions': [4326]}
[C2KV POSITION DEBUG] {'forward_mode': '2', 'correction': [360], 'seq_lens': [3968], 'extend_prefix_lens': None, 'extend_seq_lens': None, 'positions': [4327]}
[C2KV POSITION DEBUG] {'forward_mode': '2', 'correction': [360], 'seq_lens': [3969], 'extend_prefix_lens': None, 'extend_seq_lens': None, 'positions': [4328]}
[C2KV POSITION DEBUG] {'forward_mode': '2', 'correction': [360], 'seq_lens': [3970], 'extend_prefix_lens': None, 'extend_seq_lens': None, 'positions': [4329]}
[C2KV POSITION DEBUG] {'forward_mode': '2', 'correction': [360], 'seq_lens': [3971], 'extend_prefix_lens': None, 'extend_seq_lens': None, 'positions': [4330]}
[C2KV POSITION DEBUG] {'forward_mode': '2', 'correction': [360], 'seq_lens': [3972], 'extend_prefix_lens': None, 'extend_seq_lens': None, 'positions': [4331]}
[C2KV POSITION DEBUG] {'forward_mode': '2', 'correction': [360], 'seq_lens': [3973], 'extend_prefix_lens': None, 'extend_seq_lens': None, 'positions': [4332]}
[C2KV POSITION DEBUG] {'forward_mode': '2', 'correction': [360], 'seq_lens': [3974], 'extend_prefix_lens': None, 'extend_seq_lens': None, 'positions': [4333]}
[C2KV POSITION DEBUG] {'forward_mode': '2', 'correction': [360], 'seq_lens': [3975], 'extend_prefix_lens': None, 'extend_seq_lens': None, 'positions': [4334]}
[C2KV POSITION DEBUG] {'forward_mode': '2', 'correction': [360], 'seq_lens': [3976], 'extend_prefix_lens': None, 'extend_seq_lens': None, 'positions': [4335]}
[C2KV POSITION DEBUG] {'forward_mode': '2', 'correction': [360], 'seq_lens': [3977], 'extend_prefix_lens': None, 'extend_seq_lens': None, 'positions': [4336]}
[C2KV POSITION DEBUG] {'forward_mode': '2', 'correction': [360], 'seq_lens': [3978], 'extend_prefix_lens': None, 'extend_seq_lens': None, 'positions': [4337]}
[C2KV POSITION DEBUG] {'forward_mode': '2', 'correction': [360], 'seq_lens': [3979], 'extend_prefix_lens': None, 'extend_seq_lens': None, 'positions': [4338]}
[C2KV POSITION DEBUG] {'forward_mode': '2', 'correction': [360], 'seq_lens': [3980], 'extend_prefix_lens': None, 'extend_seq_lens': None, 'positions': [4339]}
[C2KV POSITION DEBUG] {'forward_mode': '2', 'correction': [360], 'seq_lens': [3981], 'extend_prefix_lens': None, 'extend_seq_lens': None, 'positions': [4340]}
[C2KV POSITION DEBUG] {'forward_mode': '2', 'correction': [360], 'seq_lens': [3982], 'extend_prefix_lens': None, 'extend_seq_lens': None, 'positions': [4341]}
[C2KV POSITION DEBUG] {'forward_mode': '2', 'correction': [360], 'seq_lens': [3983], 'extend_prefix_lens': None, 'extend_seq_lens': None, 'positions': [4342]}
[C2KV POSITION DEBUG] {'forward_mode': '2', 'correction': [360], 'seq_lens': [3984], 'extend_prefix_lens': None, 'extend_seq_lens': None, 'positions': [4343]}
[C2KV POSITION DEBUG] {'forward_mode': '2', 'correction': [360], 'seq_lens': [3985], 'extend_prefix_lens': None, 'extend_seq_lens': None, 'positions': [4344]}
[C2KV POSITION DEBUG] {'forward_mode': '2', 'correction': [360], 'seq_lens': [3986], 'extend_prefix_lens': None, 'extend_seq_lens': None, 'positions': [4345]}
[C2KV POSITION DEBUG] {'forward_mode': '2', 'correction': [360], 'seq_lens': [3987], 'extend_prefix_lens': None, 'extend_seq_lens': None, 'positions': [4346]}
[C2KV POSITION DEBUG] {'forward_mode': '2', 'correction': [360], 'seq_lens': [3988], 'extend_prefix_lens': None, 'extend_seq_lens': None, 'positions': [4347]}
[C2KV POSITION DEBUG] {'forward_mode': '2', 'correction': [360], 'seq_lens': [3989], 'extend_prefix_lens': None, 'extend_seq_lens': None, 'positions': [4348]}
[C2KV POSITION DEBUG] {'forward_mode': '2', 'correction': [360], 'seq_lens': [3990], 'extend_prefix_lens': None, 'extend_seq_lens': None, 'positions': [4349]}
[C2KV POSITION DEBUG] {'forward_mode': '2', 'correction': [360], 'seq_lens': [3991], 'extend_prefix_lens': None, 'extend_seq_lens': None, 'positions': [4350]}
[C2KV POSITION DEBUG] {'forward_mode': '1', 'correction': [264], 'seq_lens': [4053], 'extend_prefix_lens': [4013], 'extend_seq_lens': [40], 'positions': [4277, 4278, 4279, 4280, 4281, 4282, 4283, 4284, 4285, 4286, 4287, 4288, 4289, 4290, 4291, 4292, 4293, 4294, 4295, 4296, 4297, 4298, 4299, 4300, 4301, 4302, 4303, 4304, 4305, 4306, 4307, 4308, 4309, 4310, 4311, 4312, 4313, 4314, 4315, 4316]}
[C2KV POSITION DEBUG] {'forward_mode': '2', 'correction': [264], 'seq_lens': [4054], 'extend_prefix_lens': None, 'extend_seq_lens': None, 'positions': [4317]}
[C2KV POSITION DEBUG] {'forward_mode': '2', 'correction': [264], 'seq_lens': [4055], 'extend_prefix_lens': None, 'extend_seq_lens': None, 'positions': [4318]}
[C2KV POSITION DEBUG] {'forward_mode': '2', 'correction': [264], 'seq_lens': [4056], 'extend_prefix_lens': None, 'extend_seq_lens': None, 'positions': [4319]}
[C2KV POSITION DEBUG] {'forward_mode': '2', 'correction': [264], 'seq_lens': [4057], 'extend_prefix_lens': None, 'extend_seq_lens': None, 'positions': [4320]}
[C2KV POSITION DEBUG] {'forward_mode': '2', 'correction': [264], 'seq_lens': [4058], 'extend_prefix_lens': None, 'extend_seq_lens': None, 'positions': [4321]}
[C2KV POSITION DEBUG] {'forward_mode': '2', 'correction': [264], 'seq_lens': [4059], 'extend_prefix_lens': None, 'extend_seq_lens': None, 'positions': [4322]}
[C2KV POSITION DEBUG] {'forward_mode': '2', 'correction': [264], 'seq_lens': [4060], 'extend_prefix_lens': None, 'extend_seq_lens': None, 'positions': [4323]}
[C2KV POSITION DEBUG] {'forward_mode': '2', 'correction': [264], 'seq_lens': [4061], 'extend_prefix_lens': None, 'extend_seq_lens': None, 'positions': [4324]}
[C2KV POSITION DEBUG] {'forward_mode': '2', 'correction': [264], 'seq_lens': [4062], 'extend_prefix_lens': None, 'extend_seq_lens': None, 'positions': [4325]}
[C2KV POSITION DEBUG] {'forward_mode': '2', 'correction': [264], 'seq_lens': [4063], 'extend_prefix_lens': None, 'extend_seq_lens': None, 'positions': [4326]}
[C2KV POSITION DEBUG] {'forward_mode': '2', 'correction': [264], 'seq_lens': [4064], 'extend_prefix_lens': None, 'extend_seq_lens': None, 'positions': [4327]}
[C2KV POSITION DEBUG] {'forward_mode': '2', 'correction': [264], 'seq_lens': [4065], 'extend_prefix_lens': None, 'extend_seq_lens': None, 'positions': [4328]}
[C2KV POSITION DEBUG] {'forward_mode': '2', 'correction': [264], 'seq_lens': [4066], 'extend_prefix_lens': None, 'extend_seq_lens': None, 'positions': [4329]}
[C2KV POSITION DEBUG] {'forward_mode': '2', 'correction': [264], 'seq_lens': [4067], 'extend_prefix_lens': None, 'extend_seq_lens': None, 'positions': [4330]}
[C2KV POSITION DEBUG] {'forward_mode': '2', 'correction': [264], 'seq_lens': [4068], 'extend_prefix_lens': None, 'extend_seq_lens': None, 'positions': [4331]}
[C2KV POSITION DEBUG] {'forward_mode': '2', 'correction': [264], 'seq_lens': [4069], 'extend_prefix_lens': None, 'extend_seq_lens': None, 'positions': [4332]}
[C2KV POSITION DEBUG] {'forward_mode': '2', 'correction': [264], 'seq_lens': [4070], 'extend_prefix_lens': None, 'extend_seq_lens': None, 'positions': [4333]}
[C2KV POSITION DEBUG] {'forward_mode': '2', 'correction': [264], 'seq_lens': [4071], 'extend_prefix_lens': None, 'extend_seq_lens': None, 'positions': [4334]}
[C2KV POSITION DEBUG] {'forward_mode': '2', 'correction': [264], 'seq_lens': [4072], 'extend_prefix_lens': None, 'extend_seq_lens': None, 'positions': [4335]}
[C2KV POSITION DEBUG] {'forward_mode': '2', 'correction': [264], 'seq_lens': [4073], 'extend_prefix_lens': None, 'extend_seq_lens': None, 'positions': [4336]}
[C2KV POSITION DEBUG] {'forward_mode': '2', 'correction': [264], 'seq_lens': [4074], 'extend_prefix_lens': None, 'extend_seq_lens': None, 'positions': [4337]}
[C2KV POSITION DEBUG] {'forward_mode': '1', 'correction': [428], 'seq_lens': [3968], 'extend_prefix_lens': [3940], 'extend_seq_lens': [28], 'positions': [4368, 4369, 4370, 4371, 4372, 4373, 4374, 4375, 4376, 4377, 4378, 4379, 4380, 4381, 4382, 4383, 4384, 4385, 4386, 4387, 4388, 4389, 4390, 4391, 4392, 4393, 4394, 4395]}
[C2KV POSITION DEBUG] {'forward_mode': '1', 'correction': [428], 'seq_lens': [3984], 'extend_prefix_lens': [3968], 'extend_seq_lens': [16], 'positions': [4396, 4397, 4398, 4399, 4400, 4401, 4402, 4403, 4404, 4405, 4406, 4407, 4408, 4409, 4410, 4411]}
[C2KV POSITION DEBUG] {'forward_mode': '2', 'correction': [428], 'seq_lens': [3985], 'extend_prefix_lens': None, 'extend_seq_lens': None, 'positions': [4412]}
[C2KV POSITION DEBUG] {'forward_mode': '2', 'correction': [428], 'seq_lens': [3986], 'extend_prefix_lens': None, 'extend_seq_lens': None, 'positions': [4413]}
[C2KV POSITION DEBUG] {'forward_mode': '2', 'correction': [428], 'seq_lens': [3987], 'extend_prefix_lens': None, 'extend_seq_lens': None, 'positions': [4414]}
[C2KV POSITION DEBUG] {'forward_mode': '2', 'correction': [428], 'seq_lens': [3988], 'extend_prefix_lens': None, 'extend_seq_lens': None, 'positions': [4415]}
[C2KV POSITION DEBUG] {'forward_mode': '2', 'correction': [428], 'seq_lens': [3989], 'extend_prefix_lens': None, 'extend_seq_lens': None, 'positions': [4416]}
[C2KV POSITION DEBUG] {'forward_mode': '2', 'correction': [428], 'seq_lens': [3990], 'extend_prefix_lens': None, 'extend_seq_lens': None, 'positions': [4417]}
[C2KV POSITION DEBUG] {'forward_mode': '2', 'correction': [428], 'seq_lens': [3991], 'extend_prefix_lens': None, 'extend_seq_lens': None, 'positions': [4418]}
[C2KV POSITION DEBUG] {'forward_mode': '2', 'correction': [428], 'seq_lens': [3992], 'extend_prefix_lens': None, 'extend_seq_lens': None, 'positions': [4419]}
[C2KV POSITION DEBUG] {'forward_mode': '2', 'correction': [428], 'seq_lens': [3993], 'extend_prefix_lens': None, 'extend_seq_lens': None, 'positions': [4420]}
[C2KV POSITION DEBUG] {'forward_mode': '2', 'correction': [428], 'seq_lens': [3994], 'extend_prefix_lens': None, 'extend_seq_lens': None, 'positions': [4421]}
[C2KV POSITION DEBUG] {'forward_mode': '2', 'correction': [428], 'seq_lens': [3995], 'extend_prefix_lens': None, 'extend_seq_lens': None, 'positions': [4422]}
[C2KV POSITION DEBUG] {'forward_mode': '2', 'correction': [428], 'seq_lens': [3996], 'extend_prefix_lens': None, 'extend_seq_lens': None, 'positions': [4423]}
[C2KV POSITION DEBUG] {'forward_mode': '2', 'correction': [428], 'seq_lens': [3997], 'extend_prefix_lens': None, 'extend_seq_lens': None, 'positions': [4424]}
[C2KV POSITION DEBUG] {'forward_mode': '2', 'correction': [428], 'seq_lens': [3998], 'extend_prefix_lens': None, 'extend_seq_lens': None, 'positions': [4425]}
[C2KV POSITION DEBUG] {'forward_mode': '2', 'correction': [428], 'seq_lens': [3999], 'extend_prefix_lens': None, 'extend_seq_lens': None, 'positions': [4426]}
[C2KV POSITION DEBUG] {'forward_mode': '2', 'correction': [428], 'seq_lens': [4000], 'extend_prefix_lens': None, 'extend_seq_lens': None, 'positions': [4427]}
[C2KV POSITION DEBUG] {'forward_mode': '2', 'correction': [428], 'seq_lens': [4001], 'extend_prefix_lens': None, 'extend_seq_lens': None, 'positions': [4428]}
[C2KV POSITION DEBUG] {'forward_mode': '1', 'correction': [428], 'seq_lens': [3968], 'extend_prefix_lens': [3940], 'extend_seq_lens': [28], 'positions': [4368, 4369, 4370, 4371, 4372, 4373, 4374, 4375, 4376, 4377, 4378, 4379, 4380, 4381, 4382, 4383, 4384, 4385, 4386, 4387, 4388, 4389, 4390, 4391, 4392, 4393, 4394, 4395]}
[C2KV POSITION DEBUG] {'forward_mode': '1', 'correction': [428], 'seq_lens': [4058], 'extend_prefix_lens': [3968], 'extend_seq_lens': [90], 'positions': [4396, 4397, 4398, 4399, 4400, 4401, 4402, 4403, 4404, 4405, 4406, 4407, 4408, 4409, 4410, 4411, 4412, 4413, 4414, 4415, 4416, 4417, 4418, 4419, 4420, 4421, 4422, 4423, 4424, 4425, 4426, 4427, 4428, 4429, 4430, 4431, 4432, 4433, 4434, 4435, 4436, 4437, 4438, 4439, 4440, 4441, 4442, 4443, 4444, 4445, 4446, 4447, 4448, 4449, 4450, 4451, 4452, 4453, 4454, 4455, 4456, 4457, 4458, 4459, 4460, 4461, 4462, 4463, 4464, 4465, 4466, 4467, 4468, 4469, 4470, 4471, 4472, 4473, 4474, 4475, 4476, 4477, 4478, 4479, 4480, 4481, 4482, 4483, 4484, 4485]}
[C2KV POSITION DEBUG] {'forward_mode': '2', 'correction': [428], 'seq_lens': [4059], 'extend_prefix_lens': None, 'extend_seq_lens': None, 'positions': [4486]}
[C2KV POSITION DEBUG] {'forward_mode': '2', 'correction': [428], 'seq_lens': [4060], 'extend_prefix_lens': None, 'extend_seq_lens': None, 'positions': [4487]}
[C2KV POSITION DEBUG] {'forward_mode': '2', 'correction': [428], 'seq_lens': [4061], 'extend_prefix_lens': None, 'extend_seq_lens': None, 'positions': [4488]}
[C2KV POSITION DEBUG] {'forward_mode': '2', 'correction': [428], 'seq_lens': [4062], 'extend_prefix_lens': None, 'extend_seq_lens': None, 'positions': [4489]}
[C2KV POSITION DEBUG] {'forward_mode': '2', 'correction': [428], 'seq_lens': [4063], 'extend_prefix_lens': None, 'extend_seq_lens': None, 'positions': [4490]}
[C2KV POSITION DEBUG] {'forward_mode': '2', 'correction': [428], 'seq_lens': [4064], 'extend_prefix_lens': None, 'extend_seq_lens': None, 'positions': [4491]}
[C2KV POSITION DEBUG] {'forward_mode': '2', 'correction': [428], 'seq_lens': [4065], 'extend_prefix_lens': None, 'extend_seq_lens': None, 'positions': [4492]}
[C2KV POSITION DEBUG] {'forward_mode': '2', 'correction': [428], 'seq_lens': [4066], 'extend_prefix_lens': None, 'extend_seq_lens': None, 'positions': [4493]}
[C2KV POSITION DEBUG] {'forward_mode': '2', 'correction': [428], 'seq_lens': [4067], 'extend_prefix_lens': None, 'extend_seq_lens': None, 'positions': [4494]}
[C2KV POSITION DEBUG] {'forward_mode': '2', 'correction': [428], 'seq_lens': [4068], 'extend_prefix_lens': None, 'extend_seq_lens': None, 'positions': [4495]}
[C2KV POSITION DEBUG] {'forward_mode': '2', 'correction': [428], 'seq_lens': [4069], 'extend_prefix_lens': None, 'extend_seq_lens': None, 'positions': [4496]}
[C2KV POSITION DEBUG] {'forward_mode': '2', 'correction': [428], 'seq_lens': [4070], 'extend_prefix_lens': None, 'extend_seq_lens': None, 'positions': [4497]}
[C2KV POSITION DEBUG] {'forward_mode': '2', 'correction': [428], 'seq_lens': [4071], 'extend_prefix_lens': None, 'extend_seq_lens': None, 'positions': [4498]}
[C2KV POSITION DEBUG] {'forward_mode': '2', 'correction': [428], 'seq_lens': [4072], 'extend_prefix_lens': None, 'extend_seq_lens': None, 'positions': [4499]}
[C2KV POSITION DEBUG] {'forward_mode': '2', 'correction': [428], 'seq_lens': [4073], 'extend_prefix_lens': None, 'extend_seq_lens': None, 'positions': [4500]}
[C2KV POSITION DEBUG] {'forward_mode': '2', 'correction': [428], 'seq_lens': [4074], 'extend_prefix_lens': None, 'extend_seq_lens': None, 'positions': [4501]}
[C2KV POSITION DEBUG] {'forward_mode': '2', 'correction': [428], 'seq_lens': [4075], 'extend_prefix_lens': None, 'extend_seq_lens': None, 'positions': [4502]}
[C2KV POSITION DEBUG] {'forward_mode': '2', 'correction': [428], 'seq_lens': [4076], 'extend_prefix_lens': None, 'extend_seq_lens': None, 'positions': [4503]}
[C2KV POSITION DEBUG] {'forward_mode': '2', 'correction': [428], 'seq_lens': [4077], 'extend_prefix_lens': None, 'extend_seq_lens': None, 'positions': [4504]}
[C2KV POSITION DEBUG] {'forward_mode': '2', 'correction': [428], 'seq_lens': [4078], 'extend_prefix_lens': None, 'extend_seq_lens': None, 'positions': [4505]}
[C2KV POSITION DEBUG] {'forward_mode': '2', 'correction': [428], 'seq_lens': [4079], 'extend_prefix_lens': None, 'extend_seq_lens': None, 'positions': [4506]}
[C2KV POSITION DEBUG] {'forward_mode': '2', 'correction': [428], 'seq_lens': [4080], 'extend_prefix_lens': None, 'extend_seq_lens': None, 'positions': [4507]}
[C2KV POSITION DEBUG] {'forward_mode': '2', 'correction': [428], 'seq_lens': [4081], 'extend_prefix_lens': None, 'extend_seq_lens': None, 'positions': [4508]}
[C2KV POSITION DEBUG] {'forward_mode': '2', 'correction': [428], 'seq_lens': [4082], 'extend_prefix_lens': None, 'extend_seq_lens': None, 'positions': [4509]}
[C2KV POSITION DEBUG] {'forward_mode': '2', 'correction': [428], 'seq_lens': [4083], 'extend_prefix_lens': None, 'extend_seq_lens': None, 'positions': [4510]}
[C2KV POSITION DEBUG] {'forward_mode': '2', 'correction': [428], 'seq_lens': [4084], 'extend_prefix_lens': None, 'extend_seq_lens': None, 'positions': [4511]}
[C2KV POSITION DEBUG] {'forward_mode': '2', 'correction': [428], 'seq_lens': [4085], 'extend_prefix_lens': None, 'extend_seq_lens': None, 'positions': [4512]}
[C2KV POSITION DEBUG] {'forward_mode': '2', 'correction': [428], 'seq_lens': [4086], 'extend_prefix_lens': None, 'extend_seq_lens': None, 'positions': [4513]}
[C2KV POSITION DEBUG] {'forward_mode': '2', 'correction': [428], 'seq_lens': [4087], 'extend_prefix_lens': None, 'extend_seq_lens': None, 'positions': [4514]}
[C2KV POSITION DEBUG] {'forward_mode': '2', 'correction': [428], 'seq_lens': [4088], 'extend_prefix_lens': None, 'extend_seq_lens': None, 'positions': [4515]}
[C2KV POSITION DEBUG] {'forward_mode': '2', 'correction': [428], 'seq_lens': [4089], 'extend_prefix_lens': None, 'extend_seq_lens': None, 'positions': [4516]}
[C2KV POSITION DEBUG] {'forward_mode': '2', 'correction': [428], 'seq_lens': [4090], 'extend_prefix_lens': None, 'extend_seq_lens': None, 'positions': [4517]}
[C2KV POSITION DEBUG] {'forward_mode': '2', 'correction': [428], 'seq_lens': [4091], 'extend_prefix_lens': None, 'extend_seq_lens': None, 'positions': [4518]}
[C2KV POSITION DEBUG] {'forward_mode': '2', 'correction': [428], 'seq_lens': [4092], 'extend_prefix_lens': None, 'extend_seq_lens': None, 'positions': [4519]}
[C2KV POSITION DEBUG] {'forward_mode': '2', 'correction': [428], 'seq_lens': [4093], 'extend_prefix_lens': None, 'extend_seq_lens': None, 'positions': [4520]}
[C2KV POSITION DEBUG] {'forward_mode': '2', 'correction': [428], 'seq_lens': [4094], 'extend_prefix_lens': None, 'extend_seq_lens': None, 'positions': [4521]}
[C2KV POSITION DEBUG] {'forward_mode': '2', 'correction': [428], 'seq_lens': [4095], 'extend_prefix_lens': None, 'extend_seq_lens': None, 'positions': [4522]}
[C2KV POSITION DEBUG] {'forward_mode': '2', 'correction': [428], 'seq_lens': [4096], 'extend_prefix_lens': None, 'extend_seq_lens': None, 'positions': [4523]}
[C2KV POSITION DEBUG] {'forward_mode': '2', 'correction': [428], 'seq_lens': [4097], 'extend_prefix_lens': None, 'extend_seq_lens': None, 'positions': [4524]}
[C2KV POSITION DEBUG] {'forward_mode': '2', 'correction': [428], 'seq_lens': [4098], 'extend_prefix_lens': None, 'extend_seq_lens': None, 'positions': [4525]}
[C2KV POSITION DEBUG] {'forward_mode': '2', 'correction': [428], 'seq_lens': [4099], 'extend_prefix_lens': None, 'extend_seq_lens': None, 'positions': [4526]}
[C2KV POSITION DEBUG] {'forward_mode': '2', 'correction': [428], 'seq_lens': [4100], 'extend_prefix_lens': None, 'extend_seq_lens': None, 'positions': [4527]}
[C2KV POSITION DEBUG] {'forward_mode': '2', 'correction': [428], 'seq_lens': [4101], 'extend_prefix_lens': None, 'extend_seq_lens': None, 'positions': [4528]}
[C2KV POSITION DEBUG] {'forward_mode': '2', 'correction': [428], 'seq_lens': [4102], 'extend_prefix_lens': None, 'extend_seq_lens': None, 'positions': [4529]}
[C2KV POSITION DEBUG] {'forward_mode': '2', 'correction': [428], 'seq_lens': [4103], 'extend_prefix_lens': None, 'extend_seq_lens': None, 'positions': [4530]}
[C2KV POSITION DEBUG] {'forward_mode': '2', 'correction': [428], 'seq_lens': [4104], 'extend_prefix_lens': None, 'extend_seq_lens': None, 'positions': [4531]}
[C2KV POSITION DEBUG] {'forward_mode': '2', 'correction': [428], 'seq_lens': [4105], 'extend_prefix_lens': None, 'extend_seq_lens': None, 'positions': [4532]}
[C2KV POSITION DEBUG] {'forward_mode': '2', 'correction': [428], 'seq_lens': [4106], 'extend_prefix_lens': None, 'extend_seq_lens': None, 'positions': [4533]}
[C2KV POSITION DEBUG] {'forward_mode': '2', 'correction': [428], 'seq_lens': [4107], 'extend_prefix_lens': None, 'extend_seq_lens': None, 'positions': [4534]}
[C2KV POSITION DEBUG] {'forward_mode': '2', 'correction': [428], 'seq_lens': [4108], 'extend_prefix_lens': None, 'extend_seq_lens': None, 'positions': [4535]}
[C2KV POSITION DEBUG] {'forward_mode': '2', 'correction': [428], 'seq_lens': [4109], 'extend_prefix_lens': None, 'extend_seq_lens': None, 'positions': [4536]}
[C2KV POSITION DEBUG] {'forward_mode': '2', 'correction': [428], 'seq_lens': [4110], 'extend_prefix_lens': None, 'extend_seq_lens': None, 'positions': [4537]}
[C2KV POSITION DEBUG] {'forward_mode': '2', 'correction': [428], 'seq_lens': [4111], 'extend_prefix_lens': None, 'extend_seq_lens': None, 'positions': [4538]}
[C2KV POSITION DEBUG] {'forward_mode': '2', 'correction': [428], 'seq_lens': [4112], 'extend_prefix_lens': None, 'extend_seq_lens': None, 'positions': [4539]}
[C2KV POSITION DEBUG] {'forward_mode': '2', 'correction': [428], 'seq_lens': [4113], 'extend_prefix_lens': None, 'extend_seq_lens': None, 'positions': [4540]}
[C2KV POSITION DEBUG] {'forward_mode': '2', 'correction': [428], 'seq_lens': [4114], 'extend_prefix_lens': None, 'extend_seq_lens': None, 'positions': [4541]}
[C2KV POSITION DEBUG] {'forward_mode': '2', 'correction': [428], 'seq_lens': [4115], 'extend_prefix_lens': None, 'extend_seq_lens': None, 'positions': [4542]}
[C2KV POSITION DEBUG] {'forward_mode': '2', 'correction': [428], 'seq_lens': [4116], 'extend_prefix_lens': None, 'extend_seq_lens': None, 'positions': [4543]}
[C2KV POSITION DEBUG] {'forward_mode': '2', 'correction': [428], 'seq_lens': [4117], 'extend_prefix_lens': None, 'extend_seq_lens': None, 'positions': [4544]}
[C2KV POSITION DEBUG] {'forward_mode': '2', 'correction': [428], 'seq_lens': [4118], 'extend_prefix_lens': None, 'extend_seq_lens': None, 'positions': [4545]}
[C2KV POSITION DEBUG] {'forward_mode': '2', 'correction': [428], 'seq_lens': [4119], 'extend_prefix_lens': None, 'extend_seq_lens': None, 'positions': [4546]}
[C2KV POSITION DEBUG] {'forward_mode': '2', 'correction': [428], 'seq_lens': [4120], 'extend_prefix_lens': None, 'extend_seq_lens': None, 'positions': [4547]}
[C2KV POSITION DEBUG] {'forward_mode': '2', 'correction': [428], 'seq_lens': [4121], 'extend_prefix_lens': None, 'extend_seq_lens': None, 'positions': [4548]}
[C2KV POSITION DEBUG] {'forward_mode': '2', 'correction': [428], 'seq_lens': [4122], 'extend_prefix_lens': None, 'extend_seq_lens': None, 'positions': [4549]}
[C2KV POSITION DEBUG] {'forward_mode': '2', 'correction': [428], 'seq_lens': [4123], 'extend_prefix_lens': None, 'extend_seq_lens': None, 'positions': [4550]}
[C2KV POSITION DEBUG] {'forward_mode': '2', 'correction': [428], 'seq_lens': [4124], 'extend_prefix_lens': None, 'extend_seq_lens': None, 'positions': [4551]}
[C2KV POSITION DEBUG] {'forward_mode': '2', 'correction': [428], 'seq_lens': [4125], 'extend_prefix_lens': None, 'extend_seq_lens': None, 'positions': [4552]}
[C2KV POSITION DEBUG] {'forward_mode': '2', 'correction': [428], 'seq_lens': [4126], 'extend_prefix_lens': None, 'extend_seq_lens': None, 'positions': [4553]}
[C2KV POSITION DEBUG] {'forward_mode': '2', 'correction': [428], 'seq_lens': [4127], 'extend_prefix_lens': None, 'extend_seq_lens': None, 'positions': [4554]}
[C2KV POSITION DEBUG] {'forward_mode': '2', 'correction': [428], 'seq_lens': [4128], 'extend_prefix_lens': None, 'extend_seq_lens': None, 'positions': [4555]}
[C2KV POSITION DEBUG] {'forward_mode': '2', 'correction': [428], 'seq_lens': [4129], 'extend_prefix_lens': None, 'extend_seq_lens': None, 'positions': [4556]}
[C2KV POSITION DEBUG] {'forward_mode': '2', 'correction': [428], 'seq_lens': [4130], 'extend_prefix_lens': None, 'extend_seq_lens': None, 'positions': [4557]}
[C2KV POSITION DEBUG] {'forward_mode': '2', 'correction': [428], 'seq_lens': [4131], 'extend_prefix_lens': None, 'extend_seq_lens': None, 'positions': [4558]}
[C2KV POSITION DEBUG] {'forward_mode': '2', 'correction': [428], 'seq_lens': [4132], 'extend_prefix_lens': None, 'extend_seq_lens': None, 'positions': [4559]}
[C2KV POSITION DEBUG] {'forward_mode': '2', 'correction': [428], 'seq_lens': [4133], 'extend_prefix_lens': None, 'extend_seq_lens': None, 'positions': [4560]}
[C2KV POSITION DEBUG] {'forward_mode': '2', 'correction': [428], 'seq_lens': [4134], 'extend_prefix_lens': None, 'extend_seq_lens': None, 'positions': [4561]}
[C2KV POSITION DEBUG] {'forward_mode': '2', 'correction': [428], 'seq_lens': [4135], 'extend_prefix_lens': None, 'extend_seq_lens': None, 'positions': [4562]}
[C2KV POSITION DEBUG] {'forward_mode': '2', 'correction': [428], 'seq_lens': [4136], 'extend_prefix_lens': None, 'extend_seq_lens': None, 'positions': [4563]}
[C2KV POSITION DEBUG] {'forward_mode': '2', 'correction': [428], 'seq_lens': [4137], 'extend_prefix_lens': None, 'extend_seq_lens': None, 'positions': [4564]}
[C2KV POSITION DEBUG] {'forward_mode': '2', 'correction': [428], 'seq_lens': [4138], 'extend_prefix_lens': None, 'extend_seq_lens': None, 'positions': [4565]}
[C2KV POSITION DEBUG] {'forward_mode': '2', 'correction': [428], 'seq_lens': [4139], 'extend_prefix_lens': None, 'extend_seq_lens': None, 'positions': [4566]}
[C2KV POSITION DEBUG] {'forward_mode': '2', 'correction': [428], 'seq_lens': [4140], 'extend_prefix_lens': None, 'extend_seq_lens': None, 'positions': [4567]}
[C2KV POSITION DEBUG] {'forward_mode': '2', 'correction': [428], 'seq_lens': [4141], 'extend_prefix_lens': None, 'extend_seq_lens': None, 'positions': [4568]}
[C2KV POSITION DEBUG] {'forward_mode': '2', 'correction': [428], 'seq_lens': [4142], 'extend_prefix_lens': None, 'extend_seq_lens': None, 'positions': [4569]}
[C2KV POSITION DEBUG] {'forward_mode': '2', 'correction': [428], 'seq_lens': [4143], 'extend_prefix_lens': None, 'extend_seq_lens': None, 'positions': [4570]}
[C2KV POSITION DEBUG] {'forward_mode': '2', 'correction': [428], 'seq_lens': [4144], 'extend_prefix_lens': None, 'extend_seq_lens': None, 'positions': [4571]}
[C2KV POSITION DEBUG] {'forward_mode': '2', 'correction': [428], 'seq_lens': [4145], 'extend_prefix_lens': None, 'extend_seq_lens': None, 'positions': [4572]}
[C2KV POSITION DEBUG] {'forward_mode': '2', 'correction': [428], 'seq_lens': [4146], 'extend_prefix_lens': None, 'extend_seq_lens': None, 'positions': [4573]}
[C2KV POSITION DEBUG] {'forward_mode': '2', 'correction': [428], 'seq_lens': [4147], 'extend_prefix_lens': None, 'extend_seq_lens': None, 'positions': [4574]}
[C2KV POSITION DEBUG] {'forward_mode': '2', 'correction': [428], 'seq_lens': [4148], 'extend_prefix_lens': None, 'extend_seq_lens': None, 'positions': [4575]}
[C2KV POSITION DEBUG] {'forward_mode': '2', 'correction': [428], 'seq_lens': [4149], 'extend_prefix_lens': None, 'extend_seq_lens': None, 'positions': [4576]}
[C2KV POSITION DEBUG] {'forward_mode': '2', 'correction': [428], 'seq_lens': [4150], 'extend_prefix_lens': None, 'extend_seq_lens': None, 'positions': [4577]}
[C2KV POSITION DEBUG] {'forward_mode': '2', 'correction': [428], 'seq_lens': [4151], 'extend_prefix_lens': None, 'extend_seq_lens': None, 'positions': [4578]}
[C2KV POSITION DEBUG] {'forward_mode': '2', 'correction': [428], 'seq_lens': [4152], 'extend_prefix_lens': None, 'extend_seq_lens': None, 'positions': [4579]}
[C2KV POSITION DEBUG] {'forward_mode': '2', 'correction': [428], 'seq_lens': [4153], 'extend_prefix_lens': None, 'extend_seq_lens': None, 'positions': [4580]}
[C2KV POSITION DEBUG] {'forward_mode': '2', 'correction': [428], 'seq_lens': [4154], 'extend_prefix_lens': None, 'extend_seq_lens': None, 'positions': [4581]}
[C2KV POSITION DEBUG] {'forward_mode': '2', 'correction': [428], 'seq_lens': [4155], 'extend_prefix_lens': None, 'extend_seq_lens': None, 'positions': [4582]}
[C2KV POSITION DEBUG] {'forward_mode': '2', 'correction': [428], 'seq_lens': [4156], 'extend_prefix_lens': None, 'extend_seq_lens': None, 'positions': [4583]}
[C2KV POSITION DEBUG] {'forward_mode': '1', 'correction': [366], 'seq_lens': [4046], 'extend_prefix_lens': [4002], 'extend_seq_lens': [44], 'positions': [4368, 4369, 4370, 4371, 4372, 4373, 4374, 4375, 4376, 4377, 4378, 4379, 4380, 4381, 4382, 4383, 4384, 4385, 4386, 4387, 4388, 4389, 4390, 4391, 4392, 4393, 4394, 4395, 4396, 4397, 4398, 4399, 4400, 4401, 4402, 4403, 4404, 4405, 4406, 4407, 4408, 4409, 4410, 4411]}
[C2KV POSITION DEBUG] {'forward_mode': '2', 'correction': [366], 'seq_lens': [4047], 'extend_prefix_lens': None, 'extend_seq_lens': None, 'positions': [4412]}
[C2KV POSITION DEBUG] {'forward_mode': '2', 'correction': [366], 'seq_lens': [4048], 'extend_prefix_lens': None, 'extend_seq_lens': None, 'positions': [4413]}
[C2KV POSITION DEBUG] {'forward_mode': '2', 'correction': [366], 'seq_lens': [4049], 'extend_prefix_lens': None, 'extend_seq_lens': None, 'positions': [4414]}
[C2KV POSITION DEBUG] {'forward_mode': '2', 'correction': [366], 'seq_lens': [4050], 'extend_prefix_lens': None, 'extend_seq_lens': None, 'positions': [4415]}
[C2KV POSITION DEBUG] {'forward_mode': '2', 'correction': [366], 'seq_lens': [4051], 'extend_prefix_lens': None, 'extend_seq_lens': None, 'positions': [4416]}
[C2KV POSITION DEBUG] {'forward_mode': '2', 'correction': [366], 'seq_lens': [4052], 'extend_prefix_lens': None, 'extend_seq_lens': None, 'positions': [4417]}
[C2KV POSITION DEBUG] {'forward_mode': '2', 'correction': [366], 'seq_lens': [4053], 'extend_prefix_lens': None, 'extend_seq_lens': None, 'positions': [4418]}
[C2KV POSITION DEBUG] {'forward_mode': '2', 'correction': [366], 'seq_lens': [4054], 'extend_prefix_lens': None, 'extend_seq_lens': None, 'positions': [4419]}
[C2KV POSITION DEBUG] {'forward_mode': '2', 'correction': [366], 'seq_lens': [4055], 'extend_prefix_lens': None, 'extend_seq_lens': None, 'positions': [4420]}
[C2KV POSITION DEBUG] {'forward_mode': '2', 'correction': [366], 'seq_lens': [4056], 'extend_prefix_lens': None, 'extend_seq_lens': None, 'positions': [4421]}
[C2KV POSITION DEBUG] {'forward_mode': '2', 'correction': [366], 'seq_lens': [4057], 'extend_prefix_lens': None, 'extend_seq_lens': None, 'positions': [4422]}
[C2KV POSITION DEBUG] {'forward_mode': '2', 'correction': [366], 'seq_lens': [4058], 'extend_prefix_lens': None, 'extend_seq_lens': None, 'positions': [4423]}
[C2KV POSITION DEBUG] {'forward_mode': '2', 'correction': [366], 'seq_lens': [4059], 'extend_prefix_lens': None, 'extend_seq_lens': None, 'positions': [4424]}
[C2KV POSITION DEBUG] {'forward_mode': '2', 'correction': [366], 'seq_lens': [4060], 'extend_prefix_lens': None, 'extend_seq_lens': None, 'positions': [4425]}
[C2KV POSITION DEBUG] {'forward_mode': '2', 'correction': [366], 'seq_lens': [4061], 'extend_prefix_lens': None, 'extend_seq_lens': None, 'positions': [4426]}
[C2KV POSITION DEBUG] {'forward_mode': '2', 'correction': [366], 'seq_lens': [4062], 'extend_prefix_lens': None, 'extend_seq_lens': None, 'positions': [4427]}
[C2KV POSITION DEBUG] {'forward_mode': '2', 'correction': [366], 'seq_lens': [4063], 'extend_prefix_lens': None, 'extend_seq_lens': None, 'positions': [4428]}
[C2KV POSITION DEBUG] {'forward_mode': '1', 'correction': [366], 'seq_lens': [4096], 'extend_prefix_lens': [4002], 'extend_seq_lens': [94], 'positions': [4368, 4369, 4370, 4371, 4372, 4373, 4374, 4375, 4376, 4377, 4378, 4379, 4380, 4381, 4382, 4383, 4384, 4385, 4386, 4387, 4388, 4389, 4390, 4391, 4392, 4393, 4394, 4395, 4396, 4397, 4398, 4399, 4400, 4401, 4402, 4403, 4404, 4405, 4406, 4407, 4408, 4409, 4410, 4411, 4412, 4413, 4414, 4415, 4416, 4417, 4418, 4419, 4420, 4421, 4422, 4423, 4424, 4425, 4426, 4427, 4428, 4429, 4430, 4431, 4432, 4433, 4434, 4435, 4436, 4437, 4438, 4439, 4440, 4441, 4442, 4443, 4444, 4445, 4446, 4447, 4448, 4449, 4450, 4451, 4452, 4453, 4454, 4455, 4456, 4457, 4458, 4459, 4460, 4461]}
[C2KV POSITION DEBUG] {'forward_mode': '1', 'correction': [366], 'seq_lens': [4120], 'extend_prefix_lens': [4096], 'extend_seq_lens': [24], 'positions': [4462, 4463, 4464, 4465, 4466, 4467, 4468, 4469, 4470, 4471, 4472, 4473, 4474, 4475, 4476, 4477, 4478, 4479, 4480, 4481, 4482, 4483, 4484, 4485]}
[C2KV POSITION DEBUG] {'forward_mode': '2', 'correction': [366], 'seq_lens': [4121], 'extend_prefix_lens': None, 'extend_seq_lens': None, 'positions': [4486]}
[C2KV POSITION DEBUG] {'forward_mode': '2', 'correction': [366], 'seq_lens': [4122], 'extend_prefix_lens': None, 'extend_seq_lens': None, 'positions': [4487]}
[C2KV POSITION DEBUG] {'forward_mode': '2', 'correction': [366], 'seq_lens': [4123], 'extend_prefix_lens': None, 'extend_seq_lens': None, 'positions': [4488]}
[C2KV POSITION DEBUG] {'forward_mode': '2', 'correction': [366], 'seq_lens': [4124], 'extend_prefix_lens': None, 'extend_seq_lens': None, 'positions': [4489]}
[C2KV POSITION DEBUG] {'forward_mode': '2', 'correction': [366], 'seq_lens': [4125], 'extend_prefix_lens': None, 'extend_seq_lens': None, 'positions': [4490]}
[C2KV POSITION DEBUG] {'forward_mode': '2', 'correction': [366], 'seq_lens': [4126], 'extend_prefix_lens': None, 'extend_seq_lens': None, 'positions': [4491]}
[C2KV POSITION DEBUG] {'forward_mode': '2', 'correction': [366], 'seq_lens': [4127], 'extend_prefix_lens': None, 'extend_seq_lens': None, 'positions': [4492]}
[C2KV POSITION DEBUG] {'forward_mode': '2', 'correction': [366], 'seq_lens': [4128], 'extend_prefix_lens': None, 'extend_seq_lens': None, 'positions': [4493]}
[C2KV POSITION DEBUG] {'forward_mode': '2', 'correction': [366], 'seq_lens': [4129], 'extend_prefix_lens': None, 'extend_seq_lens': None, 'positions': [4494]}
[C2KV POSITION DEBUG] {'forward_mode': '2', 'correction': [366], 'seq_lens': [4130], 'extend_prefix_lens': None, 'extend_seq_lens': None, 'positions': [4495]}
[C2KV POSITION DEBUG] {'forward_mode': '2', 'correction': [366], 'seq_lens': [4131], 'extend_prefix_lens': None, 'extend_seq_lens': None, 'positions': [4496]}
[C2KV POSITION DEBUG] {'forward_mode': '2', 'correction': [366], 'seq_lens': [4132], 'extend_prefix_lens': None, 'extend_seq_lens': None, 'positions': [4497]}
[C2KV POSITION DEBUG] {'forward_mode': '2', 'correction': [366], 'seq_lens': [4133], 'extend_prefix_lens': None, 'extend_seq_lens': None, 'positions': [4498]}
[C2KV POSITION DEBUG] {'forward_mode': '2', 'correction': [366], 'seq_lens': [4134], 'extend_prefix_lens': None, 'extend_seq_lens': None, 'positions': [4499]}
[C2KV POSITION DEBUG] {'forward_mode': '2', 'correction': [366], 'seq_lens': [4135], 'extend_prefix_lens': None, 'extend_seq_lens': None, 'positions': [4500]}
[C2KV POSITION DEBUG] {'forward_mode': '2', 'correction': [366], 'seq_lens': [4136], 'extend_prefix_lens': None, 'extend_seq_lens': None, 'positions': [4501]}
[C2KV POSITION DEBUG] {'forward_mode': '2', 'correction': [366], 'seq_lens': [4137], 'extend_prefix_lens': None, 'extend_seq_lens': None, 'positions': [4502]}
[C2KV POSITION DEBUG] {'forward_mode': '2', 'correction': [366], 'seq_lens': [4138], 'extend_prefix_lens': None, 'extend_seq_lens': None, 'positions': [4503]}
[C2KV POSITION DEBUG] {'forward_mode': '2', 'correction': [366], 'seq_lens': [4139], 'extend_prefix_lens': None, 'extend_seq_lens': None, 'positions': [4504]}
[C2KV POSITION DEBUG] {'forward_mode': '2', 'correction': [366], 'seq_lens': [4140], 'extend_prefix_lens': None, 'extend_seq_lens': None, 'positions': [4505]}
[C2KV POSITION DEBUG] {'forward_mode': '2', 'correction': [366], 'seq_lens': [4141], 'extend_prefix_lens': None, 'extend_seq_lens': None, 'positions': [4506]}
[C2KV POSITION DEBUG] {'forward_mode': '2', 'correction': [366], 'seq_lens': [4142], 'extend_prefix_lens': None, 'extend_seq_lens': None, 'positions': [4507]}
[C2KV POSITION DEBUG] {'forward_mode': '2', 'correction': [366], 'seq_lens': [4143], 'extend_prefix_lens': None, 'extend_seq_lens': None, 'positions': [4508]}
[C2KV POSITION DEBUG] {'forward_mode': '2', 'correction': [366], 'seq_lens': [4144], 'extend_prefix_lens': None, 'extend_seq_lens': None, 'positions': [4509]}
[C2KV POSITION DEBUG] {'forward_mode': '2', 'correction': [366], 'seq_lens': [4145], 'extend_prefix_lens': None, 'extend_seq_lens': None, 'positions': [4510]}
[C2KV POSITION DEBUG] {'forward_mode': '2', 'correction': [366], 'seq_lens': [4146], 'extend_prefix_lens': None, 'extend_seq_lens': None, 'positions': [4511]}
[C2KV POSITION DEBUG] {'forward_mode': '2', 'correction': [366], 'seq_lens': [4147], 'extend_prefix_lens': None, 'extend_seq_lens': None, 'positions': [4512]}
[C2KV POSITION DEBUG] {'forward_mode': '2', 'correction': [366], 'seq_lens': [4148], 'extend_prefix_lens': None, 'extend_seq_lens': None, 'positions': [4513]}
[C2KV POSITION DEBUG] {'forward_mode': '2', 'correction': [366], 'seq_lens': [4149], 'extend_prefix_lens': None, 'extend_seq_lens': None, 'positions': [4514]}
[C2KV POSITION DEBUG] {'forward_mode': '2', 'correction': [366], 'seq_lens': [4150], 'extend_prefix_lens': None, 'extend_seq_lens': None, 'positions': [4515]}
[C2KV POSITION DEBUG] {'forward_mode': '2', 'correction': [366], 'seq_lens': [4151], 'extend_prefix_lens': None, 'extend_seq_lens': None, 'positions': [4516]}
[C2KV POSITION DEBUG] {'forward_mode': '2', 'correction': [366], 'seq_lens': [4152], 'extend_prefix_lens': None, 'extend_seq_lens': None, 'positions': [4517]}
[C2KV POSITION DEBUG] {'forward_mode': '2', 'correction': [366], 'seq_lens': [4153], 'extend_prefix_lens': None, 'extend_seq_lens': None, 'positions': [4518]}
[C2KV POSITION DEBUG] {'forward_mode': '2', 'correction': [366], 'seq_lens': [4154], 'extend_prefix_lens': None, 'extend_seq_lens': None, 'positions': [4519]}
[C2KV POSITION DEBUG] {'forward_mode': '2', 'correction': [366], 'seq_lens': [4155], 'extend_prefix_lens': None, 'extend_seq_lens': None, 'positions': [4520]}
[C2KV POSITION DEBUG] {'forward_mode': '2', 'correction': [366], 'seq_lens': [4156], 'extend_prefix_lens': None, 'extend_seq_lens': None, 'positions': [4521]}
[C2KV POSITION DEBUG] {'forward_mode': '2', 'correction': [366], 'seq_lens': [4157], 'extend_prefix_lens': None, 'extend_seq_lens': None, 'positions': [4522]}
[C2KV POSITION DEBUG] {'forward_mode': '2', 'correction': [366], 'seq_lens': [4158], 'extend_prefix_lens': None, 'extend_seq_lens': None, 'positions': [4523]}
[C2KV POSITION DEBUG] {'forward_mode': '2', 'correction': [366], 'seq_lens': [4159], 'extend_prefix_lens': None, 'extend_seq_lens': None, 'positions': [4524]}
[C2KV POSITION DEBUG] {'forward_mode': '2', 'correction': [366], 'seq_lens': [4160], 'extend_prefix_lens': None, 'extend_seq_lens': None, 'positions': [4525]}
[C2KV POSITION DEBUG] {'forward_mode': '2', 'correction': [366], 'seq_lens': [4161], 'extend_prefix_lens': None, 'extend_seq_lens': None, 'positions': [4526]}
[C2KV POSITION DEBUG] {'forward_mode': '2', 'correction': [366], 'seq_lens': [4162], 'extend_prefix_lens': None, 'extend_seq_lens': None, 'positions': [4527]}
[C2KV POSITION DEBUG] {'forward_mode': '2', 'correction': [366], 'seq_lens': [4163], 'extend_prefix_lens': None, 'extend_seq_lens': None, 'positions': [4528]}
[C2KV POSITION DEBUG] {'forward_mode': '2', 'correction': [366], 'seq_lens': [4164], 'extend_prefix_lens': None, 'extend_seq_lens': None, 'positions': [4529]}
[C2KV POSITION DEBUG] {'forward_mode': '2', 'correction': [366], 'seq_lens': [4165], 'extend_prefix_lens': None, 'extend_seq_lens': None, 'positions': [4530]}
[C2KV POSITION DEBUG] {'forward_mode': '2', 'correction': [366], 'seq_lens': [4166], 'extend_prefix_lens': None, 'extend_seq_lens': None, 'positions': [4531]}
[C2KV POSITION DEBUG] {'forward_mode': '2', 'correction': [366], 'seq_lens': [4167], 'extend_prefix_lens': None, 'extend_seq_lens': None, 'positions': [4532]}
[C2KV POSITION DEBUG] {'forward_mode': '2', 'correction': [366], 'seq_lens': [4168], 'extend_prefix_lens': None, 'extend_seq_lens': None, 'positions': [4533]}
[C2KV POSITION DEBUG] {'forward_mode': '2', 'correction': [366], 'seq_lens': [4169], 'extend_prefix_lens': None, 'extend_seq_lens': None, 'positions': [4534]}
[C2KV POSITION DEBUG] {'forward_mode': '2', 'correction': [366], 'seq_lens': [4170], 'extend_prefix_lens': None, 'extend_seq_lens': None, 'positions': [4535]}
[C2KV POSITION DEBUG] {'forward_mode': '2', 'correction': [366], 'seq_lens': [4171], 'extend_prefix_lens': None, 'extend_seq_lens': None, 'positions': [4536]}
[C2KV POSITION DEBUG] {'forward_mode': '2', 'correction': [366], 'seq_lens': [4172], 'extend_prefix_lens': None, 'extend_seq_lens': None, 'positions': [4537]}
[C2KV POSITION DEBUG] {'forward_mode': '2', 'correction': [366], 'seq_lens': [4173], 'extend_prefix_lens': None, 'extend_seq_lens': None, 'positions': [4538]}
[C2KV POSITION DEBUG] {'forward_mode': '2', 'correction': [366], 'seq_lens': [4174], 'extend_prefix_lens': None, 'extend_seq_lens': None, 'positions': [4539]}
[C2KV POSITION DEBUG] {'forward_mode': '2', 'correction': [366], 'seq_lens': [4175], 'extend_prefix_lens': None, 'extend_seq_lens': None, 'positions': [4540]}
[C2KV POSITION DEBUG] {'forward_mode': '2', 'correction': [366], 'seq_lens': [4176], 'extend_prefix_lens': None, 'extend_seq_lens': None, 'positions': [4541]}
[C2KV POSITION DEBUG] {'forward_mode': '2', 'correction': [366], 'seq_lens': [4177], 'extend_prefix_lens': None, 'extend_seq_lens': None, 'positions': [4542]}
[C2KV POSITION DEBUG] {'forward_mode': '2', 'correction': [366], 'seq_lens': [4178], 'extend_prefix_lens': None, 'extend_seq_lens': None, 'positions': [4543]}
[C2KV POSITION DEBUG] {'forward_mode': '2', 'correction': [366], 'seq_lens': [4179], 'extend_prefix_lens': None, 'extend_seq_lens': None, 'positions': [4544]}
[C2KV POSITION DEBUG] {'forward_mode': '2', 'correction': [366], 'seq_lens': [4180], 'extend_prefix_lens': None, 'extend_seq_lens': None, 'positions': [4545]}
[C2KV POSITION DEBUG] {'forward_mode': '2', 'correction': [366], 'seq_lens': [4181], 'extend_prefix_lens': None, 'extend_seq_lens': None, 'positions': [4546]}
[C2KV POSITION DEBUG] {'forward_mode': '2', 'correction': [366], 'seq_lens': [4182], 'extend_prefix_lens': None, 'extend_seq_lens': None, 'positions': [4547]}
[C2KV POSITION DEBUG] {'forward_mode': '2', 'correction': [366], 'seq_lens': [4183], 'extend_prefix_lens': None, 'extend_seq_lens': None, 'positions': [4548]}
[C2KV POSITION DEBUG] {'forward_mode': '2', 'correction': [366], 'seq_lens': [4184], 'extend_prefix_lens': None, 'extend_seq_lens': None, 'positions': [4549]}
[C2KV POSITION DEBUG] {'forward_mode': '2', 'correction': [366], 'seq_lens': [4185], 'extend_prefix_lens': None, 'extend_seq_lens': None, 'positions': [4550]}
[C2KV POSITION DEBUG] {'forward_mode': '2', 'correction': [366], 'seq_lens': [4186], 'extend_prefix_lens': None, 'extend_seq_lens': None, 'positions': [4551]}
[C2KV POSITION DEBUG] {'forward_mode': '2', 'correction': [366], 'seq_lens': [4187], 'extend_prefix_lens': None, 'extend_seq_lens': None, 'positions': [4552]}
[C2KV POSITION DEBUG] {'forward_mode': '2', 'correction': [366], 'seq_lens': [4188], 'extend_prefix_lens': None, 'extend_seq_lens': None, 'positions': [4553]}
[C2KV POSITION DEBUG] {'forward_mode': '2', 'correction': [366], 'seq_lens': [4189], 'extend_prefix_lens': None, 'extend_seq_lens': None, 'positions': [4554]}
[C2KV POSITION DEBUG] {'forward_mode': '2', 'correction': [366], 'seq_lens': [4190], 'extend_prefix_lens': None, 'extend_seq_lens': None, 'positions': [4555]}
[C2KV POSITION DEBUG] {'forward_mode': '2', 'correction': [366], 'seq_lens': [4191], 'extend_prefix_lens': None, 'extend_seq_lens': None, 'positions': [4556]}
[C2KV POSITION DEBUG] {'forward_mode': '2', 'correction': [366], 'seq_lens': [4192], 'extend_prefix_lens': None, 'extend_seq_lens': None, 'positions': [4557]}
[C2KV POSITION DEBUG] {'forward_mode': '2', 'correction': [366], 'seq_lens': [4193], 'extend_prefix_lens': None, 'extend_seq_lens': None, 'positions': [4558]}
[C2KV POSITION DEBUG] {'forward_mode': '2', 'correction': [366], 'seq_lens': [4194], 'extend_prefix_lens': None, 'extend_seq_lens': None, 'positions': [4559]}
[C2KV POSITION DEBUG] {'forward_mode': '2', 'correction': [366], 'seq_lens': [4195], 'extend_prefix_lens': None, 'extend_seq_lens': None, 'positions': [4560]}
[C2KV POSITION DEBUG] {'forward_mode': '2', 'correction': [366], 'seq_lens': [4196], 'extend_prefix_lens': None, 'extend_seq_lens': None, 'positions': [4561]}
[C2KV POSITION DEBUG] {'forward_mode': '2', 'correction': [366], 'seq_lens': [4197], 'extend_prefix_lens': None, 'extend_seq_lens': None, 'positions': [4562]}
[C2KV POSITION DEBUG] {'forward_mode': '2', 'correction': [366], 'seq_lens': [4198], 'extend_prefix_lens': None, 'extend_seq_lens': None, 'positions': [4563]}
[C2KV POSITION DEBUG] {'forward_mode': '2', 'correction': [366], 'seq_lens': [4199], 'extend_prefix_lens': None, 'extend_seq_lens': None, 'positions': [4564]}
[C2KV POSITION DEBUG] {'forward_mode': '2', 'correction': [366], 'seq_lens': [4200], 'extend_prefix_lens': None, 'extend_seq_lens': None, 'positions': [4565]}
[C2KV POSITION DEBUG] {'forward_mode': '2', 'correction': [366], 'seq_lens': [4201], 'extend_prefix_lens': None, 'extend_seq_lens': None, 'positions': [4566]}
[C2KV POSITION DEBUG] {'forward_mode': '2', 'correction': [366], 'seq_lens': [4202], 'extend_prefix_lens': None, 'extend_seq_lens': None, 'positions': [4567]}
[C2KV POSITION DEBUG] {'forward_mode': '2', 'correction': [366], 'seq_lens': [4203], 'extend_prefix_lens': None, 'extend_seq_lens': None, 'positions': [4568]}
[C2KV POSITION DEBUG] {'forward_mode': '2', 'correction': [366], 'seq_lens': [4204], 'extend_prefix_lens': None, 'extend_seq_lens': None, 'positions': [4569]}
[C2KV POSITION DEBUG] {'forward_mode': '2', 'correction': [366], 'seq_lens': [4205], 'extend_prefix_lens': None, 'extend_seq_lens': None, 'positions': [4570]}
[C2KV POSITION DEBUG] {'forward_mode': '2', 'correction': [366], 'seq_lens': [4206], 'extend_prefix_lens': None, 'extend_seq_lens': None, 'positions': [4571]}
[C2KV POSITION DEBUG] {'forward_mode': '2', 'correction': [366], 'seq_lens': [4207], 'extend_prefix_lens': None, 'extend_seq_lens': None, 'positions': [4572]}
[C2KV POSITION DEBUG] {'forward_mode': '2', 'correction': [366], 'seq_lens': [4208], 'extend_prefix_lens': None, 'extend_seq_lens': None, 'positions': [4573]}
[C2KV POSITION DEBUG] {'forward_mode': '1', 'correction': [620], 'seq_lens': [4096], 'extend_prefix_lens': [4005], 'extend_seq_lens': [91], 'positions': [4625, 4626, 4627, 4628, 4629, 4630, 4631, 4632, 4633, 4634, 4635, 4636, 4637, 4638, 4639, 4640, 4641, 4642, 4643, 4644, 4645, 4646, 4647, 4648, 4649, 4650, 4651, 4652, 4653, 4654, 4655, 4656, 4657, 4658, 4659, 4660, 4661, 4662, 4663, 4664, 4665, 4666, 4667, 4668, 4669, 4670, 4671, 4672, 4673, 4674, 4675, 4676, 4677, 4678, 4679, 4680, 4681, 4682, 4683, 4684, 4685, 4686, 4687, 4688, 4689, 4690, 4691, 4692, 4693, 4694, 4695, 4696, 4697, 4698, 4699, 4700, 4701, 4702, 4703, 4704, 4705, 4706, 4707, 4708, 4709, 4710, 4711, 4712, 4713, 4714, 4715]}
[C2KV POSITION DEBUG] {'forward_mode': '1', 'correction': [620], 'seq_lens': [4115], 'extend_prefix_lens': [4096], 'extend_seq_lens': [19], 'positions': [4716, 4717, 4718, 4719, 4720, 4721, 4722, 4723, 4724, 4725, 4726, 4727, 4728, 4729, 4730, 4731, 4732, 4733, 4734]}
[C2KV POSITION DEBUG] {'forward_mode': '2', 'correction': [620], 'seq_lens': [4116], 'extend_prefix_lens': None, 'extend_seq_lens': None, 'positions': [4735]}
[C2KV POSITION DEBUG] {'forward_mode': '2', 'correction': [620], 'seq_lens': [4117], 'extend_prefix_lens': None, 'extend_seq_lens': None, 'positions': [4736]}
[C2KV POSITION DEBUG] {'forward_mode': '2', 'correction': [620], 'seq_lens': [4118], 'extend_prefix_lens': None, 'extend_seq_lens': None, 'positions': [4737]}
[C2KV POSITION DEBUG] {'forward_mode': '2', 'correction': [620], 'seq_lens': [4119], 'extend_prefix_lens': None, 'extend_seq_lens': None, 'positions': [4738]}
[C2KV POSITION DEBUG] {'forward_mode': '2', 'correction': [620], 'seq_lens': [4120], 'extend_prefix_lens': None, 'extend_seq_lens': None, 'positions': [4739]}
[C2KV POSITION DEBUG] {'forward_mode': '2', 'correction': [620], 'seq_lens': [4121], 'extend_prefix_lens': None, 'extend_seq_lens': None, 'positions': [4740]}
[C2KV POSITION DEBUG] {'forward_mode': '2', 'correction': [620], 'seq_lens': [4122], 'extend_prefix_lens': None, 'extend_seq_lens': None, 'positions': [4741]}
[C2KV POSITION DEBUG] {'forward_mode': '2', 'correction': [620], 'seq_lens': [4123], 'extend_prefix_lens': None, 'extend_seq_lens': None, 'positions': [4742]}
[C2KV POSITION DEBUG] {'forward_mode': '2', 'correction': [620], 'seq_lens': [4124], 'extend_prefix_lens': None, 'extend_seq_lens': None, 'positions': [4743]}
[C2KV POSITION DEBUG] {'forward_mode': '2', 'correction': [620], 'seq_lens': [4125], 'extend_prefix_lens': None, 'extend_seq_lens': None, 'positions': [4744]}
[C2KV POSITION DEBUG] {'forward_mode': '2', 'correction': [620], 'seq_lens': [4126], 'extend_prefix_lens': None, 'extend_seq_lens': None, 'positions': [4745]}
[C2KV POSITION DEBUG] {'forward_mode': '2', 'correction': [620], 'seq_lens': [4127], 'extend_prefix_lens': None, 'extend_seq_lens': None, 'positions': [4746]}
[C2KV POSITION DEBUG] {'forward_mode': '2', 'correction': [620], 'seq_lens': [4128], 'extend_prefix_lens': None, 'extend_seq_lens': None, 'positions': [4747]}
[C2KV POSITION DEBUG] {'forward_mode': '2', 'correction': [620], 'seq_lens': [4129], 'extend_prefix_lens': None, 'extend_seq_lens': None, 'positions': [4748]}
[C2KV POSITION DEBUG] {'forward_mode': '2', 'correction': [620], 'seq_lens': [4130], 'extend_prefix_lens': None, 'extend_seq_lens': None, 'positions': [4749]}
[C2KV POSITION DEBUG] {'forward_mode': '2', 'correction': [620], 'seq_lens': [4131], 'extend_prefix_lens': None, 'extend_seq_lens': None, 'positions': [4750]}
[C2KV POSITION DEBUG] {'forward_mode': '2', 'correction': [620], 'seq_lens': [4132], 'extend_prefix_lens': None, 'extend_seq_lens': None, 'positions': [4751]}
[C2KV POSITION DEBUG] {'forward_mode': '2', 'correction': [620], 'seq_lens': [4133], 'extend_prefix_lens': None, 'extend_seq_lens': None, 'positions': [4752]}
[C2KV POSITION DEBUG] {'forward_mode': '2', 'correction': [620], 'seq_lens': [4134], 'extend_prefix_lens': None, 'extend_seq_lens': None, 'positions': [4753]}
[C2KV POSITION DEBUG] {'forward_mode': '2', 'correction': [620], 'seq_lens': [4135], 'extend_prefix_lens': None, 'extend_seq_lens': None, 'positions': [4754]}
[C2KV POSITION DEBUG] {'forward_mode': '2', 'correction': [620], 'seq_lens': [4136], 'extend_prefix_lens': None, 'extend_seq_lens': None, 'positions': [4755]}
[C2KV POSITION DEBUG] {'forward_mode': '2', 'correction': [620], 'seq_lens': [4137], 'extend_prefix_lens': None, 'extend_seq_lens': None, 'positions': [4756]}
[C2KV POSITION DEBUG] {'forward_mode': '2', 'correction': [620], 'seq_lens': [4138], 'extend_prefix_lens': None, 'extend_seq_lens': None, 'positions': [4757]}
[C2KV POSITION DEBUG] {'forward_mode': '2', 'correction': [620], 'seq_lens': [4139], 'extend_prefix_lens': None, 'extend_seq_lens': None, 'positions': [4758]}
[C2KV POSITION DEBUG] {'forward_mode': '2', 'correction': [620], 'seq_lens': [4140], 'extend_prefix_lens': None, 'extend_seq_lens': None, 'positions': [4759]}
[C2KV POSITION DEBUG] {'forward_mode': '2', 'correction': [620], 'seq_lens': [4141], 'extend_prefix_lens': None, 'extend_seq_lens': None, 'positions': [4760]}
[C2KV POSITION DEBUG] {'forward_mode': '2', 'correction': [620], 'seq_lens': [4142], 'extend_prefix_lens': None, 'extend_seq_lens': None, 'positions': [4761]}
[C2KV POSITION DEBUG] {'forward_mode': '2', 'correction': [620], 'seq_lens': [4143], 'extend_prefix_lens': None, 'extend_seq_lens': None, 'positions': [4762]}
[C2KV POSITION DEBUG] {'forward_mode': '2', 'correction': [620], 'seq_lens': [4144], 'extend_prefix_lens': None, 'extend_seq_lens': None, 'positions': [4763]}
[C2KV POSITION DEBUG] {'forward_mode': '2', 'correction': [620], 'seq_lens': [4145], 'extend_prefix_lens': None, 'extend_seq_lens': None, 'positions': [4764]}
[C2KV POSITION DEBUG] {'forward_mode': '2', 'correction': [620], 'seq_lens': [4146], 'extend_prefix_lens': None, 'extend_seq_lens': None, 'positions': [4765]}
[C2KV POSITION DEBUG] {'forward_mode': '2', 'correction': [620], 'seq_lens': [4147], 'extend_prefix_lens': None, 'extend_seq_lens': None, 'positions': [4766]}
[C2KV POSITION DEBUG] {'forward_mode': '2', 'correction': [620], 'seq_lens': [4148], 'extend_prefix_lens': None, 'extend_seq_lens': None, 'positions': [4767]}
[C2KV POSITION DEBUG] {'forward_mode': '1', 'correction': [620], 'seq_lens': [4096], 'extend_prefix_lens': [4005], 'extend_seq_lens': [91], 'positions': [4625, 4626, 4627, 4628, 4629, 4630, 4631, 4632, 4633, 4634, 4635, 4636, 4637, 4638, 4639, 4640, 4641, 4642, 4643, 4644, 4645, 4646, 4647, 4648, 4649, 4650, 4651, 4652, 4653, 4654, 4655, 4656, 4657, 4658, 4659, 4660, 4661, 4662, 4663, 4664, 4665, 4666, 4667, 4668, 4669, 4670, 4671, 4672, 4673, 4674, 4675, 4676, 4677, 4678, 4679, 4680, 4681, 4682, 4683, 4684, 4685, 4686, 4687, 4688, 4689, 4690, 4691, 4692, 4693, 4694, 4695, 4696, 4697, 4698, 4699, 4700, 4701, 4702, 4703, 4704, 4705, 4706, 4707, 4708, 4709, 4710, 4711, 4712, 4713, 4714, 4715]}
[C2KV POSITION DEBUG] {'forward_mode': '1', 'correction': [620], 'seq_lens': [4165], 'extend_prefix_lens': [4096], 'extend_seq_lens': [69], 'positions': [4716, 4717, 4718, 4719, 4720, 4721, 4722, 4723, 4724, 4725, 4726, 4727, 4728, 4729, 4730, 4731, 4732, 4733, 4734, 4735, 4736, 4737, 4738, 4739, 4740, 4741, 4742, 4743, 4744, 4745, 4746, 4747, 4748, 4749, 4750, 4751, 4752, 4753, 4754, 4755, 4756, 4757, 4758, 4759, 4760, 4761, 4762, 4763, 4764, 4765, 4766, 4767, 4768, 4769, 4770, 4771, 4772, 4773, 4774, 4775, 4776, 4777, 4778, 4779, 4780, 4781, 4782, 4783, 4784]}
[C2KV POSITION DEBUG] {'forward_mode': '2', 'correction': [620], 'seq_lens': [4166], 'extend_prefix_lens': None, 'extend_seq_lens': None, 'positions': [4785]}
[C2KV POSITION DEBUG] {'forward_mode': '2', 'correction': [620], 'seq_lens': [4167], 'extend_prefix_lens': None, 'extend_seq_lens': None, 'positions': [4786]}
[C2KV POSITION DEBUG] {'forward_mode': '2', 'correction': [620], 'seq_lens': [4168], 'extend_prefix_lens': None, 'extend_seq_lens': None, 'positions': [4787]}
[C2KV POSITION DEBUG] {'forward_mode': '2', 'correction': [620], 'seq_lens': [4169], 'extend_prefix_lens': None, 'extend_seq_lens': None, 'positions': [4788]}
[C2KV POSITION DEBUG] {'forward_mode': '2', 'correction': [620], 'seq_lens': [4170], 'extend_prefix_lens': None, 'extend_seq_lens': None, 'positions': [4789]}
[C2KV POSITION DEBUG] {'forward_mode': '2', 'correction': [620], 'seq_lens': [4171], 'extend_prefix_lens': None, 'extend_seq_lens': None, 'positions': [4790]}
[C2KV POSITION DEBUG] {'forward_mode': '2', 'correction': [620], 'seq_lens': [4172], 'extend_prefix_lens': None, 'extend_seq_lens': None, 'positions': [4791]}
[C2KV POSITION DEBUG] {'forward_mode': '2', 'correction': [620], 'seq_lens': [4173], 'extend_prefix_lens': None, 'extend_seq_lens': None, 'positions': [4792]}
[C2KV POSITION DEBUG] {'forward_mode': '2', 'correction': [620], 'seq_lens': [4174], 'extend_prefix_lens': None, 'extend_seq_lens': None, 'positions': [4793]}
[C2KV POSITION DEBUG] {'forward_mode': '2', 'correction': [620], 'seq_lens': [4175], 'extend_prefix_lens': None, 'extend_seq_lens': None, 'positions': [4794]}
[C2KV POSITION DEBUG] {'forward_mode': '2', 'correction': [620], 'seq_lens': [4176], 'extend_prefix_lens': None, 'extend_seq_lens': None, 'positions': [4795]}
[C2KV POSITION DEBUG] {'forward_mode': '2', 'correction': [620], 'seq_lens': [4177], 'extend_prefix_lens': None, 'extend_seq_lens': None, 'positions': [4796]}
[C2KV POSITION DEBUG] {'forward_mode': '2', 'correction': [620], 'seq_lens': [4178], 'extend_prefix_lens': None, 'extend_seq_lens': None, 'positions': [4797]}
[C2KV POSITION DEBUG] {'forward_mode': '2', 'correction': [620], 'seq_lens': [4179], 'extend_prefix_lens': None, 'extend_seq_lens': None, 'positions': [4798]}
[C2KV POSITION DEBUG] {'forward_mode': '2', 'correction': [620], 'seq_lens': [4180], 'extend_prefix_lens': None, 'extend_seq_lens': None, 'positions': [4799]}
[C2KV POSITION DEBUG] {'forward_mode': '2', 'correction': [620], 'seq_lens': [4181], 'extend_prefix_lens': None, 'extend_seq_lens': None, 'positions': [4800]}
[C2KV POSITION DEBUG] {'forward_mode': '2', 'correction': [620], 'seq_lens': [4182], 'extend_prefix_lens': None, 'extend_seq_lens': None, 'positions': [4801]}
[C2KV POSITION DEBUG] {'forward_mode': '2', 'correction': [620], 'seq_lens': [4183], 'extend_prefix_lens': None, 'extend_seq_lens': None, 'positions': [4802]}
[C2KV POSITION DEBUG] {'forward_mode': '2', 'correction': [620], 'seq_lens': [4184], 'extend_prefix_lens': None, 'extend_seq_lens': None, 'positions': [4803]}
[C2KV POSITION DEBUG] {'forward_mode': '2', 'correction': [620], 'seq_lens': [4185], 'extend_prefix_lens': None, 'extend_seq_lens': None, 'positions': [4804]}
[C2KV POSITION DEBUG] {'forward_mode': '2', 'correction': [620], 'seq_lens': [4186], 'extend_prefix_lens': None, 'extend_seq_lens': None, 'positions': [4805]}
[C2KV POSITION DEBUG] {'forward_mode': '2', 'correction': [620], 'seq_lens': [4187], 'extend_prefix_lens': None, 'extend_seq_lens': None, 'positions': [4806]}
[C2KV POSITION DEBUG] {'forward_mode': '2', 'correction': [620], 'seq_lens': [4188], 'extend_prefix_lens': None, 'extend_seq_lens': None, 'positions': [4807]}
[C2KV POSITION DEBUG] {'forward_mode': '2', 'correction': [620], 'seq_lens': [4189], 'extend_prefix_lens': None, 'extend_seq_lens': None, 'positions': [4808]}
[C2KV POSITION DEBUG] {'forward_mode': '2', 'correction': [620], 'seq_lens': [4190], 'extend_prefix_lens': None, 'extend_seq_lens': None, 'positions': [4809]}
[C2KV POSITION DEBUG] {'forward_mode': '2', 'correction': [620], 'seq_lens': [4191], 'extend_prefix_lens': None, 'extend_seq_lens': None, 'positions': [4810]}
[C2KV POSITION DEBUG] {'forward_mode': '2', 'correction': [620], 'seq_lens': [4192], 'extend_prefix_lens': None, 'extend_seq_lens': None, 'positions': [4811]}
[C2KV POSITION DEBUG] {'forward_mode': '2', 'correction': [620], 'seq_lens': [4193], 'extend_prefix_lens': None, 'extend_seq_lens': None, 'positions': [4812]}
[C2KV POSITION DEBUG] {'forward_mode': '2', 'correction': [620], 'seq_lens': [4194], 'extend_prefix_lens': None, 'extend_seq_lens': None, 'positions': [4813]}
[C2KV POSITION DEBUG] {'forward_mode': '2', 'correction': [620], 'seq_lens': [4195], 'extend_prefix_lens': None, 'extend_seq_lens': None, 'positions': [4814]}
[C2KV POSITION DEBUG] {'forward_mode': '2', 'correction': [620], 'seq_lens': [4196], 'extend_prefix_lens': None, 'extend_seq_lens': None, 'positions': [4815]}
[C2KV POSITION DEBUG] {'forward_mode': '2', 'correction': [620], 'seq_lens': [4197], 'extend_prefix_lens': None, 'extend_seq_lens': None, 'positions': [4816]}
[C2KV POSITION DEBUG] {'forward_mode': '2', 'correction': [620], 'seq_lens': [4198], 'extend_prefix_lens': None, 'extend_seq_lens': None, 'positions': [4817]}
[C2KV POSITION DEBUG] {'forward_mode': '2', 'correction': [620], 'seq_lens': [4199], 'extend_prefix_lens': None, 'extend_seq_lens': None, 'positions': [4818]}
[C2KV POSITION DEBUG] {'forward_mode': '2', 'correction': [620], 'seq_lens': [4200], 'extend_prefix_lens': None, 'extend_seq_lens': None, 'positions': [4819]}
[C2KV POSITION DEBUG] {'forward_mode': '2', 'correction': [620], 'seq_lens': [4201], 'extend_prefix_lens': None, 'extend_seq_lens': None, 'positions': [4820]}
[C2KV POSITION DEBUG] {'forward_mode': '2', 'correction': [620], 'seq_lens': [4202], 'extend_prefix_lens': None, 'extend_seq_lens': None, 'positions': [4821]}
[C2KV POSITION DEBUG] {'forward_mode': '2', 'correction': [620], 'seq_lens': [4203], 'extend_prefix_lens': None, 'extend_seq_lens': None, 'positions': [4822]}
[C2KV POSITION DEBUG] {'forward_mode': '2', 'correction': [620], 'seq_lens': [4204], 'extend_prefix_lens': None, 'extend_seq_lens': None, 'positions': [4823]}
[C2KV POSITION DEBUG] {'forward_mode': '2', 'correction': [620], 'seq_lens': [4205], 'extend_prefix_lens': None, 'extend_seq_lens': None, 'positions': [4824]}
[C2KV POSITION DEBUG] {'forward_mode': '2', 'correction': [620], 'seq_lens': [4206], 'extend_prefix_lens': None, 'extend_seq_lens': None, 'positions': [4825]}
[C2KV POSITION DEBUG] {'forward_mode': '2', 'correction': [620], 'seq_lens': [4207], 'extend_prefix_lens': None, 'extend_seq_lens': None, 'positions': [4826]}
[C2KV POSITION DEBUG] {'forward_mode': '2', 'correction': [620], 'seq_lens': [4208], 'extend_prefix_lens': None, 'extend_seq_lens': None, 'positions': [4827]}
[C2KV POSITION DEBUG] {'forward_mode': '2', 'correction': [620], 'seq_lens': [4209], 'extend_prefix_lens': None, 'extend_seq_lens': None, 'positions': [4828]}
[C2KV POSITION DEBUG] {'forward_mode': '2', 'correction': [620], 'seq_lens': [4210], 'extend_prefix_lens': None, 'extend_seq_lens': None, 'positions': [4829]}
[C2KV POSITION DEBUG] {'forward_mode': '2', 'correction': [620], 'seq_lens': [4211], 'extend_prefix_lens': None, 'extend_seq_lens': None, 'positions': [4830]}
[C2KV POSITION DEBUG] {'forward_mode': '2', 'correction': [620], 'seq_lens': [4212], 'extend_prefix_lens': None, 'extend_seq_lens': None, 'positions': [4831]}
[C2KV POSITION DEBUG] {'forward_mode': '2', 'correction': [620], 'seq_lens': [4213], 'extend_prefix_lens': None, 'extend_seq_lens': None, 'positions': [4832]}
[C2KV POSITION DEBUG] {'forward_mode': '2', 'correction': [620], 'seq_lens': [4214], 'extend_prefix_lens': None, 'extend_seq_lens': None, 'positions': [4833]}
[C2KV POSITION DEBUG] {'forward_mode': '2', 'correction': [620], 'seq_lens': [4215], 'extend_prefix_lens': None, 'extend_seq_lens': None, 'positions': [4834]}
[C2KV POSITION DEBUG] {'forward_mode': '2', 'correction': [620], 'seq_lens': [4216], 'extend_prefix_lens': None, 'extend_seq_lens': None, 'positions': [4835]}
[C2KV POSITION DEBUG] {'forward_mode': '2', 'correction': [620], 'seq_lens': [4217], 'extend_prefix_lens': None, 'extend_seq_lens': None, 'positions': [4836]}
[C2KV POSITION DEBUG] {'forward_mode': '2', 'correction': [620], 'seq_lens': [4218], 'extend_prefix_lens': None, 'extend_seq_lens': None, 'positions': [4837]}
[C2KV POSITION DEBUG] {'forward_mode': '2', 'correction': [620], 'seq_lens': [4219], 'extend_prefix_lens': None, 'extend_seq_lens': None, 'positions': [4838]}
[C2KV POSITION DEBUG] {'forward_mode': '2', 'correction': [620], 'seq_lens': [4220], 'extend_prefix_lens': None, 'extend_seq_lens': None, 'positions': [4839]}
[C2KV POSITION DEBUG] {'forward_mode': '2', 'correction': [620], 'seq_lens': [4221], 'extend_prefix_lens': None, 'extend_seq_lens': None, 'positions': [4840]}
[C2KV POSITION DEBUG] {'forward_mode': '2', 'correction': [620], 'seq_lens': [4222], 'extend_prefix_lens': None, 'extend_seq_lens': None, 'positions': [4841]}
[C2KV POSITION DEBUG] {'forward_mode': '2', 'correction': [620], 'seq_lens': [4223], 'extend_prefix_lens': None, 'extend_seq_lens': None, 'positions': [4842]}
[C2KV POSITION DEBUG] {'forward_mode': '2', 'correction': [620], 'seq_lens': [4224], 'extend_prefix_lens': None, 'extend_seq_lens': None, 'positions': [4843]}
[C2KV POSITION DEBUG] {'forward_mode': '2', 'correction': [620], 'seq_lens': [4225], 'extend_prefix_lens': None, 'extend_seq_lens': None, 'positions': [4844]}
[C2KV POSITION DEBUG] {'forward_mode': '2', 'correction': [620], 'seq_lens': [4226], 'extend_prefix_lens': None, 'extend_seq_lens': None, 'positions': [4845]}
[C2KV POSITION DEBUG] {'forward_mode': '2', 'correction': [620], 'seq_lens': [4227], 'extend_prefix_lens': None, 'extend_seq_lens': None, 'positions': [4846]}
[C2KV POSITION DEBUG] {'forward_mode': '2', 'correction': [620], 'seq_lens': [4228], 'extend_prefix_lens': None, 'extend_seq_lens': None, 'positions': [4847]}
[C2KV POSITION DEBUG] {'forward_mode': '2', 'correction': [620], 'seq_lens': [4229], 'extend_prefix_lens': None, 'extend_seq_lens': None, 'positions': [4848]}
[C2KV POSITION DEBUG] {'forward_mode': '2', 'correction': [620], 'seq_lens': [4230], 'extend_prefix_lens': None, 'extend_seq_lens': None, 'positions': [4849]}
[C2KV POSITION DEBUG] {'forward_mode': '2', 'correction': [620], 'seq_lens': [4231], 'extend_prefix_lens': None, 'extend_seq_lens': None, 'positions': [4850]}
[C2KV POSITION DEBUG] {'forward_mode': '2', 'correction': [620], 'seq_lens': [4232], 'extend_prefix_lens': None, 'extend_seq_lens': None, 'positions': [4851]}
[C2KV POSITION DEBUG] {'forward_mode': '2', 'correction': [620], 'seq_lens': [4233], 'extend_prefix_lens': None, 'extend_seq_lens': None, 'positions': [4852]}
[C2KV POSITION DEBUG] {'forward_mode': '2', 'correction': [620], 'seq_lens': [4234], 'extend_prefix_lens': None, 'extend_seq_lens': None, 'positions': [4853]}
[C2KV POSITION DEBUG] {'forward_mode': '2', 'correction': [620], 'seq_lens': [4235], 'extend_prefix_lens': None, 'extend_seq_lens': None, 'positions': [4854]}
[C2KV POSITION DEBUG] {'forward_mode': '2', 'correction': [620], 'seq_lens': [4236], 'extend_prefix_lens': None, 'extend_seq_lens': None, 'positions': [4855]}
[C2KV POSITION DEBUG] {'forward_mode': '1', 'correction': [620], 'seq_lens': [4096], 'extend_prefix_lens': [4005], 'extend_seq_lens': [91], 'positions': [4625, 4626, 4627, 4628, 4629, 4630, 4631, 4632, 4633, 4634, 4635, 4636, 4637, 4638, 4639, 4640, 4641, 4642, 4643, 4644, 4645, 4646, 4647, 4648, 4649, 4650, 4651, 4652, 4653, 4654, 4655, 4656, 4657, 4658, 4659, 4660, 4661, 4662, 4663, 4664, 4665, 4666, 4667, 4668, 4669, 4670, 4671, 4672, 4673, 4674, 4675, 4676, 4677, 4678, 4679, 4680, 4681, 4682, 4683, 4684, 4685, 4686, 4687, 4688, 4689, 4690, 4691, 4692, 4693, 4694, 4695, 4696, 4697, 4698, 4699, 4700, 4701, 4702, 4703, 4704, 4705, 4706, 4707, 4708, 4709, 4710, 4711, 4712, 4713, 4714, 4715]}
[C2KV POSITION DEBUG] {'forward_mode': '1', 'correction': [620], 'seq_lens': [4327], 'extend_prefix_lens': [4096], 'extend_seq_lens': [231], 'positions': [4716, 4717, 4718, 4719, 4720, 4721, 4722, 4723, 4724, 4725, 4726, 4727, 4728, 4729, 4730, 4731, 4732, 4733, 4734, 4735, 4736, 4737, 4738, 4739, 4740, 4741, 4742, 4743, 4744, 4745, 4746, 4747, 4748, 4749, 4750, 4751, 4752, 4753, 4754, 4755, 4756, 4757, 4758, 4759, 4760, 4761, 4762, 4763, 4764, 4765, 4766, 4767, 4768, 4769, 4770, 4771, 4772, 4773, 4774, 4775, 4776, 4777, 4778, 4779, 4780, 4781, 4782, 4783, 4784, 4785, 4786, 4787, 4788, 4789, 4790, 4791, 4792, 4793, 4794, 4795, 4796, 4797, 4798, 4799, 4800, 4801, 4802, 4803, 4804, 4805, 4806, 4807, 4808, 4809, 4810, 4811, 4812, 4813, 4814, 4815, 4816, 4817, 4818, 4819, 4820, 4821, 4822, 4823, 4824, 4825, 4826, 4827, 4828, 4829, 4830, 4831, 4832, 4833, 4834, 4835, 4836, 4837, 4838, 4839, 4840, 4841, 4842, 4843, 4844, 4845, 4846, 4847, 4848, 4849, 4850, 4851, 4852, 4853, 4854, 4855, 4856, 4857, 4858, 4859, 4860, 4861, 4862, 4863, 4864, 4865, 4866, 4867, 4868, 4869, 4870, 4871, 4872, 4873, 4874, 4875, 4876, 4877, 4878, 4879, 4880, 4881, 4882, 4883, 4884, 4885, 4886, 4887, 4888, 4889, 4890, 4891, 4892, 4893, 4894, 4895, 4896, 4897, 4898, 4899, 4900, 4901, 4902, 4903, 4904, 4905, 4906, 4907, 4908, 4909, 4910, 4911, 4912, 4913, 4914, 4915, 4916, 4917, 4918, 4919, 4920, 4921, 4922, 4923, 4924, 4925, 4926, 4927, 4928, 4929, 4930, 4931, 4932, 4933, 4934, 4935, 4936, 4937, 4938, 4939, 4940, 4941, 4942, 4943, 4944, 4945, 4946]}
[C2KV POSITION DEBUG] {'forward_mode': '2', 'correction': [620], 'seq_lens': [4328], 'extend_prefix_lens': None, 'extend_seq_lens': None, 'positions': [4947]}
[C2KV POSITION DEBUG] {'forward_mode': '2', 'correction': [620], 'seq_lens': [4329], 'extend_prefix_lens': None, 'extend_seq_lens': None, 'positions': [4948]}
[C2KV POSITION DEBUG] {'forward_mode': '2', 'correction': [620], 'seq_lens': [4330], 'extend_prefix_lens': None, 'extend_seq_lens': None, 'positions': [4949]}
[C2KV POSITION DEBUG] {'forward_mode': '2', 'correction': [620], 'seq_lens': [4331], 'extend_prefix_lens': None, 'extend_seq_lens': None, 'positions': [4950]}
[C2KV POSITION DEBUG] {'forward_mode': '2', 'correction': [620], 'seq_lens': [4332], 'extend_prefix_lens': None, 'extend_seq_lens': None, 'positions': [4951]}
[C2KV POSITION DEBUG] {'forward_mode': '2', 'correction': [620], 'seq_lens': [4333], 'extend_prefix_lens': None, 'extend_seq_lens': None, 'positions': [4952]}
[C2KV POSITION DEBUG] {'forward_mode': '2', 'correction': [620], 'seq_lens': [4334], 'extend_prefix_lens': None, 'extend_seq_lens': None, 'positions': [4953]}
[C2KV POSITION DEBUG] {'forward_mode': '2', 'correction': [620], 'seq_lens': [4335], 'extend_prefix_lens': None, 'extend_seq_lens': None, 'positions': [4954]}
[C2KV POSITION DEBUG] {'forward_mode': '2', 'correction': [620], 'seq_lens': [4336], 'extend_prefix_lens': None, 'extend_seq_lens': None, 'positions': [4955]}
[C2KV POSITION DEBUG] {'forward_mode': '2', 'correction': [620], 'seq_lens': [4337], 'extend_prefix_lens': None, 'extend_seq_lens': None, 'positions': [4956]}
[C2KV POSITION DEBUG] {'forward_mode': '2', 'correction': [620], 'seq_lens': [4338], 'extend_prefix_lens': None, 'extend_seq_lens': None, 'positions': [4957]}
[C2KV POSITION DEBUG] {'forward_mode': '2', 'correction': [620], 'seq_lens': [4339], 'extend_prefix_lens': None, 'extend_seq_lens': None, 'positions': [4958]}
[C2KV POSITION DEBUG] {'forward_mode': '2', 'correction': [620], 'seq_lens': [4340], 'extend_prefix_lens': None, 'extend_seq_lens': None, 'positions': [4959]}
[C2KV POSITION DEBUG] {'forward_mode': '2', 'correction': [620], 'seq_lens': [4341], 'extend_prefix_lens': None, 'extend_seq_lens': None, 'positions': [4960]}
[C2KV POSITION DEBUG] {'forward_mode': '2', 'correction': [620], 'seq_lens': [4342], 'extend_prefix_lens': None, 'extend_seq_lens': None, 'positions': [4961]}
[C2KV POSITION DEBUG] {'forward_mode': '2', 'correction': [620], 'seq_lens': [4343], 'extend_prefix_lens': None, 'extend_seq_lens': None, 'positions': [4962]}
[C2KV POSITION DEBUG] {'forward_mode': '2', 'correction': [620], 'seq_lens': [4344], 'extend_prefix_lens': None, 'extend_seq_lens': None, 'positions': [4963]}
[C2KV POSITION DEBUG] {'forward_mode': '2', 'correction': [620], 'seq_lens': [4345], 'extend_prefix_lens': None, 'extend_seq_lens': None, 'positions': [4964]}
[C2KV POSITION DEBUG] {'forward_mode': '2', 'correction': [620], 'seq_lens': [4346], 'extend_prefix_lens': None, 'extend_seq_lens': None, 'positions': [4965]}
[C2KV POSITION DEBUG] {'forward_mode': '2', 'correction': [620], 'seq_lens': [4347], 'extend_prefix_lens': None, 'extend_seq_lens': None, 'positions': [4966]}
[C2KV POSITION DEBUG] {'forward_mode': '2', 'correction': [620], 'seq_lens': [4348], 'extend_prefix_lens': None, 'extend_seq_lens': None, 'positions': [4967]}
[C2KV POSITION DEBUG] {'forward_mode': '2', 'correction': [620], 'seq_lens': [4349], 'extend_prefix_lens': None, 'extend_seq_lens': None, 'positions': [4968]}
[C2KV POSITION DEBUG] {'forward_mode': '2', 'correction': [620], 'seq_lens': [4350], 'extend_prefix_lens': None, 'extend_seq_lens': None, 'positions': [4969]}
[C2KV POSITION DEBUG] {'forward_mode': '2', 'correction': [620], 'seq_lens': [4351], 'extend_prefix_lens': None, 'extend_seq_lens': None, 'positions': [4970]}
[C2KV POSITION DEBUG] {'forward_mode': '2', 'correction': [620], 'seq_lens': [4352], 'extend_prefix_lens': None, 'extend_seq_lens': None, 'positions': [4971]}
[C2KV POSITION DEBUG] {'forward_mode': '2', 'correction': [620], 'seq_lens': [4353], 'extend_prefix_lens': None, 'extend_seq_lens': None, 'positions': [4972]}
[C2KV POSITION DEBUG] {'forward_mode': '2', 'correction': [620], 'seq_lens': [4354], 'extend_prefix_lens': None, 'extend_seq_lens': None, 'positions': [4973]}
[C2KV POSITION DEBUG] {'forward_mode': '2', 'correction': [620], 'seq_lens': [4355], 'extend_prefix_lens': None, 'extend_seq_lens': None, 'positions': [4974]}
[C2KV POSITION DEBUG] {'forward_mode': '2', 'correction': [620], 'seq_lens': [4356], 'extend_prefix_lens': None, 'extend_seq_lens': None, 'positions': [4975]}
[C2KV POSITION DEBUG] {'forward_mode': '2', 'correction': [620], 'seq_lens': [4357], 'extend_prefix_lens': None, 'extend_seq_lens': None, 'positions': [4976]}
[C2KV POSITION DEBUG] {'forward_mode': '2', 'correction': [620], 'seq_lens': [4358], 'extend_prefix_lens': None, 'extend_seq_lens': None, 'positions': [4977]}
[C2KV POSITION DEBUG] {'forward_mode': '2', 'correction': [620], 'seq_lens': [4359], 'extend_prefix_lens': None, 'extend_seq_lens': None, 'positions': [4978]}
[C2KV POSITION DEBUG] {'forward_mode': '2', 'correction': [620], 'seq_lens': [4360], 'extend_prefix_lens': None, 'extend_seq_lens': None, 'positions': [4979]}
[C2KV POSITION DEBUG] {'forward_mode': '2', 'correction': [620], 'seq_lens': [4361], 'extend_prefix_lens': None, 'extend_seq_lens': None, 'positions': [4980]}
[C2KV POSITION DEBUG] {'forward_mode': '2', 'correction': [620], 'seq_lens': [4362], 'extend_prefix_lens': None, 'extend_seq_lens': None, 'positions': [4981]}
[C2KV POSITION DEBUG] {'forward_mode': '2', 'correction': [620], 'seq_lens': [4363], 'extend_prefix_lens': None, 'extend_seq_lens': None, 'positions': [4982]}
[C2KV POSITION DEBUG] {'forward_mode': '2', 'correction': [620], 'seq_lens': [4364], 'extend_prefix_lens': None, 'extend_seq_lens': None, 'positions': [4983]}
[C2KV POSITION DEBUG] {'forward_mode': '2', 'correction': [620], 'seq_lens': [4365], 'extend_prefix_lens': None, 'extend_seq_lens': None, 'positions': [4984]}
[C2KV POSITION DEBUG] {'forward_mode': '2', 'correction': [620], 'seq_lens': [4366], 'extend_prefix_lens': None, 'extend_seq_lens': None, 'positions': [4985]}
[C2KV POSITION DEBUG] {'forward_mode': '2', 'correction': [620], 'seq_lens': [4367], 'extend_prefix_lens': None, 'extend_seq_lens': None, 'positions': [4986]}
[C2KV POSITION DEBUG] {'forward_mode': '2', 'correction': [620], 'seq_lens': [4368], 'extend_prefix_lens': None, 'extend_seq_lens': None, 'positions': [4987]}
[C2KV POSITION DEBUG] {'forward_mode': '2', 'correction': [620], 'seq_lens': [4369], 'extend_prefix_lens': None, 'extend_seq_lens': None, 'positions': [4988]}
[C2KV POSITION DEBUG] {'forward_mode': '2', 'correction': [620], 'seq_lens': [4370], 'extend_prefix_lens': None, 'extend_seq_lens': None, 'positions': [4989]}
[C2KV POSITION DEBUG] {'forward_mode': '2', 'correction': [620], 'seq_lens': [4371], 'extend_prefix_lens': None, 'extend_seq_lens': None, 'positions': [4990]}
[C2KV POSITION DEBUG] {'forward_mode': '2', 'correction': [620], 'seq_lens': [4372], 'extend_prefix_lens': None, 'extend_seq_lens': None, 'positions': [4991]}
[C2KV POSITION DEBUG] {'forward_mode': '2', 'correction': [620], 'seq_lens': [4373], 'extend_prefix_lens': None, 'extend_seq_lens': None, 'positions': [4992]}
[C2KV POSITION DEBUG] {'forward_mode': '2', 'correction': [620], 'seq_lens': [4374], 'extend_prefix_lens': None, 'extend_seq_lens': None, 'positions': [4993]}
[C2KV POSITION DEBUG] {'forward_mode': '2', 'correction': [620], 'seq_lens': [4375], 'extend_prefix_lens': None, 'extend_seq_lens': None, 'positions': [4994]}
[C2KV POSITION DEBUG] {'forward_mode': '2', 'correction': [620], 'seq_lens': [4376], 'extend_prefix_lens': None, 'extend_seq_lens': None, 'positions': [4995]}
[C2KV POSITION DEBUG] {'forward_mode': '2', 'correction': [620], 'seq_lens': [4377], 'extend_prefix_lens': None, 'extend_seq_lens': None, 'positions': [4996]}
[C2KV POSITION DEBUG] {'forward_mode': '2', 'correction': [620], 'seq_lens': [4378], 'extend_prefix_lens': None, 'extend_seq_lens': None, 'positions': [4997]}
[C2KV POSITION DEBUG] {'forward_mode': '2', 'correction': [620], 'seq_lens': [4379], 'extend_prefix_lens': None, 'extend_seq_lens': None, 'positions': [4998]}
[C2KV POSITION DEBUG] {'forward_mode': '2', 'correction': [620], 'seq_lens': [4380], 'extend_prefix_lens': None, 'extend_seq_lens': None, 'positions': [4999]}
[C2KV POSITION DEBUG] {'forward_mode': '2', 'correction': [620], 'seq_lens': [4381], 'extend_prefix_lens': None, 'extend_seq_lens': None, 'positions': [5000]}
[C2KV POSITION DEBUG] {'forward_mode': '2', 'correction': [620], 'seq_lens': [4382], 'extend_prefix_lens': None, 'extend_seq_lens': None, 'positions': [5001]}
[C2KV POSITION DEBUG] {'forward_mode': '2', 'correction': [620], 'seq_lens': [4383], 'extend_prefix_lens': None, 'extend_seq_lens': None, 'positions': [5002]}
[C2KV POSITION DEBUG] {'forward_mode': '2', 'correction': [620], 'seq_lens': [4384], 'extend_prefix_lens': None, 'extend_seq_lens': None, 'positions': [5003]}
[C2KV POSITION DEBUG] {'forward_mode': '2', 'correction': [620], 'seq_lens': [4385], 'extend_prefix_lens': None, 'extend_seq_lens': None, 'positions': [5004]}
[C2KV POSITION DEBUG] {'forward_mode': '2', 'correction': [620], 'seq_lens': [4386], 'extend_prefix_lens': None, 'extend_seq_lens': None, 'positions': [5005]}
[C2KV POSITION DEBUG] {'forward_mode': '2', 'correction': [620], 'seq_lens': [4387], 'extend_prefix_lens': None, 'extend_seq_lens': None, 'positions': [5006]}
[C2KV POSITION DEBUG] {'forward_mode': '2', 'correction': [620], 'seq_lens': [4388], 'extend_prefix_lens': None, 'extend_seq_lens': None, 'positions': [5007]}
[C2KV POSITION DEBUG] {'forward_mode': '2', 'correction': [620], 'seq_lens': [4389], 'extend_prefix_lens': None, 'extend_seq_lens': None, 'positions': [5008]}
[C2KV POSITION DEBUG] {'forward_mode': '2', 'correction': [620], 'seq_lens': [4390], 'extend_prefix_lens': None, 'extend_seq_lens': None, 'positions': [5009]}
[C2KV POSITION DEBUG] {'forward_mode': '2', 'correction': [620], 'seq_lens': [4391], 'extend_prefix_lens': None, 'extend_seq_lens': None, 'positions': [5010]}
[C2KV POSITION DEBUG] {'forward_mode': '2', 'correction': [620], 'seq_lens': [4392], 'extend_prefix_lens': None, 'extend_seq_lens': None, 'positions': [5011]}
[C2KV POSITION DEBUG] {'forward_mode': '2', 'correction': [620], 'seq_lens': [4393], 'extend_prefix_lens': None, 'extend_seq_lens': None, 'positions': [5012]}
[C2KV POSITION DEBUG] {'forward_mode': '2', 'correction': [620], 'seq_lens': [4394], 'extend_prefix_lens': None, 'extend_seq_lens': None, 'positions': [5013]}
[C2KV POSITION DEBUG] {'forward_mode': '2', 'correction': [620], 'seq_lens': [4395], 'extend_prefix_lens': None, 'extend_seq_lens': None, 'positions': [5014]}
[C2KV POSITION DEBUG] {'forward_mode': '2', 'correction': [620], 'seq_lens': [4396], 'extend_prefix_lens': None, 'extend_seq_lens': None, 'positions': [5015]}
[C2KV POSITION DEBUG] {'forward_mode': '2', 'correction': [620], 'seq_lens': [4397], 'extend_prefix_lens': None, 'extend_seq_lens': None, 'positions': [5016]}
[C2KV POSITION DEBUG] {'forward_mode': '2', 'correction': [620], 'seq_lens': [4398], 'extend_prefix_lens': None, 'extend_seq_lens': None, 'positions': [5017]}
[C2KV POSITION DEBUG] {'forward_mode': '2', 'correction': [620], 'seq_lens': [4399], 'extend_prefix_lens': None, 'extend_seq_lens': None, 'positions': [5018]}
[C2KV POSITION DEBUG] {'forward_mode': '2', 'correction': [620], 'seq_lens': [4400], 'extend_prefix_lens': None, 'extend_seq_lens': None, 'positions': [5019]}
[C2KV POSITION DEBUG] {'forward_mode': '2', 'correction': [620], 'seq_lens': [4401], 'extend_prefix_lens': None, 'extend_seq_lens': None, 'positions': [5020]}
[C2KV POSITION DEBUG] {'forward_mode': '2', 'correction': [620], 'seq_lens': [4402], 'extend_prefix_lens': None, 'extend_seq_lens': None, 'positions': [5021]}
[C2KV POSITION DEBUG] {'forward_mode': '2', 'correction': [620], 'seq_lens': [4403], 'extend_prefix_lens': None, 'extend_seq_lens': None, 'positions': [5022]}
[C2KV POSITION DEBUG] {'forward_mode': '2', 'correction': [620], 'seq_lens': [4404], 'extend_prefix_lens': None, 'extend_seq_lens': None, 'positions': [5023]}
[C2KV POSITION DEBUG] {'forward_mode': '2', 'correction': [620], 'seq_lens': [4405], 'extend_prefix_lens': None, 'extend_seq_lens': None, 'positions': [5024]}
[C2KV POSITION DEBUG] {'forward_mode': '2', 'correction': [620], 'seq_lens': [4406], 'extend_prefix_lens': None, 'extend_seq_lens': None, 'positions': [5025]}
[C2KV POSITION DEBUG] {'forward_mode': '2', 'correction': [620], 'seq_lens': [4407], 'extend_prefix_lens': None, 'extend_seq_lens': None, 'positions': [5026]}
[C2KV POSITION DEBUG] {'forward_mode': '2', 'correction': [620], 'seq_lens': [4408], 'extend_prefix_lens': None, 'extend_seq_lens': None, 'positions': [5027]}
[C2KV POSITION DEBUG] {'forward_mode': '2', 'correction': [620], 'seq_lens': [4409], 'extend_prefix_lens': None, 'extend_seq_lens': None, 'positions': [5028]}
[C2KV POSITION DEBUG] {'forward_mode': '2', 'correction': [620], 'seq_lens': [4410], 'extend_prefix_lens': None, 'extend_seq_lens': None, 'positions': [5029]}
[C2KV POSITION DEBUG] {'forward_mode': '2', 'correction': [620], 'seq_lens': [4411], 'extend_prefix_lens': None, 'extend_seq_lens': None, 'positions': [5030]}
[C2KV POSITION DEBUG] {'forward_mode': '2', 'correction': [620], 'seq_lens': [4412], 'extend_prefix_lens': None, 'extend_seq_lens': None, 'positions': [5031]}
[C2KV POSITION DEBUG] {'forward_mode': '2', 'correction': [620], 'seq_lens': [4413], 'extend_prefix_lens': None, 'extend_seq_lens': None, 'positions': [5032]}
[C2KV POSITION DEBUG] {'forward_mode': '2', 'correction': [620], 'seq_lens': [4414], 'extend_prefix_lens': None, 'extend_seq_lens': None, 'positions': [5033]}
[C2KV POSITION DEBUG] {'forward_mode': '2', 'correction': [620], 'seq_lens': [4415], 'extend_prefix_lens': None, 'extend_seq_lens': None, 'positions': [5034]}
[C2KV POSITION DEBUG] {'forward_mode': '2', 'correction': [620], 'seq_lens': [4416], 'extend_prefix_lens': None, 'extend_seq_lens': None, 'positions': [5035]}
[C2KV POSITION DEBUG] {'forward_mode': '2', 'correction': [620], 'seq_lens': [4417], 'extend_prefix_lens': None, 'extend_seq_lens': None, 'positions': [5036]}
[C2KV POSITION DEBUG] {'forward_mode': '2', 'correction': [620], 'seq_lens': [4418], 'extend_prefix_lens': None, 'extend_seq_lens': None, 'positions': [5037]}
[C2KV POSITION DEBUG] {'forward_mode': '2', 'correction': [620], 'seq_lens': [4419], 'extend_prefix_lens': None, 'extend_seq_lens': None, 'positions': [5038]}
[C2KV POSITION DEBUG] {'forward_mode': '2', 'correction': [620], 'seq_lens': [4420], 'extend_prefix_lens': None, 'extend_seq_lens': None, 'positions': [5039]}
[C2KV POSITION DEBUG] {'forward_mode': '2', 'correction': [620], 'seq_lens': [4421], 'extend_prefix_lens': None, 'extend_seq_lens': None, 'positions': [5040]}
[C2KV POSITION DEBUG] {'forward_mode': '2', 'correction': [620], 'seq_lens': [4422], 'extend_prefix_lens': None, 'extend_seq_lens': None, 'positions': [5041]}
[C2KV POSITION DEBUG] {'forward_mode': '2', 'correction': [620], 'seq_lens': [4423], 'extend_prefix_lens': None, 'extend_seq_lens': None, 'positions': [5042]}
[C2KV POSITION DEBUG] {'forward_mode': '2', 'correction': [620], 'seq_lens': [4424], 'extend_prefix_lens': None, 'extend_seq_lens': None, 'positions': [5043]}
[C2KV POSITION DEBUG] {'forward_mode': '2', 'correction': [620], 'seq_lens': [4425], 'extend_prefix_lens': None, 'extend_seq_lens': None, 'positions': [5044]}
[C2KV POSITION DEBUG] {'forward_mode': '2', 'correction': [620], 'seq_lens': [4426], 'extend_prefix_lens': None, 'extend_seq_lens': None, 'positions': [5045]}
[C2KV POSITION DEBUG] {'forward_mode': '2', 'correction': [620], 'seq_lens': [4427], 'extend_prefix_lens': None, 'extend_seq_lens': None, 'positions': [5046]}
[C2KV POSITION DEBUG] {'forward_mode': '2', 'correction': [620], 'seq_lens': [4428], 'extend_prefix_lens': None, 'extend_seq_lens': None, 'positions': [5047]}
[C2KV POSITION DEBUG] {'forward_mode': '2', 'correction': [620], 'seq_lens': [4429], 'extend_prefix_lens': None, 'extend_seq_lens': None, 'positions': [5048]}
[C2KV POSITION DEBUG] {'forward_mode': '2', 'correction': [620], 'seq_lens': [4430], 'extend_prefix_lens': None, 'extend_seq_lens': None, 'positions': [5049]}
[C2KV POSITION DEBUG] {'forward_mode': '2', 'correction': [620], 'seq_lens': [4431], 'extend_prefix_lens': None, 'extend_seq_lens': None, 'positions': [5050]}
[C2KV POSITION DEBUG] {'forward_mode': '2', 'correction': [620], 'seq_lens': [4432], 'extend_prefix_lens': None, 'extend_seq_lens': None, 'positions': [5051]}
[C2KV POSITION DEBUG] {'forward_mode': '2', 'correction': [620], 'seq_lens': [4433], 'extend_prefix_lens': None, 'extend_seq_lens': None, 'positions': [5052]}
[C2KV POSITION DEBUG] {'forward_mode': '2', 'correction': [620], 'seq_lens': [4434], 'extend_prefix_lens': None, 'extend_seq_lens': None, 'positions': [5053]}
[C2KV POSITION DEBUG] {'forward_mode': '2', 'correction': [620], 'seq_lens': [4435], 'extend_prefix_lens': None, 'extend_seq_lens': None, 'positions': [5054]}
[C2KV POSITION DEBUG] {'forward_mode': '2', 'correction': [620], 'seq_lens': [4436], 'extend_prefix_lens': None, 'extend_seq_lens': None, 'positions': [5055]}
[C2KV POSITION DEBUG] {'forward_mode': '2', 'correction': [620], 'seq_lens': [4437], 'extend_prefix_lens': None, 'extend_seq_lens': None, 'positions': [5056]}
[C2KV POSITION DEBUG] {'forward_mode': '2', 'correction': [620], 'seq_lens': [4438], 'extend_prefix_lens': None, 'extend_seq_lens': None, 'positions': [5057]}
[C2KV POSITION DEBUG] {'forward_mode': '2', 'correction': [620], 'seq_lens': [4439], 'extend_prefix_lens': None, 'extend_seq_lens': None, 'positions': [5058]}
[C2KV POSITION DEBUG] {'forward_mode': '2', 'correction': [620], 'seq_lens': [4440], 'extend_prefix_lens': None, 'extend_seq_lens': None, 'positions': [5059]}
[C2KV POSITION DEBUG] {'forward_mode': '2', 'correction': [620], 'seq_lens': [4441], 'extend_prefix_lens': None, 'extend_seq_lens': None, 'positions': [5060]}
[C2KV POSITION DEBUG] {'forward_mode': '2', 'correction': [620], 'seq_lens': [4442], 'extend_prefix_lens': None, 'extend_seq_lens': None, 'positions': [5061]}
[C2KV POSITION DEBUG] {'forward_mode': '2', 'correction': [620], 'seq_lens': [4443], 'extend_prefix_lens': None, 'extend_seq_lens': None, 'positions': [5062]}
[C2KV POSITION DEBUG] {'forward_mode': '2', 'correction': [620], 'seq_lens': [4444], 'extend_prefix_lens': None, 'extend_seq_lens': None, 'positions': [5063]}
[C2KV POSITION DEBUG] {'forward_mode': '2', 'correction': [620], 'seq_lens': [4445], 'extend_prefix_lens': None, 'extend_seq_lens': None, 'positions': [5064]}
[C2KV POSITION DEBUG] {'forward_mode': '1', 'correction': [454], 'seq_lens': [4224], 'extend_prefix_lens': [4171], 'extend_seq_lens': [53], 'positions': [4625, 4626, 4627, 4628, 4629, 4630, 4631, 4632, 4633, 4634, 4635, 4636, 4637, 4638, 4639, 4640, 4641, 4642, 4643, 4644, 4645, 4646, 4647, 4648, 4649, 4650, 4651, 4652, 4653, 4654, 4655, 4656, 4657, 4658, 4659, 4660, 4661, 4662, 4663, 4664, 4665, 4666, 4667, 4668, 4669, 4670, 4671, 4672, 4673, 4674, 4675, 4676, 4677]}
[C2KV POSITION DEBUG] {'forward_mode': '1', 'correction': [454], 'seq_lens': [4281], 'extend_prefix_lens': [4224], 'extend_seq_lens': [57], 'positions': [4678, 4679, 4680, 4681, 4682, 4683, 4684, 4685, 4686, 4687, 4688, 4689, 4690, 4691, 4692, 4693, 4694, 4695, 4696, 4697, 4698, 4699, 4700, 4701, 4702, 4703, 4704, 4705, 4706, 4707, 4708, 4709, 4710, 4711, 4712, 4713, 4714, 4715, 4716, 4717, 4718, 4719, 4720, 4721, 4722, 4723, 4724, 4725, 4726, 4727, 4728, 4729, 4730, 4731, 4732, 4733, 4734]}
[C2KV POSITION DEBUG] {'forward_mode': '2', 'correction': [454], 'seq_lens': [4282], 'extend_prefix_lens': None, 'extend_seq_lens': None, 'positions': [4735]}
[C2KV POSITION DEBUG] {'forward_mode': '2', 'correction': [454], 'seq_lens': [4283], 'extend_prefix_lens': None, 'extend_seq_lens': None, 'positions': [4736]}
[C2KV POSITION DEBUG] {'forward_mode': '2', 'correction': [454], 'seq_lens': [4284], 'extend_prefix_lens': None, 'extend_seq_lens': None, 'positions': [4737]}
[C2KV POSITION DEBUG] {'forward_mode': '2', 'correction': [454], 'seq_lens': [4285], 'extend_prefix_lens': None, 'extend_seq_lens': None, 'positions': [4738]}
[C2KV POSITION DEBUG] {'forward_mode': '2', 'correction': [454], 'seq_lens': [4286], 'extend_prefix_lens': None, 'extend_seq_lens': None, 'positions': [4739]}
[C2KV POSITION DEBUG] {'forward_mode': '2', 'correction': [454], 'seq_lens': [4287], 'extend_prefix_lens': None, 'extend_seq_lens': None, 'positions': [4740]}
[C2KV POSITION DEBUG] {'forward_mode': '2', 'correction': [454], 'seq_lens': [4288], 'extend_prefix_lens': None, 'extend_seq_lens': None, 'positions': [4741]}
[C2KV POSITION DEBUG] {'forward_mode': '2', 'correction': [454], 'seq_lens': [4289], 'extend_prefix_lens': None, 'extend_seq_lens': None, 'positions': [4742]}
[C2KV POSITION DEBUG] {'forward_mode': '2', 'correction': [454], 'seq_lens': [4290], 'extend_prefix_lens': None, 'extend_seq_lens': None, 'positions': [4743]}
[C2KV POSITION DEBUG] {'forward_mode': '2', 'correction': [454], 'seq_lens': [4291], 'extend_prefix_lens': None, 'extend_seq_lens': None, 'positions': [4744]}
[C2KV POSITION DEBUG] {'forward_mode': '2', 'correction': [454], 'seq_lens': [4292], 'extend_prefix_lens': None, 'extend_seq_lens': None, 'positions': [4745]}
[C2KV POSITION DEBUG] {'forward_mode': '2', 'correction': [454], 'seq_lens': [4293], 'extend_prefix_lens': None, 'extend_seq_lens': None, 'positions': [4746]}
[C2KV POSITION DEBUG] {'forward_mode': '2', 'correction': [454], 'seq_lens': [4294], 'extend_prefix_lens': None, 'extend_seq_lens': None, 'positions': [4747]}
[C2KV POSITION DEBUG] {'forward_mode': '2', 'correction': [454], 'seq_lens': [4295], 'extend_prefix_lens': None, 'extend_seq_lens': None, 'positions': [4748]}
[C2KV POSITION DEBUG] {'forward_mode': '2', 'correction': [454], 'seq_lens': [4296], 'extend_prefix_lens': None, 'extend_seq_lens': None, 'positions': [4749]}
[C2KV POSITION DEBUG] {'forward_mode': '2', 'correction': [454], 'seq_lens': [4297], 'extend_prefix_lens': None, 'extend_seq_lens': None, 'positions': [4750]}
[C2KV POSITION DEBUG] {'forward_mode': '2', 'correction': [454], 'seq_lens': [4298], 'extend_prefix_lens': None, 'extend_seq_lens': None, 'positions': [4751]}
[C2KV POSITION DEBUG] {'forward_mode': '2', 'correction': [454], 'seq_lens': [4299], 'extend_prefix_lens': None, 'extend_seq_lens': None, 'positions': [4752]}
[C2KV POSITION DEBUG] {'forward_mode': '2', 'correction': [454], 'seq_lens': [4300], 'extend_prefix_lens': None, 'extend_seq_lens': None, 'positions': [4753]}
[C2KV POSITION DEBUG] {'forward_mode': '2', 'correction': [454], 'seq_lens': [4301], 'extend_prefix_lens': None, 'extend_seq_lens': None, 'positions': [4754]}
[C2KV POSITION DEBUG] {'forward_mode': '2', 'correction': [454], 'seq_lens': [4302], 'extend_prefix_lens': None, 'extend_seq_lens': None, 'positions': [4755]}
[C2KV POSITION DEBUG] {'forward_mode': '2', 'correction': [454], 'seq_lens': [4303], 'extend_prefix_lens': None, 'extend_seq_lens': None, 'positions': [4756]}
[C2KV POSITION DEBUG] {'forward_mode': '2', 'correction': [454], 'seq_lens': [4304], 'extend_prefix_lens': None, 'extend_seq_lens': None, 'positions': [4757]}
[C2KV POSITION DEBUG] {'forward_mode': '2', 'correction': [454], 'seq_lens': [4305], 'extend_prefix_lens': None, 'extend_seq_lens': None, 'positions': [4758]}
[C2KV POSITION DEBUG] {'forward_mode': '2', 'correction': [454], 'seq_lens': [4306], 'extend_prefix_lens': None, 'extend_seq_lens': None, 'positions': [4759]}
[C2KV POSITION DEBUG] {'forward_mode': '2', 'correction': [454], 'seq_lens': [4307], 'extend_prefix_lens': None, 'extend_seq_lens': None, 'positions': [4760]}
[C2KV POSITION DEBUG] {'forward_mode': '2', 'correction': [454], 'seq_lens': [4308], 'extend_prefix_lens': None, 'extend_seq_lens': None, 'positions': [4761]}
[C2KV POSITION DEBUG] {'forward_mode': '2', 'correction': [454], 'seq_lens': [4309], 'extend_prefix_lens': None, 'extend_seq_lens': None, 'positions': [4762]}
[C2KV POSITION DEBUG] {'forward_mode': '2', 'correction': [454], 'seq_lens': [4310], 'extend_prefix_lens': None, 'extend_seq_lens': None, 'positions': [4763]}
[C2KV POSITION DEBUG] {'forward_mode': '2', 'correction': [454], 'seq_lens': [4311], 'extend_prefix_lens': None, 'extend_seq_lens': None, 'positions': [4764]}
[C2KV POSITION DEBUG] {'forward_mode': '2', 'correction': [454], 'seq_lens': [4312], 'extend_prefix_lens': None, 'extend_seq_lens': None, 'positions': [4765]}
[C2KV POSITION DEBUG] {'forward_mode': '2', 'correction': [454], 'seq_lens': [4313], 'extend_prefix_lens': None, 'extend_seq_lens': None, 'positions': [4766]}
[C2KV POSITION DEBUG] {'forward_mode': '2', 'correction': [454], 'seq_lens': [4314], 'extend_prefix_lens': None, 'extend_seq_lens': None, 'positions': [4767]}
[C2KV POSITION DEBUG] {'forward_mode': '1', 'correction': [232], 'seq_lens': [2639], 'extend_prefix_lens': [2603], 'extend_seq_lens': [36], 'positions': [2835, 2836, 2837, 2838, 2839, 2840, 2841, 2842, 2843, 2844, 2845, 2846, 2847, 2848, 2849, 2850, 2851, 2852, 2853, 2854, 2855, 2856, 2857, 2858, 2859, 2860, 2861, 2862, 2863, 2864, 2865, 2866, 2867, 2868, 2869, 2870]}
[C2KV POSITION DEBUG] {'forward_mode': '2', 'correction': [232], 'seq_lens': [2640], 'extend_prefix_lens': None, 'extend_seq_lens': None, 'positions': [2871]}
[C2KV POSITION DEBUG] {'forward_mode': '2', 'correction': [232], 'seq_lens': [2641], 'extend_prefix_lens': None, 'extend_seq_lens': None, 'positions': [2872]}
[C2KV POSITION DEBUG] {'forward_mode': '2', 'correction': [232], 'seq_lens': [2642], 'extend_prefix_lens': None, 'extend_seq_lens': None, 'positions': [2873]}
[C2KV POSITION DEBUG] {'forward_mode': '2', 'correction': [232], 'seq_lens': [2643], 'extend_prefix_lens': None, 'extend_seq_lens': None, 'positions': [2874]}
[C2KV POSITION DEBUG] {'forward_mode': '2', 'correction': [232], 'seq_lens': [2644], 'extend_prefix_lens': None, 'extend_seq_lens': None, 'positions': [2875]}
[C2KV POSITION DEBUG] {'forward_mode': '2', 'correction': [232], 'seq_lens': [2645], 'extend_prefix_lens': None, 'extend_seq_lens': None, 'positions': [2876]}
[C2KV POSITION DEBUG] {'forward_mode': '2', 'correction': [232], 'seq_lens': [2646], 'extend_prefix_lens': None, 'extend_seq_lens': None, 'positions': [2877]}
[C2KV POSITION DEBUG] {'forward_mode': '2', 'correction': [232], 'seq_lens': [2647], 'extend_prefix_lens': None, 'extend_seq_lens': None, 'positions': [2878]}
[C2KV POSITION DEBUG] {'forward_mode': '2', 'correction': [232], 'seq_lens': [2648], 'extend_prefix_lens': None, 'extend_seq_lens': None, 'positions': [2879]}
[C2KV POSITION DEBUG] {'forward_mode': '2', 'correction': [232], 'seq_lens': [2649], 'extend_prefix_lens': None, 'extend_seq_lens': None, 'positions': [2880]}
[C2KV POSITION DEBUG] {'forward_mode': '2', 'correction': [232], 'seq_lens': [2650], 'extend_prefix_lens': None, 'extend_seq_lens': None, 'positions': [2881]}
[C2KV POSITION DEBUG] {'forward_mode': '2', 'correction': [232], 'seq_lens': [2651], 'extend_prefix_lens': None, 'extend_seq_lens': None, 'positions': [2882]}
[C2KV POSITION DEBUG] {'forward_mode': '2', 'correction': [232], 'seq_lens': [2652], 'extend_prefix_lens': None, 'extend_seq_lens': None, 'positions': [2883]}
[C2KV POSITION DEBUG] {'forward_mode': '2', 'correction': [232], 'seq_lens': [2653], 'extend_prefix_lens': None, 'extend_seq_lens': None, 'positions': [2884]}
[C2KV POSITION DEBUG] {'forward_mode': '2', 'correction': [232], 'seq_lens': [2654], 'extend_prefix_lens': None, 'extend_seq_lens': None, 'positions': [2885]}
[C2KV POSITION DEBUG] {'forward_mode': '2', 'correction': [232], 'seq_lens': [2655], 'extend_prefix_lens': None, 'extend_seq_lens': None, 'positions': [2886]}
[C2KV POSITION DEBUG] {'forward_mode': '2', 'correction': [232], 'seq_lens': [2656], 'extend_prefix_lens': None, 'extend_seq_lens': None, 'positions': [2887]}
[C2KV POSITION DEBUG] {'forward_mode': '1', 'correction': [232], 'seq_lens': [2688], 'extend_prefix_lens': [2603], 'extend_seq_lens': [85], 'positions': [2835, 2836, 2837, 2838, 2839, 2840, 2841, 2842, 2843, 2844, 2845, 2846, 2847, 2848, 2849, 2850, 2851, 2852, 2853, 2854, 2855, 2856, 2857, 2858, 2859, 2860, 2861, 2862, 2863, 2864, 2865, 2866, 2867, 2868, 2869, 2870, 2871, 2872, 2873, 2874, 2875, 2876, 2877, 2878, 2879, 2880, 2881, 2882, 2883, 2884, 2885, 2886, 2887, 2888, 2889, 2890, 2891, 2892, 2893, 2894, 2895, 2896, 2897, 2898, 2899, 2900, 2901, 2902, 2903, 2904, 2905, 2906, 2907, 2908, 2909, 2910, 2911, 2912, 2913, 2914, 2915, 2916, 2917, 2918, 2919]}
[C2KV POSITION DEBUG] {'forward_mode': '1', 'correction': [232], 'seq_lens': [2689], 'extend_prefix_lens': [2688], 'extend_seq_lens': [1], 'positions': [2920]}
[C2KV POSITION DEBUG] {'forward_mode': '2', 'correction': [232], 'seq_lens': [2690], 'extend_prefix_lens': None, 'extend_seq_lens': None, 'positions': [2921]}
[C2KV POSITION DEBUG] {'forward_mode': '2', 'correction': [232], 'seq_lens': [2691], 'extend_prefix_lens': None, 'extend_seq_lens': None, 'positions': [2922]}
[C2KV POSITION DEBUG] {'forward_mode': '2', 'correction': [232], 'seq_lens': [2692], 'extend_prefix_lens': None, 'extend_seq_lens': None, 'positions': [2923]}
[C2KV POSITION DEBUG] {'forward_mode': '2', 'correction': [232], 'seq_lens': [2693], 'extend_prefix_lens': None, 'extend_seq_lens': None, 'positions': [2924]}
[C2KV POSITION DEBUG] {'forward_mode': '2', 'correction': [232], 'seq_lens': [2694], 'extend_prefix_lens': None, 'extend_seq_lens': None, 'positions': [2925]}
[C2KV POSITION DEBUG] {'forward_mode': '2', 'correction': [232], 'seq_lens': [2695], 'extend_prefix_lens': None, 'extend_seq_lens': None, 'positions': [2926]}
[C2KV POSITION DEBUG] {'forward_mode': '2', 'correction': [232], 'seq_lens': [2696], 'extend_prefix_lens': None, 'extend_seq_lens': None, 'positions': [2927]}
[C2KV POSITION DEBUG] {'forward_mode': '2', 'correction': [232], 'seq_lens': [2697], 'extend_prefix_lens': None, 'extend_seq_lens': None, 'positions': [2928]}
[C2KV POSITION DEBUG] {'forward_mode': '2', 'correction': [232], 'seq_lens': [2698], 'extend_prefix_lens': None, 'extend_seq_lens': None, 'positions': [2929]}
[C2KV POSITION DEBUG] {'forward_mode': '2', 'correction': [232], 'seq_lens': [2699], 'extend_prefix_lens': None, 'extend_seq_lens': None, 'positions': [2930]}
[C2KV POSITION DEBUG] {'forward_mode': '2', 'correction': [232], 'seq_lens': [2700], 'extend_prefix_lens': None, 'extend_seq_lens': None, 'positions': [2931]}
[C2KV POSITION DEBUG] {'forward_mode': '2', 'correction': [232], 'seq_lens': [2701], 'extend_prefix_lens': None, 'extend_seq_lens': None, 'positions': [2932]}
[C2KV POSITION DEBUG] {'forward_mode': '2', 'correction': [232], 'seq_lens': [2702], 'extend_prefix_lens': None, 'extend_seq_lens': None, 'positions': [2933]}
[C2KV POSITION DEBUG] {'forward_mode': '2', 'correction': [232], 'seq_lens': [2703], 'extend_prefix_lens': None, 'extend_seq_lens': None, 'positions': [2934]}
[C2KV POSITION DEBUG] {'forward_mode': '2', 'correction': [232], 'seq_lens': [2704], 'extend_prefix_lens': None, 'extend_seq_lens': None, 'positions': [2935]}
[C2KV POSITION DEBUG] {'forward_mode': '2', 'correction': [232], 'seq_lens': [2705], 'extend_prefix_lens': None, 'extend_seq_lens': None, 'positions': [2936]}
[C2KV POSITION DEBUG] {'forward_mode': '2', 'correction': [232], 'seq_lens': [2706], 'extend_prefix_lens': None, 'extend_seq_lens': None, 'positions': [2937]}
[C2KV POSITION DEBUG] {'forward_mode': '2', 'correction': [232], 'seq_lens': [2707], 'extend_prefix_lens': None, 'extend_seq_lens': None, 'positions': [2938]}
[C2KV POSITION DEBUG] {'forward_mode': '2', 'correction': [232], 'seq_lens': [2708], 'extend_prefix_lens': None, 'extend_seq_lens': None, 'positions': [2939]}
[C2KV POSITION DEBUG] {'forward_mode': '2', 'correction': [232], 'seq_lens': [2709], 'extend_prefix_lens': None, 'extend_seq_lens': None, 'positions': [2940]}
[C2KV POSITION DEBUG] {'forward_mode': '2', 'correction': [232], 'seq_lens': [2710], 'extend_prefix_lens': None, 'extend_seq_lens': None, 'positions': [2941]}
[C2KV POSITION DEBUG] {'forward_mode': '2', 'correction': [232], 'seq_lens': [2711], 'extend_prefix_lens': None, 'extend_seq_lens': None, 'positions': [2942]}
[C2KV POSITION DEBUG] {'forward_mode': '2', 'correction': [232], 'seq_lens': [2712], 'extend_prefix_lens': None, 'extend_seq_lens': None, 'positions': [2943]}
[C2KV POSITION DEBUG] {'forward_mode': '2', 'correction': [232], 'seq_lens': [2713], 'extend_prefix_lens': None, 'extend_seq_lens': None, 'positions': [2944]}
[C2KV POSITION DEBUG] {'forward_mode': '2', 'correction': [232], 'seq_lens': [2714], 'extend_prefix_lens': None, 'extend_seq_lens': None, 'positions': [2945]}
[C2KV POSITION DEBUG] {'forward_mode': '2', 'correction': [232], 'seq_lens': [2715], 'extend_prefix_lens': None, 'extend_seq_lens': None, 'positions': [2946]}
[C2KV POSITION DEBUG] {'forward_mode': '1', 'correction': [232], 'seq_lens': [2688], 'extend_prefix_lens': [2603], 'extend_seq_lens': [85], 'positions': [2835, 2836, 2837, 2838, 2839, 2840, 2841, 2842, 2843, 2844, 2845, 2846, 2847, 2848, 2849, 2850, 2851, 2852, 2853, 2854, 2855, 2856, 2857, 2858, 2859, 2860, 2861, 2862, 2863, 2864, 2865, 2866, 2867, 2868, 2869, 2870, 2871, 2872, 2873, 2874, 2875, 2876, 2877, 2878, 2879, 2880, 2881, 2882, 2883, 2884, 2885, 2886, 2887, 2888, 2889, 2890, 2891, 2892, 2893, 2894, 2895, 2896, 2897, 2898, 2899, 2900, 2901, 2902, 2903, 2904, 2905, 2906, 2907, 2908, 2909, 2910, 2911, 2912, 2913, 2914, 2915, 2916, 2917, 2918, 2919]}
[C2KV POSITION DEBUG] {'forward_mode': '1', 'correction': [232], 'seq_lens': [2760], 'extend_prefix_lens': [2688], 'extend_seq_lens': [72], 'positions': [2920, 2921, 2922, 2923, 2924, 2925, 2926, 2927, 2928, 2929, 2930, 2931, 2932, 2933, 2934, 2935, 2936, 2937, 2938, 2939, 2940, 2941, 2942, 2943, 2944, 2945, 2946, 2947, 2948, 2949, 2950, 2951, 2952, 2953, 2954, 2955, 2956, 2957, 2958, 2959, 2960, 2961, 2962, 2963, 2964, 2965, 2966, 2967, 2968, 2969, 2970, 2971, 2972, 2973, 2974, 2975, 2976, 2977, 2978, 2979, 2980, 2981, 2982, 2983, 2984, 2985, 2986, 2987, 2988, 2989, 2990, 2991]}
[C2KV POSITION DEBUG] {'forward_mode': '2', 'correction': [232], 'seq_lens': [2761], 'extend_prefix_lens': None, 'extend_seq_lens': None, 'positions': [2992]}
[C2KV POSITION DEBUG] {'forward_mode': '2', 'correction': [232], 'seq_lens': [2762], 'extend_prefix_lens': None, 'extend_seq_lens': None, 'positions': [2993]}
[C2KV POSITION DEBUG] {'forward_mode': '2', 'correction': [232], 'seq_lens': [2763], 'extend_prefix_lens': None, 'extend_seq_lens': None, 'positions': [2994]}
[C2KV POSITION DEBUG] {'forward_mode': '2', 'correction': [232], 'seq_lens': [2764], 'extend_prefix_lens': None, 'extend_seq_lens': None, 'positions': [2995]}
[C2KV POSITION DEBUG] {'forward_mode': '2', 'correction': [232], 'seq_lens': [2765], 'extend_prefix_lens': None, 'extend_seq_lens': None, 'positions': [2996]}
[C2KV POSITION DEBUG] {'forward_mode': '2', 'correction': [232], 'seq_lens': [2766], 'extend_prefix_lens': None, 'extend_seq_lens': None, 'positions': [2997]}
[C2KV POSITION DEBUG] {'forward_mode': '2', 'correction': [232], 'seq_lens': [2767], 'extend_prefix_lens': None, 'extend_seq_lens': None, 'positions': [2998]}
[C2KV POSITION DEBUG] {'forward_mode': '2', 'correction': [232], 'seq_lens': [2768], 'extend_prefix_lens': None, 'extend_seq_lens': None, 'positions': [2999]}
[C2KV POSITION DEBUG] {'forward_mode': '2', 'correction': [232], 'seq_lens': [2769], 'extend_prefix_lens': None, 'extend_seq_lens': None, 'positions': [3000]}
[C2KV POSITION DEBUG] {'forward_mode': '2', 'correction': [232], 'seq_lens': [2770], 'extend_prefix_lens': None, 'extend_seq_lens': None, 'positions': [3001]}
[C2KV POSITION DEBUG] {'forward_mode': '2', 'correction': [232], 'seq_lens': [2771], 'extend_prefix_lens': None, 'extend_seq_lens': None, 'positions': [3002]}
[C2KV POSITION DEBUG] {'forward_mode': '2', 'correction': [232], 'seq_lens': [2772], 'extend_prefix_lens': None, 'extend_seq_lens': None, 'positions': [3003]}
[C2KV POSITION DEBUG] {'forward_mode': '2', 'correction': [232], 'seq_lens': [2773], 'extend_prefix_lens': None, 'extend_seq_lens': None, 'positions': [3004]}
[C2KV POSITION DEBUG] {'forward_mode': '2', 'correction': [232], 'seq_lens': [2774], 'extend_prefix_lens': None, 'extend_seq_lens': None, 'positions': [3005]}
[C2KV POSITION DEBUG] {'forward_mode': '2', 'correction': [232], 'seq_lens': [2775], 'extend_prefix_lens': None, 'extend_seq_lens': None, 'positions': [3006]}
[C2KV POSITION DEBUG] {'forward_mode': '2', 'correction': [232], 'seq_lens': [2776], 'extend_prefix_lens': None, 'extend_seq_lens': None, 'positions': [3007]}
[C2KV POSITION DEBUG] {'forward_mode': '2', 'correction': [232], 'seq_lens': [2777], 'extend_prefix_lens': None, 'extend_seq_lens': None, 'positions': [3008]}
[C2KV POSITION DEBUG] {'forward_mode': '2', 'correction': [232], 'seq_lens': [2778], 'extend_prefix_lens': None, 'extend_seq_lens': None, 'positions': [3009]}
[C2KV POSITION DEBUG] {'forward_mode': '2', 'correction': [232], 'seq_lens': [2779], 'extend_prefix_lens': None, 'extend_seq_lens': None, 'positions': [3010]}
[C2KV POSITION DEBUG] {'forward_mode': '2', 'correction': [232], 'seq_lens': [2780], 'extend_prefix_lens': None, 'extend_seq_lens': None, 'positions': [3011]}
[C2KV POSITION DEBUG] {'forward_mode': '2', 'correction': [232], 'seq_lens': [2781], 'extend_prefix_lens': None, 'extend_seq_lens': None, 'positions': [3012]}
[C2KV POSITION DEBUG] {'forward_mode': '2', 'correction': [232], 'seq_lens': [2782], 'extend_prefix_lens': None, 'extend_seq_lens': None, 'positions': [3013]}
[C2KV POSITION DEBUG] {'forward_mode': '2', 'correction': [232], 'seq_lens': [2783], 'extend_prefix_lens': None, 'extend_seq_lens': None, 'positions': [3014]}
[C2KV POSITION DEBUG] {'forward_mode': '2', 'correction': [232], 'seq_lens': [2784], 'extend_prefix_lens': None, 'extend_seq_lens': None, 'positions': [3015]}
[C2KV POSITION DEBUG] {'forward_mode': '2', 'correction': [232], 'seq_lens': [2785], 'extend_prefix_lens': None, 'extend_seq_lens': None, 'positions': [3016]}
[C2KV POSITION DEBUG] {'forward_mode': '2', 'correction': [232], 'seq_lens': [2786], 'extend_prefix_lens': None, 'extend_seq_lens': None, 'positions': [3017]}
[C2KV POSITION DEBUG] {'forward_mode': '2', 'correction': [232], 'seq_lens': [2787], 'extend_prefix_lens': None, 'extend_seq_lens': None, 'positions': [3018]}
[C2KV POSITION DEBUG] {'forward_mode': '2', 'correction': [232], 'seq_lens': [2788], 'extend_prefix_lens': None, 'extend_seq_lens': None, 'positions': [3019]}
[C2KV POSITION DEBUG] {'forward_mode': '2', 'correction': [232], 'seq_lens': [2789], 'extend_prefix_lens': None, 'extend_seq_lens': None, 'positions': [3020]}
[C2KV POSITION DEBUG] {'forward_mode': '2', 'correction': [232], 'seq_lens': [2790], 'extend_prefix_lens': None, 'extend_seq_lens': None, 'positions': [3021]}
[C2KV POSITION DEBUG] {'forward_mode': '2', 'correction': [232], 'seq_lens': [2791], 'extend_prefix_lens': None, 'extend_seq_lens': None, 'positions': [3022]}
[C2KV POSITION DEBUG] {'forward_mode': '2', 'correction': [232], 'seq_lens': [2792], 'extend_prefix_lens': None, 'extend_seq_lens': None, 'positions': [3023]}
[C2KV POSITION DEBUG] {'forward_mode': '2', 'correction': [232], 'seq_lens': [2793], 'extend_prefix_lens': None, 'extend_seq_lens': None, 'positions': [3024]}
[C2KV POSITION DEBUG] {'forward_mode': '2', 'correction': [232], 'seq_lens': [2794], 'extend_prefix_lens': None, 'extend_seq_lens': None, 'positions': [3025]}
[C2KV POSITION DEBUG] {'forward_mode': '2', 'correction': [232], 'seq_lens': [2795], 'extend_prefix_lens': None, 'extend_seq_lens': None, 'positions': [3026]}
[C2KV POSITION DEBUG] {'forward_mode': '2', 'correction': [232], 'seq_lens': [2796], 'extend_prefix_lens': None, 'extend_seq_lens': None, 'positions': [3027]}
[C2KV POSITION DEBUG] {'forward_mode': '2', 'correction': [232], 'seq_lens': [2797], 'extend_prefix_lens': None, 'extend_seq_lens': None, 'positions': [3028]}
[C2KV POSITION DEBUG] {'forward_mode': '2', 'correction': [232], 'seq_lens': [2798], 'extend_prefix_lens': None, 'extend_seq_lens': None, 'positions': [3029]}
[C2KV POSITION DEBUG] {'forward_mode': '2', 'correction': [232], 'seq_lens': [2799], 'extend_prefix_lens': None, 'extend_seq_lens': None, 'positions': [3030]}
[C2KV POSITION DEBUG] {'forward_mode': '2', 'correction': [232], 'seq_lens': [2800], 'extend_prefix_lens': None, 'extend_seq_lens': None, 'positions': [3031]}
[C2KV POSITION DEBUG] {'forward_mode': '2', 'correction': [232], 'seq_lens': [2801], 'extend_prefix_lens': None, 'extend_seq_lens': None, 'positions': [3032]}
[C2KV POSITION DEBUG] {'forward_mode': '2', 'correction': [232], 'seq_lens': [2802], 'extend_prefix_lens': None, 'extend_seq_lens': None, 'positions': [3033]}
[C2KV POSITION DEBUG] {'forward_mode': '2', 'correction': [232], 'seq_lens': [2803], 'extend_prefix_lens': None, 'extend_seq_lens': None, 'positions': [3034]}
[C2KV POSITION DEBUG] {'forward_mode': '2', 'correction': [232], 'seq_lens': [2804], 'extend_prefix_lens': None, 'extend_seq_lens': None, 'positions': [3035]}
[C2KV POSITION DEBUG] {'forward_mode': '2', 'correction': [232], 'seq_lens': [2805], 'extend_prefix_lens': None, 'extend_seq_lens': None, 'positions': [3036]}
[C2KV POSITION DEBUG] {'forward_mode': '2', 'correction': [232], 'seq_lens': [2806], 'extend_prefix_lens': None, 'extend_seq_lens': None, 'positions': [3037]}
[C2KV POSITION DEBUG] {'forward_mode': '2', 'correction': [232], 'seq_lens': [2807], 'extend_prefix_lens': None, 'extend_seq_lens': None, 'positions': [3038]}
[C2KV POSITION DEBUG] {'forward_mode': '2', 'correction': [232], 'seq_lens': [2808], 'extend_prefix_lens': None, 'extend_seq_lens': None, 'positions': [3039]}
[C2KV POSITION DEBUG] {'forward_mode': '2', 'correction': [232], 'seq_lens': [2809], 'extend_prefix_lens': None, 'extend_seq_lens': None, 'positions': [3040]}
[C2KV POSITION DEBUG] {'forward_mode': '2', 'correction': [232], 'seq_lens': [2810], 'extend_prefix_lens': None, 'extend_seq_lens': None, 'positions': [3041]}
[C2KV POSITION DEBUG] {'forward_mode': '2', 'correction': [232], 'seq_lens': [2811], 'extend_prefix_lens': None, 'extend_seq_lens': None, 'positions': [3042]}
[C2KV POSITION DEBUG] {'forward_mode': '2', 'correction': [232], 'seq_lens': [2812], 'extend_prefix_lens': None, 'extend_seq_lens': None, 'positions': [3043]}
[C2KV POSITION DEBUG] {'forward_mode': '2', 'correction': [232], 'seq_lens': [2813], 'extend_prefix_lens': None, 'extend_seq_lens': None, 'positions': [3044]}
[C2KV POSITION DEBUG] {'forward_mode': '2', 'correction': [232], 'seq_lens': [2814], 'extend_prefix_lens': None, 'extend_seq_lens': None, 'positions': [3045]}
[C2KV POSITION DEBUG] {'forward_mode': '2', 'correction': [232], 'seq_lens': [2815], 'extend_prefix_lens': None, 'extend_seq_lens': None, 'positions': [3046]}
[C2KV POSITION DEBUG] {'forward_mode': '2', 'correction': [232], 'seq_lens': [2816], 'extend_prefix_lens': None, 'extend_seq_lens': None, 'positions': [3047]}
[C2KV POSITION DEBUG] {'forward_mode': '2', 'correction': [232], 'seq_lens': [2817], 'extend_prefix_lens': None, 'extend_seq_lens': None, 'positions': [3048]}
[C2KV POSITION DEBUG] {'forward_mode': '2', 'correction': [232], 'seq_lens': [2818], 'extend_prefix_lens': None, 'extend_seq_lens': None, 'positions': [3049]}
[C2KV POSITION DEBUG] {'forward_mode': '2', 'correction': [232], 'seq_lens': [2819], 'extend_prefix_lens': None, 'extend_seq_lens': None, 'positions': [3050]}
[C2KV POSITION DEBUG] {'forward_mode': '2', 'correction': [232], 'seq_lens': [2820], 'extend_prefix_lens': None, 'extend_seq_lens': None, 'positions': [3051]}
[C2KV POSITION DEBUG] {'forward_mode': '2', 'correction': [232], 'seq_lens': [2821], 'extend_prefix_lens': None, 'extend_seq_lens': None, 'positions': [3052]}
[C2KV POSITION DEBUG] {'forward_mode': '2', 'correction': [232], 'seq_lens': [2822], 'extend_prefix_lens': None, 'extend_seq_lens': None, 'positions': [3053]}
[C2KV POSITION DEBUG] {'forward_mode': '2', 'correction': [232], 'seq_lens': [2823], 'extend_prefix_lens': None, 'extend_seq_lens': None, 'positions': [3054]}
[C2KV POSITION DEBUG] {'forward_mode': '2', 'correction': [232], 'seq_lens': [2824], 'extend_prefix_lens': None, 'extend_seq_lens': None, 'positions': [3055]}
[C2KV POSITION DEBUG] {'forward_mode': '2', 'correction': [232], 'seq_lens': [2825], 'extend_prefix_lens': None, 'extend_seq_lens': None, 'positions': [3056]}
[C2KV POSITION DEBUG] {'forward_mode': '2', 'correction': [232], 'seq_lens': [2826], 'extend_prefix_lens': None, 'extend_seq_lens': None, 'positions': [3057]}
[C2KV POSITION DEBUG] {'forward_mode': '2', 'correction': [232], 'seq_lens': [2827], 'extend_prefix_lens': None, 'extend_seq_lens': None, 'positions': [3058]}
[C2KV POSITION DEBUG] {'forward_mode': '2', 'correction': [232], 'seq_lens': [2828], 'extend_prefix_lens': None, 'extend_seq_lens': None, 'positions': [3059]}
[C2KV POSITION DEBUG] {'forward_mode': '2', 'correction': [232], 'seq_lens': [2829], 'extend_prefix_lens': None, 'extend_seq_lens': None, 'positions': [3060]}
[C2KV POSITION DEBUG] {'forward_mode': '2', 'correction': [232], 'seq_lens': [2830], 'extend_prefix_lens': None, 'extend_seq_lens': None, 'positions': [3061]}
[C2KV POSITION DEBUG] {'forward_mode': '2', 'correction': [232], 'seq_lens': [2831], 'extend_prefix_lens': None, 'extend_seq_lens': None, 'positions': [3062]}
[C2KV POSITION DEBUG] {'forward_mode': '2', 'correction': [232], 'seq_lens': [2832], 'extend_prefix_lens': None, 'extend_seq_lens': None, 'positions': [3063]}
[C2KV POSITION DEBUG] {'forward_mode': '2', 'correction': [232], 'seq_lens': [2833], 'extend_prefix_lens': None, 'extend_seq_lens': None, 'positions': [3064]}
[C2KV POSITION DEBUG] {'forward_mode': '2', 'correction': [232], 'seq_lens': [2834], 'extend_prefix_lens': None, 'extend_seq_lens': None, 'positions': [3065]}
[C2KV POSITION DEBUG] {'forward_mode': '1', 'correction': [11], 'seq_lens': [2860], 'extend_prefix_lens': [2824], 'extend_seq_lens': [36], 'positions': [2835, 2836, 2837, 2838, 2839, 2840, 2841, 2842, 2843, 2844, 2845, 2846, 2847, 2848, 2849, 2850, 2851, 2852, 2853, 2854, 2855, 2856, 2857, 2858, 2859, 2860, 2861, 2862, 2863, 2864, 2865, 2866, 2867, 2868, 2869, 2870]}
[C2KV POSITION DEBUG] {'forward_mode': '2', 'correction': [11], 'seq_lens': [2861], 'extend_prefix_lens': None, 'extend_seq_lens': None, 'positions': [2871]}
[C2KV POSITION DEBUG] {'forward_mode': '2', 'correction': [11], 'seq_lens': [2862], 'extend_prefix_lens': None, 'extend_seq_lens': None, 'positions': [2872]}
[C2KV POSITION DEBUG] {'forward_mode': '2', 'correction': [11], 'seq_lens': [2863], 'extend_prefix_lens': None, 'extend_seq_lens': None, 'positions': [2873]}
[C2KV POSITION DEBUG] {'forward_mode': '2', 'correction': [11], 'seq_lens': [2864], 'extend_prefix_lens': None, 'extend_seq_lens': None, 'positions': [2874]}
[C2KV POSITION DEBUG] {'forward_mode': '2', 'correction': [11], 'seq_lens': [2865], 'extend_prefix_lens': None, 'extend_seq_lens': None, 'positions': [2875]}
[C2KV POSITION DEBUG] {'forward_mode': '2', 'correction': [11], 'seq_lens': [2866], 'extend_prefix_lens': None, 'extend_seq_lens': None, 'positions': [2876]}
[C2KV POSITION DEBUG] {'forward_mode': '2', 'correction': [11], 'seq_lens': [2867], 'extend_prefix_lens': None, 'extend_seq_lens': None, 'positions': [2877]}
[C2KV POSITION DEBUG] {'forward_mode': '2', 'correction': [11], 'seq_lens': [2868], 'extend_prefix_lens': None, 'extend_seq_lens': None, 'positions': [2878]}
[C2KV POSITION DEBUG] {'forward_mode': '2', 'correction': [11], 'seq_lens': [2869], 'extend_prefix_lens': None, 'extend_seq_lens': None, 'positions': [2879]}
[C2KV POSITION DEBUG] {'forward_mode': '2', 'correction': [11], 'seq_lens': [2870], 'extend_prefix_lens': None, 'extend_seq_lens': None, 'positions': [2880]}
[C2KV POSITION DEBUG] {'forward_mode': '2', 'correction': [11], 'seq_lens': [2871], 'extend_prefix_lens': None, 'extend_seq_lens': None, 'positions': [2881]}
[C2KV POSITION DEBUG] {'forward_mode': '2', 'correction': [11], 'seq_lens': [2872], 'extend_prefix_lens': None, 'extend_seq_lens': None, 'positions': [2882]}
[C2KV POSITION DEBUG] {'forward_mode': '2', 'correction': [11], 'seq_lens': [2873], 'extend_prefix_lens': None, 'extend_seq_lens': None, 'positions': [2883]}
[C2KV POSITION DEBUG] {'forward_mode': '2', 'correction': [11], 'seq_lens': [2874], 'extend_prefix_lens': None, 'extend_seq_lens': None, 'positions': [2884]}
[C2KV POSITION DEBUG] {'forward_mode': '2', 'correction': [11], 'seq_lens': [2875], 'extend_prefix_lens': None, 'extend_seq_lens': None, 'positions': [2885]}
[C2KV POSITION DEBUG] {'forward_mode': '2', 'correction': [11], 'seq_lens': [2876], 'extend_prefix_lens': None, 'extend_seq_lens': None, 'positions': [2886]}
[C2KV POSITION DEBUG] {'forward_mode': '2', 'correction': [11], 'seq_lens': [2877], 'extend_prefix_lens': None, 'extend_seq_lens': None, 'positions': [2887]}
[C2KV POSITION DEBUG] {'forward_mode': '2', 'correction': [11], 'seq_lens': [2878], 'extend_prefix_lens': None, 'extend_seq_lens': None, 'positions': [2888]}
[C2KV POSITION DEBUG] {'forward_mode': '2', 'correction': [11], 'seq_lens': [2879], 'extend_prefix_lens': None, 'extend_seq_lens': None, 'positions': [2889]}
[C2KV POSITION DEBUG] {'forward_mode': '2', 'correction': [11], 'seq_lens': [2880], 'extend_prefix_lens': None, 'extend_seq_lens': None, 'positions': [2890]}
[C2KV POSITION DEBUG] {'forward_mode': '2', 'correction': [11], 'seq_lens': [2881], 'extend_prefix_lens': None, 'extend_seq_lens': None, 'positions': [2891]}
[C2KV POSITION DEBUG] {'forward_mode': '2', 'correction': [11], 'seq_lens': [2882], 'extend_prefix_lens': None, 'extend_seq_lens': None, 'positions': [2892]}
[C2KV POSITION DEBUG] {'forward_mode': '2', 'correction': [11], 'seq_lens': [2883], 'extend_prefix_lens': None, 'extend_seq_lens': None, 'positions': [2893]}
[C2KV POSITION DEBUG] {'forward_mode': '2', 'correction': [11], 'seq_lens': [2884], 'extend_prefix_lens': None, 'extend_seq_lens': None, 'positions': [2894]}
[C2KV POSITION DEBUG] {'forward_mode': '2', 'correction': [11], 'seq_lens': [2885], 'extend_prefix_lens': None, 'extend_seq_lens': None, 'positions': [2895]}
[C2KV POSITION DEBUG] {'forward_mode': '2', 'correction': [11], 'seq_lens': [2886], 'extend_prefix_lens': None, 'extend_seq_lens': None, 'positions': [2896]}
[C2KV POSITION DEBUG] {'forward_mode': '2', 'correction': [11], 'seq_lens': [2887], 'extend_prefix_lens': None, 'extend_seq_lens': None, 'positions': [2897]}
[C2KV POSITION DEBUG] {'forward_mode': '1', 'correction': [302], 'seq_lens': [2662], 'extend_prefix_lens': [2627], 'extend_seq_lens': [35], 'positions': [2929, 2930, 2931, 2932, 2933, 2934, 2935, 2936, 2937, 2938, 2939, 2940, 2941, 2942, 2943, 2944, 2945, 2946, 2947, 2948, 2949, 2950, 2951, 2952, 2953, 2954, 2955, 2956, 2957, 2958, 2959, 2960, 2961, 2962, 2963]}
[C2KV POSITION DEBUG] {'forward_mode': '2', 'correction': [302], 'seq_lens': [2663], 'extend_prefix_lens': None, 'extend_seq_lens': None, 'positions': [2964]}
[C2KV POSITION DEBUG] {'forward_mode': '2', 'correction': [302], 'seq_lens': [2664], 'extend_prefix_lens': None, 'extend_seq_lens': None, 'positions': [2965]}
[C2KV POSITION DEBUG] {'forward_mode': '2', 'correction': [302], 'seq_lens': [2665], 'extend_prefix_lens': None, 'extend_seq_lens': None, 'positions': [2966]}
[C2KV POSITION DEBUG] {'forward_mode': '2', 'correction': [302], 'seq_lens': [2666], 'extend_prefix_lens': None, 'extend_seq_lens': None, 'positions': [2967]}
[C2KV POSITION DEBUG] {'forward_mode': '2', 'correction': [302], 'seq_lens': [2667], 'extend_prefix_lens': None, 'extend_seq_lens': None, 'positions': [2968]}
[C2KV POSITION DEBUG] {'forward_mode': '2', 'correction': [302], 'seq_lens': [2668], 'extend_prefix_lens': None, 'extend_seq_lens': None, 'positions': [2969]}
[C2KV POSITION DEBUG] {'forward_mode': '2', 'correction': [302], 'seq_lens': [2669], 'extend_prefix_lens': None, 'extend_seq_lens': None, 'positions': [2970]}
[C2KV POSITION DEBUG] {'forward_mode': '2', 'correction': [302], 'seq_lens': [2670], 'extend_prefix_lens': None, 'extend_seq_lens': None, 'positions': [2971]}
[C2KV POSITION DEBUG] {'forward_mode': '2', 'correction': [302], 'seq_lens': [2671], 'extend_prefix_lens': None, 'extend_seq_lens': None, 'positions': [2972]}
[C2KV POSITION DEBUG] {'forward_mode': '2', 'correction': [302], 'seq_lens': [2672], 'extend_prefix_lens': None, 'extend_seq_lens': None, 'positions': [2973]}
[C2KV POSITION DEBUG] {'forward_mode': '2', 'correction': [302], 'seq_lens': [2673], 'extend_prefix_lens': None, 'extend_seq_lens': None, 'positions': [2974]}
[C2KV POSITION DEBUG] {'forward_mode': '2', 'correction': [302], 'seq_lens': [2674], 'extend_prefix_lens': None, 'extend_seq_lens': None, 'positions': [2975]}
[C2KV POSITION DEBUG] {'forward_mode': '2', 'correction': [302], 'seq_lens': [2675], 'extend_prefix_lens': None, 'extend_seq_lens': None, 'positions': [2976]}
[C2KV POSITION DEBUG] {'forward_mode': '2', 'correction': [302], 'seq_lens': [2676], 'extend_prefix_lens': None, 'extend_seq_lens': None, 'positions': [2977]}
[C2KV POSITION DEBUG] {'forward_mode': '2', 'correction': [302], 'seq_lens': [2677], 'extend_prefix_lens': None, 'extend_seq_lens': None, 'positions': [2978]}
[C2KV POSITION DEBUG] {'forward_mode': '2', 'correction': [302], 'seq_lens': [2678], 'extend_prefix_lens': None, 'extend_seq_lens': None, 'positions': [2979]}
[C2KV POSITION DEBUG] {'forward_mode': '2', 'correction': [302], 'seq_lens': [2679], 'extend_prefix_lens': None, 'extend_seq_lens': None, 'positions': [2980]}
[C2KV POSITION DEBUG] {'forward_mode': '1', 'correction': [302], 'seq_lens': [2688], 'extend_prefix_lens': [2627], 'extend_seq_lens': [61], 'positions': [2929, 2930, 2931, 2932, 2933, 2934, 2935, 2936, 2937, 2938, 2939, 2940, 2941, 2942, 2943, 2944, 2945, 2946, 2947, 2948, 2949, 2950, 2951, 2952, 2953, 2954, 2955, 2956, 2957, 2958, 2959, 2960, 2961, 2962, 2963, 2964, 2965, 2966, 2967, 2968, 2969, 2970, 2971, 2972, 2973, 2974, 2975, 2976, 2977, 2978, 2979, 2980, 2981, 2982, 2983, 2984, 2985, 2986, 2987, 2988, 2989]}
[C2KV POSITION DEBUG] {'forward_mode': '1', 'correction': [302], 'seq_lens': [2712], 'extend_prefix_lens': [2688], 'extend_seq_lens': [24], 'positions': [2990, 2991, 2992, 2993, 2994, 2995, 2996, 2997, 2998, 2999, 3000, 3001, 3002, 3003, 3004, 3005, 3006, 3007, 3008, 3009, 3010, 3011, 3012, 3013]}
[C2KV POSITION DEBUG] {'forward_mode': '2', 'correction': [302], 'seq_lens': [2713], 'extend_prefix_lens': None, 'extend_seq_lens': None, 'positions': [3014]}
[C2KV POSITION DEBUG] {'forward_mode': '2', 'correction': [302], 'seq_lens': [2714], 'extend_prefix_lens': None, 'extend_seq_lens': None, 'positions': [3015]}
[C2KV POSITION DEBUG] {'forward_mode': '2', 'correction': [302], 'seq_lens': [2715], 'extend_prefix_lens': None, 'extend_seq_lens': None, 'positions': [3016]}
[C2KV POSITION DEBUG] {'forward_mode': '2', 'correction': [302], 'seq_lens': [2716], 'extend_prefix_lens': None, 'extend_seq_lens': None, 'positions': [3017]}
[C2KV POSITION DEBUG] {'forward_mode': '2', 'correction': [302], 'seq_lens': [2717], 'extend_prefix_lens': None, 'extend_seq_lens': None, 'positions': [3018]}
[C2KV POSITION DEBUG] {'forward_mode': '2', 'correction': [302], 'seq_lens': [2718], 'extend_prefix_lens': None, 'extend_seq_lens': None, 'positions': [3019]}
[C2KV POSITION DEBUG] {'forward_mode': '2', 'correction': [302], 'seq_lens': [2719], 'extend_prefix_lens': None, 'extend_seq_lens': None, 'positions': [3020]}
[C2KV POSITION DEBUG] {'forward_mode': '2', 'correction': [302], 'seq_lens': [2720], 'extend_prefix_lens': None, 'extend_seq_lens': None, 'positions': [3021]}
[C2KV POSITION DEBUG] {'forward_mode': '2', 'correction': [302], 'seq_lens': [2721], 'extend_prefix_lens': None, 'extend_seq_lens': None, 'positions': [3022]}
[C2KV POSITION DEBUG] {'forward_mode': '2', 'correction': [302], 'seq_lens': [2722], 'extend_prefix_lens': None, 'extend_seq_lens': None, 'positions': [3023]}
[C2KV POSITION DEBUG] {'forward_mode': '2', 'correction': [302], 'seq_lens': [2723], 'extend_prefix_lens': None, 'extend_seq_lens': None, 'positions': [3024]}
[C2KV POSITION DEBUG] {'forward_mode': '2', 'correction': [302], 'seq_lens': [2724], 'extend_prefix_lens': None, 'extend_seq_lens': None, 'positions': [3025]}
[C2KV POSITION DEBUG] {'forward_mode': '2', 'correction': [302], 'seq_lens': [2725], 'extend_prefix_lens': None, 'extend_seq_lens': None, 'positions': [3026]}
[C2KV POSITION DEBUG] {'forward_mode': '2', 'correction': [302], 'seq_lens': [2726], 'extend_prefix_lens': None, 'extend_seq_lens': None, 'positions': [3027]}
[C2KV POSITION DEBUG] {'forward_mode': '2', 'correction': [302], 'seq_lens': [2727], 'extend_prefix_lens': None, 'extend_seq_lens': None, 'positions': [3028]}
[C2KV POSITION DEBUG] {'forward_mode': '2', 'correction': [302], 'seq_lens': [2728], 'extend_prefix_lens': None, 'extend_seq_lens': None, 'positions': [3029]}
[C2KV POSITION DEBUG] {'forward_mode': '2', 'correction': [302], 'seq_lens': [2729], 'extend_prefix_lens': None, 'extend_seq_lens': None, 'positions': [3030]}
[C2KV POSITION DEBUG] {'forward_mode': '2', 'correction': [302], 'seq_lens': [2730], 'extend_prefix_lens': None, 'extend_seq_lens': None, 'positions': [3031]}
[C2KV POSITION DEBUG] {'forward_mode': '2', 'correction': [302], 'seq_lens': [2731], 'extend_prefix_lens': None, 'extend_seq_lens': None, 'positions': [3032]}
[C2KV POSITION DEBUG] {'forward_mode': '2', 'correction': [302], 'seq_lens': [2732], 'extend_prefix_lens': None, 'extend_seq_lens': None, 'positions': [3033]}
[C2KV POSITION DEBUG] {'forward_mode': '2', 'correction': [302], 'seq_lens': [2733], 'extend_prefix_lens': None, 'extend_seq_lens': None, 'positions': [3034]}
[C2KV POSITION DEBUG] {'forward_mode': '2', 'correction': [302], 'seq_lens': [2734], 'extend_prefix_lens': None, 'extend_seq_lens': None, 'positions': [3035]}
[C2KV POSITION DEBUG] {'forward_mode': '2', 'correction': [302], 'seq_lens': [2735], 'extend_prefix_lens': None, 'extend_seq_lens': None, 'positions': [3036]}
[C2KV POSITION DEBUG] {'forward_mode': '2', 'correction': [302], 'seq_lens': [2736], 'extend_prefix_lens': None, 'extend_seq_lens': None, 'positions': [3037]}
[C2KV POSITION DEBUG] {'forward_mode': '2', 'correction': [302], 'seq_lens': [2737], 'extend_prefix_lens': None, 'extend_seq_lens': None, 'positions': [3038]}
[C2KV POSITION DEBUG] {'forward_mode': '1', 'correction': [302], 'seq_lens': [2688], 'extend_prefix_lens': [2627], 'extend_seq_lens': [61], 'positions': [2929, 2930, 2931, 2932, 2933, 2934, 2935, 2936, 2937, 2938, 2939, 2940, 2941, 2942, 2943, 2944, 2945, 2946, 2947, 2948, 2949, 2950, 2951, 2952, 2953, 2954, 2955, 2956, 2957, 2958, 2959, 2960, 2961, 2962, 2963, 2964, 2965, 2966, 2967, 2968, 2969, 2970, 2971, 2972, 2973, 2974, 2975, 2976, 2977, 2978, 2979, 2980, 2981, 2982, 2983, 2984, 2985, 2986, 2987, 2988, 2989]}
[C2KV POSITION DEBUG] {'forward_mode': '1', 'correction': [302], 'seq_lens': [2770], 'extend_prefix_lens': [2688], 'extend_seq_lens': [82], 'positions': [2990, 2991, 2992, 2993, 2994, 2995, 2996, 2997, 2998, 2999, 3000, 3001, 3002, 3003, 3004, 3005, 3006, 3007, 3008, 3009, 3010, 3011, 3012, 3013, 3014, 3015, 3016, 3017, 3018, 3019, 3020, 3021, 3022, 3023, 3024, 3025, 3026, 3027, 3028, 3029, 3030, 3031, 3032, 3033, 3034, 3035, 3036, 3037, 3038, 3039, 3040, 3041, 3042, 3043, 3044, 3045, 3046, 3047, 3048, 3049, 3050, 3051, 3052, 3053, 3054, 3055, 3056, 3057, 3058, 3059, 3060, 3061, 3062, 3063, 3064, 3065, 3066, 3067, 3068, 3069, 3070, 3071]}
[C2KV POSITION DEBUG] {'forward_mode': '2', 'correction': [302], 'seq_lens': [2771], 'extend_prefix_lens': None, 'extend_seq_lens': None, 'positions': [3072]}
[C2KV POSITION DEBUG] {'forward_mode': '2', 'correction': [302], 'seq_lens': [2772], 'extend_prefix_lens': None, 'extend_seq_lens': None, 'positions': [3073]}
[C2KV POSITION DEBUG] {'forward_mode': '2', 'correction': [302], 'seq_lens': [2773], 'extend_prefix_lens': None, 'extend_seq_lens': None, 'positions': [3074]}
[C2KV POSITION DEBUG] {'forward_mode': '2', 'correction': [302], 'seq_lens': [2774], 'extend_prefix_lens': None, 'extend_seq_lens': None, 'positions': [3075]}
[C2KV POSITION DEBUG] {'forward_mode': '2', 'correction': [302], 'seq_lens': [2775], 'extend_prefix_lens': None, 'extend_seq_lens': None, 'positions': [3076]}
[C2KV POSITION DEBUG] {'forward_mode': '2', 'correction': [302], 'seq_lens': [2776], 'extend_prefix_lens': None, 'extend_seq_lens': None, 'positions': [3077]}
[C2KV POSITION DEBUG] {'forward_mode': '2', 'correction': [302], 'seq_lens': [2777], 'extend_prefix_lens': None, 'extend_seq_lens': None, 'positions': [3078]}
[C2KV POSITION DEBUG] {'forward_mode': '2', 'correction': [302], 'seq_lens': [2778], 'extend_prefix_lens': None, 'extend_seq_lens': None, 'positions': [3079]}
[C2KV POSITION DEBUG] {'forward_mode': '2', 'correction': [302], 'seq_lens': [2779], 'extend_prefix_lens': None, 'extend_seq_lens': None, 'positions': [3080]}
[C2KV POSITION DEBUG] {'forward_mode': '2', 'correction': [302], 'seq_lens': [2780], 'extend_prefix_lens': None, 'extend_seq_lens': None, 'positions': [3081]}
[C2KV POSITION DEBUG] {'forward_mode': '2', 'correction': [302], 'seq_lens': [2781], 'extend_prefix_lens': None, 'extend_seq_lens': None, 'positions': [3082]}
[C2KV POSITION DEBUG] {'forward_mode': '2', 'correction': [302], 'seq_lens': [2782], 'extend_prefix_lens': None, 'extend_seq_lens': None, 'positions': [3083]}
[C2KV POSITION DEBUG] {'forward_mode': '2', 'correction': [302], 'seq_lens': [2783], 'extend_prefix_lens': None, 'extend_seq_lens': None, 'positions': [3084]}
[C2KV POSITION DEBUG] {'forward_mode': '2', 'correction': [302], 'seq_lens': [2784], 'extend_prefix_lens': None, 'extend_seq_lens': None, 'positions': [3085]}
[C2KV POSITION DEBUG] {'forward_mode': '2', 'correction': [302], 'seq_lens': [2785], 'extend_prefix_lens': None, 'extend_seq_lens': None, 'positions': [3086]}
[C2KV POSITION DEBUG] {'forward_mode': '2', 'correction': [302], 'seq_lens': [2786], 'extend_prefix_lens': None, 'extend_seq_lens': None, 'positions': [3087]}
[C2KV POSITION DEBUG] {'forward_mode': '2', 'correction': [302], 'seq_lens': [2787], 'extend_prefix_lens': None, 'extend_seq_lens': None, 'positions': [3088]}
[C2KV POSITION DEBUG] {'forward_mode': '2', 'correction': [302], 'seq_lens': [2788], 'extend_prefix_lens': None, 'extend_seq_lens': None, 'positions': [3089]}
[C2KV POSITION DEBUG] {'forward_mode': '2', 'correction': [302], 'seq_lens': [2789], 'extend_prefix_lens': None, 'extend_seq_lens': None, 'positions': [3090]}
[C2KV POSITION DEBUG] {'forward_mode': '2', 'correction': [302], 'seq_lens': [2790], 'extend_prefix_lens': None, 'extend_seq_lens': None, 'positions': [3091]}
[C2KV POSITION DEBUG] {'forward_mode': '2', 'correction': [302], 'seq_lens': [2791], 'extend_prefix_lens': None, 'extend_seq_lens': None, 'positions': [3092]}
[C2KV POSITION DEBUG] {'forward_mode': '2', 'correction': [302], 'seq_lens': [2792], 'extend_prefix_lens': None, 'extend_seq_lens': None, 'positions': [3093]}
[C2KV POSITION DEBUG] {'forward_mode': '2', 'correction': [302], 'seq_lens': [2793], 'extend_prefix_lens': None, 'extend_seq_lens': None, 'positions': [3094]}
[C2KV POSITION DEBUG] {'forward_mode': '2', 'correction': [302], 'seq_lens': [2794], 'extend_prefix_lens': None, 'extend_seq_lens': None, 'positions': [3095]}
[C2KV POSITION DEBUG] {'forward_mode': '2', 'correction': [302], 'seq_lens': [2795], 'extend_prefix_lens': None, 'extend_seq_lens': None, 'positions': [3096]}
[C2KV POSITION DEBUG] {'forward_mode': '2', 'correction': [302], 'seq_lens': [2796], 'extend_prefix_lens': None, 'extend_seq_lens': None, 'positions': [3097]}
[C2KV POSITION DEBUG] {'forward_mode': '2', 'correction': [302], 'seq_lens': [2797], 'extend_prefix_lens': None, 'extend_seq_lens': None, 'positions': [3098]}
[C2KV POSITION DEBUG] {'forward_mode': '2', 'correction': [302], 'seq_lens': [2798], 'extend_prefix_lens': None, 'extend_seq_lens': None, 'positions': [3099]}
[C2KV POSITION DEBUG] {'forward_mode': '2', 'correction': [302], 'seq_lens': [2799], 'extend_prefix_lens': None, 'extend_seq_lens': None, 'positions': [3100]}
[C2KV POSITION DEBUG] {'forward_mode': '2', 'correction': [302], 'seq_lens': [2800], 'extend_prefix_lens': None, 'extend_seq_lens': None, 'positions': [3101]}
[C2KV POSITION DEBUG] {'forward_mode': '2', 'correction': [302], 'seq_lens': [2801], 'extend_prefix_lens': None, 'extend_seq_lens': None, 'positions': [3102]}
[C2KV POSITION DEBUG] {'forward_mode': '2', 'correction': [302], 'seq_lens': [2802], 'extend_prefix_lens': None, 'extend_seq_lens': None, 'positions': [3103]}
[C2KV POSITION DEBUG] {'forward_mode': '2', 'correction': [302], 'seq_lens': [2803], 'extend_prefix_lens': None, 'extend_seq_lens': None, 'positions': [3104]}
[C2KV POSITION DEBUG] {'forward_mode': '2', 'correction': [302], 'seq_lens': [2804], 'extend_prefix_lens': None, 'extend_seq_lens': None, 'positions': [3105]}
[C2KV POSITION DEBUG] {'forward_mode': '2', 'correction': [302], 'seq_lens': [2805], 'extend_prefix_lens': None, 'extend_seq_lens': None, 'positions': [3106]}
[C2KV POSITION DEBUG] {'forward_mode': '2', 'correction': [302], 'seq_lens': [2806], 'extend_prefix_lens': None, 'extend_seq_lens': None, 'positions': [3107]}
[C2KV POSITION DEBUG] {'forward_mode': '2', 'correction': [302], 'seq_lens': [2807], 'extend_prefix_lens': None, 'extend_seq_lens': None, 'positions': [3108]}
[C2KV POSITION DEBUG] {'forward_mode': '2', 'correction': [302], 'seq_lens': [2808], 'extend_prefix_lens': None, 'extend_seq_lens': None, 'positions': [3109]}
[C2KV POSITION DEBUG] {'forward_mode': '2', 'correction': [302], 'seq_lens': [2809], 'extend_prefix_lens': None, 'extend_seq_lens': None, 'positions': [3110]}
[C2KV POSITION DEBUG] {'forward_mode': '2', 'correction': [302], 'seq_lens': [2810], 'extend_prefix_lens': None, 'extend_seq_lens': None, 'positions': [3111]}
[C2KV POSITION DEBUG] {'forward_mode': '2', 'correction': [302], 'seq_lens': [2811], 'extend_prefix_lens': None, 'extend_seq_lens': None, 'positions': [3112]}
[C2KV POSITION DEBUG] {'forward_mode': '2', 'correction': [302], 'seq_lens': [2812], 'extend_prefix_lens': None, 'extend_seq_lens': None, 'positions': [3113]}
[C2KV POSITION DEBUG] {'forward_mode': '2', 'correction': [302], 'seq_lens': [2813], 'extend_prefix_lens': None, 'extend_seq_lens': None, 'positions': [3114]}
[C2KV POSITION DEBUG] {'forward_mode': '2', 'correction': [302], 'seq_lens': [2814], 'extend_prefix_lens': None, 'extend_seq_lens': None, 'positions': [3115]}
[C2KV POSITION DEBUG] {'forward_mode': '2', 'correction': [302], 'seq_lens': [2815], 'extend_prefix_lens': None, 'extend_seq_lens': None, 'positions': [3116]}
[C2KV POSITION DEBUG] {'forward_mode': '2', 'correction': [302], 'seq_lens': [2816], 'extend_prefix_lens': None, 'extend_seq_lens': None, 'positions': [3117]}
[C2KV POSITION DEBUG] {'forward_mode': '2', 'correction': [302], 'seq_lens': [2817], 'extend_prefix_lens': None, 'extend_seq_lens': None, 'positions': [3118]}
[C2KV POSITION DEBUG] {'forward_mode': '2', 'correction': [302], 'seq_lens': [2818], 'extend_prefix_lens': None, 'extend_seq_lens': None, 'positions': [3119]}
[C2KV POSITION DEBUG] {'forward_mode': '2', 'correction': [302], 'seq_lens': [2819], 'extend_prefix_lens': None, 'extend_seq_lens': None, 'positions': [3120]}
[C2KV POSITION DEBUG] {'forward_mode': '2', 'correction': [302], 'seq_lens': [2820], 'extend_prefix_lens': None, 'extend_seq_lens': None, 'positions': [3121]}
[C2KV POSITION DEBUG] {'forward_mode': '2', 'correction': [302], 'seq_lens': [2821], 'extend_prefix_lens': None, 'extend_seq_lens': None, 'positions': [3122]}
[C2KV POSITION DEBUG] {'forward_mode': '2', 'correction': [302], 'seq_lens': [2822], 'extend_prefix_lens': None, 'extend_seq_lens': None, 'positions': [3123]}
[C2KV POSITION DEBUG] {'forward_mode': '2', 'correction': [302], 'seq_lens': [2823], 'extend_prefix_lens': None, 'extend_seq_lens': None, 'positions': [3124]}
[C2KV POSITION DEBUG] {'forward_mode': '2', 'correction': [302], 'seq_lens': [2824], 'extend_prefix_lens': None, 'extend_seq_lens': None, 'positions': [3125]}
[C2KV POSITION DEBUG] {'forward_mode': '2', 'correction': [302], 'seq_lens': [2825], 'extend_prefix_lens': None, 'extend_seq_lens': None, 'positions': [3126]}
[C2KV POSITION DEBUG] {'forward_mode': '2', 'correction': [302], 'seq_lens': [2826], 'extend_prefix_lens': None, 'extend_seq_lens': None, 'positions': [3127]}
[C2KV POSITION DEBUG] {'forward_mode': '2', 'correction': [302], 'seq_lens': [2827], 'extend_prefix_lens': None, 'extend_seq_lens': None, 'positions': [3128]}
[C2KV POSITION DEBUG] {'forward_mode': '2', 'correction': [302], 'seq_lens': [2828], 'extend_prefix_lens': None, 'extend_seq_lens': None, 'positions': [3129]}
[C2KV POSITION DEBUG] {'forward_mode': '2', 'correction': [302], 'seq_lens': [2829], 'extend_prefix_lens': None, 'extend_seq_lens': None, 'positions': [3130]}
[C2KV POSITION DEBUG] {'forward_mode': '2', 'correction': [302], 'seq_lens': [2830], 'extend_prefix_lens': None, 'extend_seq_lens': None, 'positions': [3131]}
[C2KV POSITION DEBUG] {'forward_mode': '2', 'correction': [302], 'seq_lens': [2831], 'extend_prefix_lens': None, 'extend_seq_lens': None, 'positions': [3132]}
[C2KV POSITION DEBUG] {'forward_mode': '2', 'correction': [302], 'seq_lens': [2832], 'extend_prefix_lens': None, 'extend_seq_lens': None, 'positions': [3133]}
[C2KV POSITION DEBUG] {'forward_mode': '2', 'correction': [302], 'seq_lens': [2833], 'extend_prefix_lens': None, 'extend_seq_lens': None, 'positions': [3134]}
[C2KV POSITION DEBUG] {'forward_mode': '2', 'correction': [302], 'seq_lens': [2834], 'extend_prefix_lens': None, 'extend_seq_lens': None, 'positions': [3135]}
[C2KV POSITION DEBUG] {'forward_mode': '2', 'correction': [302], 'seq_lens': [2835], 'extend_prefix_lens': None, 'extend_seq_lens': None, 'positions': [3136]}
[C2KV POSITION DEBUG] {'forward_mode': '2', 'correction': [302], 'seq_lens': [2836], 'extend_prefix_lens': None, 'extend_seq_lens': None, 'positions': [3137]}
[C2KV POSITION DEBUG] {'forward_mode': '2', 'correction': [302], 'seq_lens': [2837], 'extend_prefix_lens': None, 'extend_seq_lens': None, 'positions': [3138]}
[C2KV POSITION DEBUG] {'forward_mode': '2', 'correction': [302], 'seq_lens': [2838], 'extend_prefix_lens': None, 'extend_seq_lens': None, 'positions': [3139]}
[C2KV POSITION DEBUG] {'forward_mode': '2', 'correction': [302], 'seq_lens': [2839], 'extend_prefix_lens': None, 'extend_seq_lens': None, 'positions': [3140]}
[C2KV POSITION DEBUG] {'forward_mode': '2', 'correction': [302], 'seq_lens': [2840], 'extend_prefix_lens': None, 'extend_seq_lens': None, 'positions': [3141]}
[C2KV POSITION DEBUG] {'forward_mode': '2', 'correction': [302], 'seq_lens': [2841], 'extend_prefix_lens': None, 'extend_seq_lens': None, 'positions': [3142]}
[C2KV POSITION DEBUG] {'forward_mode': '2', 'correction': [302], 'seq_lens': [2842], 'extend_prefix_lens': None, 'extend_seq_lens': None, 'positions': [3143]}
[C2KV POSITION DEBUG] {'forward_mode': '2', 'correction': [302], 'seq_lens': [2843], 'extend_prefix_lens': None, 'extend_seq_lens': None, 'positions': [3144]}
[C2KV POSITION DEBUG] {'forward_mode': '2', 'correction': [302], 'seq_lens': [2844], 'extend_prefix_lens': None, 'extend_seq_lens': None, 'positions': [3145]}
[C2KV POSITION DEBUG] {'forward_mode': '1', 'correction': [238], 'seq_lens': [2726], 'extend_prefix_lens': [2691], 'extend_seq_lens': [35], 'positions': [2929, 2930, 2931, 2932, 2933, 2934, 2935, 2936, 2937, 2938, 2939, 2940, 2941, 2942, 2943, 2944, 2945, 2946, 2947, 2948, 2949, 2950, 2951, 2952, 2953, 2954, 2955, 2956, 2957, 2958, 2959, 2960, 2961, 2962, 2963]}
[C2KV POSITION DEBUG] {'forward_mode': '2', 'correction': [238], 'seq_lens': [2727], 'extend_prefix_lens': None, 'extend_seq_lens': None, 'positions': [2964]}
[C2KV POSITION DEBUG] {'forward_mode': '2', 'correction': [238], 'seq_lens': [2728], 'extend_prefix_lens': None, 'extend_seq_lens': None, 'positions': [2965]}
[C2KV POSITION DEBUG] {'forward_mode': '2', 'correction': [238], 'seq_lens': [2729], 'extend_prefix_lens': None, 'extend_seq_lens': None, 'positions': [2966]}
[C2KV POSITION DEBUG] {'forward_mode': '2', 'correction': [238], 'seq_lens': [2730], 'extend_prefix_lens': None, 'extend_seq_lens': None, 'positions': [2967]}
[C2KV POSITION DEBUG] {'forward_mode': '2', 'correction': [238], 'seq_lens': [2731], 'extend_prefix_lens': None, 'extend_seq_lens': None, 'positions': [2968]}
[C2KV POSITION DEBUG] {'forward_mode': '2', 'correction': [238], 'seq_lens': [2732], 'extend_prefix_lens': None, 'extend_seq_lens': None, 'positions': [2969]}
[C2KV POSITION DEBUG] {'forward_mode': '2', 'correction': [238], 'seq_lens': [2733], 'extend_prefix_lens': None, 'extend_seq_lens': None, 'positions': [2970]}
[C2KV POSITION DEBUG] {'forward_mode': '2', 'correction': [238], 'seq_lens': [2734], 'extend_prefix_lens': None, 'extend_seq_lens': None, 'positions': [2971]}
[C2KV POSITION DEBUG] {'forward_mode': '2', 'correction': [238], 'seq_lens': [2735], 'extend_prefix_lens': None, 'extend_seq_lens': None, 'positions': [2972]}
[C2KV POSITION DEBUG] {'forward_mode': '2', 'correction': [238], 'seq_lens': [2736], 'extend_prefix_lens': None, 'extend_seq_lens': None, 'positions': [2973]}
[C2KV POSITION DEBUG] {'forward_mode': '2', 'correction': [238], 'seq_lens': [2737], 'extend_prefix_lens': None, 'extend_seq_lens': None, 'positions': [2974]}
[C2KV POSITION DEBUG] {'forward_mode': '2', 'correction': [238], 'seq_lens': [2738], 'extend_prefix_lens': None, 'extend_seq_lens': None, 'positions': [2975]}
[C2KV POSITION DEBUG] {'forward_mode': '2', 'correction': [238], 'seq_lens': [2739], 'extend_prefix_lens': None, 'extend_seq_lens': None, 'positions': [2976]}
[C2KV POSITION DEBUG] {'forward_mode': '2', 'correction': [238], 'seq_lens': [2740], 'extend_prefix_lens': None, 'extend_seq_lens': None, 'positions': [2977]}
[C2KV POSITION DEBUG] {'forward_mode': '2', 'correction': [238], 'seq_lens': [2741], 'extend_prefix_lens': None, 'extend_seq_lens': None, 'positions': [2978]}
[C2KV POSITION DEBUG] {'forward_mode': '2', 'correction': [238], 'seq_lens': [2742], 'extend_prefix_lens': None, 'extend_seq_lens': None, 'positions': [2979]}
[C2KV POSITION DEBUG] {'forward_mode': '2', 'correction': [238], 'seq_lens': [2743], 'extend_prefix_lens': None, 'extend_seq_lens': None, 'positions': [2980]}
[C2KV POSITION DEBUG] {'forward_mode': '1', 'correction': [238], 'seq_lens': [2776], 'extend_prefix_lens': [2691], 'extend_seq_lens': [85], 'positions': [2929, 2930, 2931, 2932, 2933, 2934, 2935, 2936, 2937, 2938, 2939, 2940, 2941, 2942, 2943, 2944, 2945, 2946, 2947, 2948, 2949, 2950, 2951, 2952, 2953, 2954, 2955, 2956, 2957, 2958, 2959, 2960, 2961, 2962, 2963, 2964, 2965, 2966, 2967, 2968, 2969, 2970, 2971, 2972, 2973, 2974, 2975, 2976, 2977, 2978, 2979, 2980, 2981, 2982, 2983, 2984, 2985, 2986, 2987, 2988, 2989, 2990, 2991, 2992, 2993, 2994, 2995, 2996, 2997, 2998, 2999, 3000, 3001, 3002, 3003, 3004, 3005, 3006, 3007, 3008, 3009, 3010, 3011, 3012, 3013]}
[C2KV POSITION DEBUG] {'forward_mode': '2', 'correction': [238], 'seq_lens': [2777], 'extend_prefix_lens': None, 'extend_seq_lens': None, 'positions': [3014]}
[C2KV POSITION DEBUG] {'forward_mode': '2', 'correction': [238], 'seq_lens': [2778], 'extend_prefix_lens': None, 'extend_seq_lens': None, 'positions': [3015]}
[C2KV POSITION DEBUG] {'forward_mode': '2', 'correction': [238], 'seq_lens': [2779], 'extend_prefix_lens': None, 'extend_seq_lens': None, 'positions': [3016]}
[C2KV POSITION DEBUG] {'forward_mode': '2', 'correction': [238], 'seq_lens': [2780], 'extend_prefix_lens': None, 'extend_seq_lens': None, 'positions': [3017]}
[C2KV POSITION DEBUG] {'forward_mode': '2', 'correction': [238], 'seq_lens': [2781], 'extend_prefix_lens': None, 'extend_seq_lens': None, 'positions': [3018]}
[C2KV POSITION DEBUG] {'forward_mode': '2', 'correction': [238], 'seq_lens': [2782], 'extend_prefix_lens': None, 'extend_seq_lens': None, 'positions': [3019]}
[C2KV POSITION DEBUG] {'forward_mode': '2', 'correction': [238], 'seq_lens': [2783], 'extend_prefix_lens': None, 'extend_seq_lens': None, 'positions': [3020]}
[C2KV POSITION DEBUG] {'forward_mode': '2', 'correction': [238], 'seq_lens': [2784], 'extend_prefix_lens': None, 'extend_seq_lens': None, 'positions': [3021]}
[C2KV POSITION DEBUG] {'forward_mode': '2', 'correction': [238], 'seq_lens': [2785], 'extend_prefix_lens': None, 'extend_seq_lens': None, 'positions': [3022]}
[C2KV POSITION DEBUG] {'forward_mode': '2', 'correction': [238], 'seq_lens': [2786], 'extend_prefix_lens': None, 'extend_seq_lens': None, 'positions': [3023]}
[C2KV POSITION DEBUG] {'forward_mode': '2', 'correction': [238], 'seq_lens': [2787], 'extend_prefix_lens': None, 'extend_seq_lens': None, 'positions': [3024]}
[C2KV POSITION DEBUG] {'forward_mode': '2', 'correction': [238], 'seq_lens': [2788], 'extend_prefix_lens': None, 'extend_seq_lens': None, 'positions': [3025]}
[C2KV POSITION DEBUG] {'forward_mode': '2', 'correction': [238], 'seq_lens': [2789], 'extend_prefix_lens': None, 'extend_seq_lens': None, 'positions': [3026]}
[C2KV POSITION DEBUG] {'forward_mode': '2', 'correction': [238], 'seq_lens': [2790], 'extend_prefix_lens': None, 'extend_seq_lens': None, 'positions': [3027]}
[C2KV POSITION DEBUG] {'forward_mode': '2', 'correction': [238], 'seq_lens': [2791], 'extend_prefix_lens': None, 'extend_seq_lens': None, 'positions': [3028]}
[C2KV POSITION DEBUG] {'forward_mode': '2', 'correction': [238], 'seq_lens': [2792], 'extend_prefix_lens': None, 'extend_seq_lens': None, 'positions': [3029]}
[C2KV POSITION DEBUG] {'forward_mode': '2', 'correction': [238], 'seq_lens': [2793], 'extend_prefix_lens': None, 'extend_seq_lens': None, 'positions': [3030]}
[C2KV POSITION DEBUG] {'forward_mode': '2', 'correction': [238], 'seq_lens': [2794], 'extend_prefix_lens': None, 'extend_seq_lens': None, 'positions': [3031]}
[C2KV POSITION DEBUG] {'forward_mode': '2', 'correction': [238], 'seq_lens': [2795], 'extend_prefix_lens': None, 'extend_seq_lens': None, 'positions': [3032]}
[C2KV POSITION DEBUG] {'forward_mode': '2', 'correction': [238], 'seq_lens': [2796], 'extend_prefix_lens': None, 'extend_seq_lens': None, 'positions': [3033]}
[C2KV POSITION DEBUG] {'forward_mode': '2', 'correction': [238], 'seq_lens': [2797], 'extend_prefix_lens': None, 'extend_seq_lens': None, 'positions': [3034]}
[C2KV POSITION DEBUG] {'forward_mode': '2', 'correction': [238], 'seq_lens': [2798], 'extend_prefix_lens': None, 'extend_seq_lens': None, 'positions': [3035]}
[C2KV POSITION DEBUG] {'forward_mode': '2', 'correction': [238], 'seq_lens': [2799], 'extend_prefix_lens': None, 'extend_seq_lens': None, 'positions': [3036]}
[C2KV POSITION DEBUG] {'forward_mode': '2', 'correction': [238], 'seq_lens': [2800], 'extend_prefix_lens': None, 'extend_seq_lens': None, 'positions': [3037]}
[C2KV POSITION DEBUG] {'forward_mode': '2', 'correction': [238], 'seq_lens': [2801], 'extend_prefix_lens': None, 'extend_seq_lens': None, 'positions': [3038]}
[C2KV POSITION DEBUG] {'forward_mode': '1', 'correction': [238], 'seq_lens': [2816], 'extend_prefix_lens': [2691], 'extend_seq_lens': [125], 'positions': [2929, 2930, 2931, 2932, 2933, 2934, 2935, 2936, 2937, 2938, 2939, 2940, 2941, 2942, 2943, 2944, 2945, 2946, 2947, 2948, 2949, 2950, 2951, 2952, 2953, 2954, 2955, 2956, 2957, 2958, 2959, 2960, 2961, 2962, 2963, 2964, 2965, 2966, 2967, 2968, 2969, 2970, 2971, 2972, 2973, 2974, 2975, 2976, 2977, 2978, 2979, 2980, 2981, 2982, 2983, 2984, 2985, 2986, 2987, 2988, 2989, 2990, 2991, 2992, 2993, 2994, 2995, 2996, 2997, 2998, 2999, 3000, 3001, 3002, 3003, 3004, 3005, 3006, 3007, 3008, 3009, 3010, 3011, 3012, 3013, 3014, 3015, 3016, 3017, 3018, 3019, 3020, 3021, 3022, 3023, 3024, 3025, 3026, 3027, 3028, 3029, 3030, 3031, 3032, 3033, 3034, 3035, 3036, 3037, 3038, 3039, 3040, 3041, 3042, 3043, 3044, 3045, 3046, 3047, 3048, 3049, 3050, 3051, 3052, 3053]}
[C2KV POSITION DEBUG] {'forward_mode': '1', 'correction': [238], 'seq_lens': [2830], 'extend_prefix_lens': [2816], 'extend_seq_lens': [14], 'positions': [3054, 3055, 3056, 3057, 3058, 3059, 3060, 3061, 3062, 3063, 3064, 3065, 3066, 3067]}
[C2KV POSITION DEBUG] {'forward_mode': '2', 'correction': [238], 'seq_lens': [2831], 'extend_prefix_lens': None, 'extend_seq_lens': None, 'positions': [3068]}
[C2KV POSITION DEBUG] {'forward_mode': '2', 'correction': [238], 'seq_lens': [2832], 'extend_prefix_lens': None, 'extend_seq_lens': None, 'positions': [3069]}
[C2KV POSITION DEBUG] {'forward_mode': '2', 'correction': [238], 'seq_lens': [2833], 'extend_prefix_lens': None, 'extend_seq_lens': None, 'positions': [3070]}
[C2KV POSITION DEBUG] {'forward_mode': '2', 'correction': [238], 'seq_lens': [2834], 'extend_prefix_lens': None, 'extend_seq_lens': None, 'positions': [3071]}
[C2KV POSITION DEBUG] {'forward_mode': '2', 'correction': [238], 'seq_lens': [2835], 'extend_prefix_lens': None, 'extend_seq_lens': None, 'positions': [3072]}
[C2KV POSITION DEBUG] {'forward_mode': '2', 'correction': [238], 'seq_lens': [2836], 'extend_prefix_lens': None, 'extend_seq_lens': None, 'positions': [3073]}
[C2KV POSITION DEBUG] {'forward_mode': '2', 'correction': [238], 'seq_lens': [2837], 'extend_prefix_lens': None, 'extend_seq_lens': None, 'positions': [3074]}
[C2KV POSITION DEBUG] {'forward_mode': '2', 'correction': [238], 'seq_lens': [2838], 'extend_prefix_lens': None, 'extend_seq_lens': None, 'positions': [3075]}
[C2KV POSITION DEBUG] {'forward_mode': '2', 'correction': [238], 'seq_lens': [2839], 'extend_prefix_lens': None, 'extend_seq_lens': None, 'positions': [3076]}
[C2KV POSITION DEBUG] {'forward_mode': '2', 'correction': [238], 'seq_lens': [2840], 'extend_prefix_lens': None, 'extend_seq_lens': None, 'positions': [3077]}
[C2KV POSITION DEBUG] {'forward_mode': '2', 'correction': [238], 'seq_lens': [2841], 'extend_prefix_lens': None, 'extend_seq_lens': None, 'positions': [3078]}
[C2KV POSITION DEBUG] {'forward_mode': '2', 'correction': [238], 'seq_lens': [2842], 'extend_prefix_lens': None, 'extend_seq_lens': None, 'positions': [3079]}
[C2KV POSITION DEBUG] {'forward_mode': '2', 'correction': [238], 'seq_lens': [2843], 'extend_prefix_lens': None, 'extend_seq_lens': None, 'positions': [3080]}
[C2KV POSITION DEBUG] {'forward_mode': '2', 'correction': [238], 'seq_lens': [2844], 'extend_prefix_lens': None, 'extend_seq_lens': None, 'positions': [3081]}
[C2KV POSITION DEBUG] {'forward_mode': '2', 'correction': [238], 'seq_lens': [2845], 'extend_prefix_lens': None, 'extend_seq_lens': None, 'positions': [3082]}
[C2KV POSITION DEBUG] {'forward_mode': '2', 'correction': [238], 'seq_lens': [2846], 'extend_prefix_lens': None, 'extend_seq_lens': None, 'positions': [3083]}
[C2KV POSITION DEBUG] {'forward_mode': '2', 'correction': [238], 'seq_lens': [2847], 'extend_prefix_lens': None, 'extend_seq_lens': None, 'positions': [3084]}
[C2KV POSITION DEBUG] {'forward_mode': '2', 'correction': [238], 'seq_lens': [2848], 'extend_prefix_lens': None, 'extend_seq_lens': None, 'positions': [3085]}
[C2KV POSITION DEBUG] {'forward_mode': '2', 'correction': [238], 'seq_lens': [2849], 'extend_prefix_lens': None, 'extend_seq_lens': None, 'positions': [3086]}
[C2KV POSITION DEBUG] {'forward_mode': '2', 'correction': [238], 'seq_lens': [2850], 'extend_prefix_lens': None, 'extend_seq_lens': None, 'positions': [3087]}
[C2KV POSITION DEBUG] {'forward_mode': '2', 'correction': [238], 'seq_lens': [2851], 'extend_prefix_lens': None, 'extend_seq_lens': None, 'positions': [3088]}
[C2KV POSITION DEBUG] {'forward_mode': '2', 'correction': [238], 'seq_lens': [2852], 'extend_prefix_lens': None, 'extend_seq_lens': None, 'positions': [3089]}
[C2KV POSITION DEBUG] {'forward_mode': '2', 'correction': [238], 'seq_lens': [2853], 'extend_prefix_lens': None, 'extend_seq_lens': None, 'positions': [3090]}
[C2KV POSITION DEBUG] {'forward_mode': '2', 'correction': [238], 'seq_lens': [2854], 'extend_prefix_lens': None, 'extend_seq_lens': None, 'positions': [3091]}
[C2KV POSITION DEBUG] {'forward_mode': '2', 'correction': [238], 'seq_lens': [2855], 'extend_prefix_lens': None, 'extend_seq_lens': None, 'positions': [3092]}
[C2KV POSITION DEBUG] {'forward_mode': '2', 'correction': [238], 'seq_lens': [2856], 'extend_prefix_lens': None, 'extend_seq_lens': None, 'positions': [3093]}
[C2KV POSITION DEBUG] {'forward_mode': '2', 'correction': [238], 'seq_lens': [2857], 'extend_prefix_lens': None, 'extend_seq_lens': None, 'positions': [3094]}
[C2KV POSITION DEBUG] {'forward_mode': '2', 'correction': [238], 'seq_lens': [2858], 'extend_prefix_lens': None, 'extend_seq_lens': None, 'positions': [3095]}
[C2KV POSITION DEBUG] {'forward_mode': '2', 'correction': [238], 'seq_lens': [2859], 'extend_prefix_lens': None, 'extend_seq_lens': None, 'positions': [3096]}
[C2KV POSITION DEBUG] {'forward_mode': '2', 'correction': [238], 'seq_lens': [2860], 'extend_prefix_lens': None, 'extend_seq_lens': None, 'positions': [3097]}
[C2KV POSITION DEBUG] {'forward_mode': '2', 'correction': [238], 'seq_lens': [2861], 'extend_prefix_lens': None, 'extend_seq_lens': None, 'positions': [3098]}
[C2KV POSITION DEBUG] {'forward_mode': '2', 'correction': [238], 'seq_lens': [2862], 'extend_prefix_lens': None, 'extend_seq_lens': None, 'positions': [3099]}
[C2KV POSITION DEBUG] {'forward_mode': '2', 'correction': [238], 'seq_lens': [2863], 'extend_prefix_lens': None, 'extend_seq_lens': None, 'positions': [3100]}
[C2KV POSITION DEBUG] {'forward_mode': '2', 'correction': [238], 'seq_lens': [2864], 'extend_prefix_lens': None, 'extend_seq_lens': None, 'positions': [3101]}
[C2KV POSITION DEBUG] {'forward_mode': '2', 'correction': [238], 'seq_lens': [2865], 'extend_prefix_lens': None, 'extend_seq_lens': None, 'positions': [3102]}
[C2KV POSITION DEBUG] {'forward_mode': '2', 'correction': [238], 'seq_lens': [2866], 'extend_prefix_lens': None, 'extend_seq_lens': None, 'positions': [3103]}
[C2KV POSITION DEBUG] {'forward_mode': '2', 'correction': [238], 'seq_lens': [2867], 'extend_prefix_lens': None, 'extend_seq_lens': None, 'positions': [3104]}
[C2KV POSITION DEBUG] {'forward_mode': '2', 'correction': [238], 'seq_lens': [2868], 'extend_prefix_lens': None, 'extend_seq_lens': None, 'positions': [3105]}
[C2KV POSITION DEBUG] {'forward_mode': '2', 'correction': [238], 'seq_lens': [2869], 'extend_prefix_lens': None, 'extend_seq_lens': None, 'positions': [3106]}
[C2KV POSITION DEBUG] {'forward_mode': '2', 'correction': [238], 'seq_lens': [2870], 'extend_prefix_lens': None, 'extend_seq_lens': None, 'positions': [3107]}
[C2KV POSITION DEBUG] {'forward_mode': '2', 'correction': [238], 'seq_lens': [2871], 'extend_prefix_lens': None, 'extend_seq_lens': None, 'positions': [3108]}
[C2KV POSITION DEBUG] {'forward_mode': '2', 'correction': [238], 'seq_lens': [2872], 'extend_prefix_lens': None, 'extend_seq_lens': None, 'positions': [3109]}
[C2KV POSITION DEBUG] {'forward_mode': '2', 'correction': [238], 'seq_lens': [2873], 'extend_prefix_lens': None, 'extend_seq_lens': None, 'positions': [3110]}
[C2KV POSITION DEBUG] {'forward_mode': '2', 'correction': [238], 'seq_lens': [2874], 'extend_prefix_lens': None, 'extend_seq_lens': None, 'positions': [3111]}
[C2KV POSITION DEBUG] {'forward_mode': '1', 'correction': [490], 'seq_lens': [2731], 'extend_prefix_lens': [2692], 'extend_seq_lens': [39], 'positions': [3182, 3183, 3184, 3185, 3186, 3187, 3188, 3189, 3190, 3191, 3192, 3193, 3194, 3195, 3196, 3197, 3198, 3199, 3200, 3201, 3202, 3203, 3204, 3205, 3206, 3207, 3208, 3209, 3210, 3211, 3212, 3213, 3214, 3215, 3216, 3217, 3218, 3219, 3220]}
[C2KV POSITION DEBUG] {'forward_mode': '2', 'correction': [490], 'seq_lens': [2732], 'extend_prefix_lens': None, 'extend_seq_lens': None, 'positions': [3221]}
[C2KV POSITION DEBUG] {'forward_mode': '2', 'correction': [490], 'seq_lens': [2733], 'extend_prefix_lens': None, 'extend_seq_lens': None, 'positions': [3222]}
[C2KV POSITION DEBUG] {'forward_mode': '2', 'correction': [490], 'seq_lens': [2734], 'extend_prefix_lens': None, 'extend_seq_lens': None, 'positions': [3223]}
[C2KV POSITION DEBUG] {'forward_mode': '2', 'correction': [490], 'seq_lens': [2735], 'extend_prefix_lens': None, 'extend_seq_lens': None, 'positions': [3224]}
[C2KV POSITION DEBUG] {'forward_mode': '2', 'correction': [490], 'seq_lens': [2736], 'extend_prefix_lens': None, 'extend_seq_lens': None, 'positions': [3225]}
[C2KV POSITION DEBUG] {'forward_mode': '2', 'correction': [490], 'seq_lens': [2737], 'extend_prefix_lens': None, 'extend_seq_lens': None, 'positions': [3226]}
[C2KV POSITION DEBUG] {'forward_mode': '2', 'correction': [490], 'seq_lens': [2738], 'extend_prefix_lens': None, 'extend_seq_lens': None, 'positions': [3227]}
[C2KV POSITION DEBUG] {'forward_mode': '2', 'correction': [490], 'seq_lens': [2739], 'extend_prefix_lens': None, 'extend_seq_lens': None, 'positions': [3228]}
[C2KV POSITION DEBUG] {'forward_mode': '2', 'correction': [490], 'seq_lens': [2740], 'extend_prefix_lens': None, 'extend_seq_lens': None, 'positions': [3229]}
[C2KV POSITION DEBUG] {'forward_mode': '2', 'correction': [490], 'seq_lens': [2741], 'extend_prefix_lens': None, 'extend_seq_lens': None, 'positions': [3230]}
[C2KV POSITION DEBUG] {'forward_mode': '2', 'correction': [490], 'seq_lens': [2742], 'extend_prefix_lens': None, 'extend_seq_lens': None, 'positions': [3231]}
[C2KV POSITION DEBUG] {'forward_mode': '2', 'correction': [490], 'seq_lens': [2743], 'extend_prefix_lens': None, 'extend_seq_lens': None, 'positions': [3232]}
[C2KV POSITION DEBUG] {'forward_mode': '2', 'correction': [490], 'seq_lens': [2744], 'extend_prefix_lens': None, 'extend_seq_lens': None, 'positions': [3233]}
[C2KV POSITION DEBUG] {'forward_mode': '2', 'correction': [490], 'seq_lens': [2745], 'extend_prefix_lens': None, 'extend_seq_lens': None, 'positions': [3234]}
[C2KV POSITION DEBUG] {'forward_mode': '2', 'correction': [490], 'seq_lens': [2746], 'extend_prefix_lens': None, 'extend_seq_lens': None, 'positions': [3235]}
[C2KV POSITION DEBUG] {'forward_mode': '2', 'correction': [490], 'seq_lens': [2747], 'extend_prefix_lens': None, 'extend_seq_lens': None, 'positions': [3236]}
[C2KV POSITION DEBUG] {'forward_mode': '2', 'correction': [490], 'seq_lens': [2748], 'extend_prefix_lens': None, 'extend_seq_lens': None, 'positions': [3237]}
[C2KV POSITION DEBUG] {'forward_mode': '1', 'correction': [490], 'seq_lens': [2768], 'extend_prefix_lens': [2692], 'extend_seq_lens': [76], 'positions': [3182, 3183, 3184, 3185, 3186, 3187, 3188, 3189, 3190, 3191, 3192, 3193, 3194, 3195, 3196, 3197, 3198, 3199, 3200, 3201, 3202, 3203, 3204, 3205, 3206, 3207, 3208, 3209, 3210, 3211, 3212, 3213, 3214, 3215, 3216, 3217, 3218, 3219, 3220, 3221, 3222, 3223, 3224, 3225, 3226, 3227, 3228, 3229, 3230, 3231, 3232, 3233, 3234, 3235, 3236, 3237, 3238, 3239, 3240, 3241, 3242, 3243, 3244, 3245, 3246, 3247, 3248, 3249, 3250, 3251, 3252, 3253, 3254, 3255, 3256, 3257]}
[C2KV POSITION DEBUG] {'forward_mode': '2', 'correction': [490], 'seq_lens': [2769], 'extend_prefix_lens': None, 'extend_seq_lens': None, 'positions': [3258]}
[C2KV POSITION DEBUG] {'forward_mode': '2', 'correction': [490], 'seq_lens': [2770], 'extend_prefix_lens': None, 'extend_seq_lens': None, 'positions': [3259]}
[C2KV POSITION DEBUG] {'forward_mode': '2', 'correction': [490], 'seq_lens': [2771], 'extend_prefix_lens': None, 'extend_seq_lens': None, 'positions': [3260]}
[C2KV POSITION DEBUG] {'forward_mode': '2', 'correction': [490], 'seq_lens': [2772], 'extend_prefix_lens': None, 'extend_seq_lens': None, 'positions': [3261]}
[C2KV POSITION DEBUG] {'forward_mode': '2', 'correction': [490], 'seq_lens': [2773], 'extend_prefix_lens': None, 'extend_seq_lens': None, 'positions': [3262]}
[C2KV POSITION DEBUG] {'forward_mode': '2', 'correction': [490], 'seq_lens': [2774], 'extend_prefix_lens': None, 'extend_seq_lens': None, 'positions': [3263]}
[C2KV POSITION DEBUG] {'forward_mode': '2', 'correction': [490], 'seq_lens': [2775], 'extend_prefix_lens': None, 'extend_seq_lens': None, 'positions': [3264]}
[C2KV POSITION DEBUG] {'forward_mode': '2', 'correction': [490], 'seq_lens': [2776], 'extend_prefix_lens': None, 'extend_seq_lens': None, 'positions': [3265]}
[C2KV POSITION DEBUG] {'forward_mode': '2', 'correction': [490], 'seq_lens': [2777], 'extend_prefix_lens': None, 'extend_seq_lens': None, 'positions': [3266]}
[C2KV POSITION DEBUG] {'forward_mode': '2', 'correction': [490], 'seq_lens': [2778], 'extend_prefix_lens': None, 'extend_seq_lens': None, 'positions': [3267]}
[C2KV POSITION DEBUG] {'forward_mode': '2', 'correction': [490], 'seq_lens': [2779], 'extend_prefix_lens': None, 'extend_seq_lens': None, 'positions': [3268]}
[C2KV POSITION DEBUG] {'forward_mode': '2', 'correction': [490], 'seq_lens': [2780], 'extend_prefix_lens': None, 'extend_seq_lens': None, 'positions': [3269]}
[C2KV POSITION DEBUG] {'forward_mode': '2', 'correction': [490], 'seq_lens': [2781], 'extend_prefix_lens': None, 'extend_seq_lens': None, 'positions': [3270]}
[C2KV POSITION DEBUG] {'forward_mode': '2', 'correction': [490], 'seq_lens': [2782], 'extend_prefix_lens': None, 'extend_seq_lens': None, 'positions': [3271]}
[C2KV POSITION DEBUG] {'forward_mode': '2', 'correction': [490], 'seq_lens': [2783], 'extend_prefix_lens': None, 'extend_seq_lens': None, 'positions': [3272]}
[C2KV POSITION DEBUG] {'forward_mode': '2', 'correction': [490], 'seq_lens': [2784], 'extend_prefix_lens': None, 'extend_seq_lens': None, 'positions': [3273]}
[C2KV POSITION DEBUG] {'forward_mode': '2', 'correction': [490], 'seq_lens': [2785], 'extend_prefix_lens': None, 'extend_seq_lens': None, 'positions': [3274]}
[C2KV POSITION DEBUG] {'forward_mode': '2', 'correction': [490], 'seq_lens': [2786], 'extend_prefix_lens': None, 'extend_seq_lens': None, 'positions': [3275]}
[C2KV POSITION DEBUG] {'forward_mode': '1', 'correction': [369], 'seq_lens': [5043], 'extend_prefix_lens': [5017], 'extend_seq_lens': [26], 'positions': [5386, 5387, 5388, 5389, 5390, 5391, 5392, 5393, 5394, 5395, 5396, 5397, 5398, 5399, 5400, 5401, 5402, 5403, 5404, 5405, 5406, 5407, 5408, 5409, 5410, 5411]}
[C2KV POSITION DEBUG] {'forward_mode': '2', 'correction': [369], 'seq_lens': [5044], 'extend_prefix_lens': None, 'extend_seq_lens': None, 'positions': [5412]}
[C2KV POSITION DEBUG] {'forward_mode': '2', 'correction': [369], 'seq_lens': [5045], 'extend_prefix_lens': None, 'extend_seq_lens': None, 'positions': [5413]}
[C2KV POSITION DEBUG] {'forward_mode': '2', 'correction': [369], 'seq_lens': [5046], 'extend_prefix_lens': None, 'extend_seq_lens': None, 'positions': [5414]}
[C2KV POSITION DEBUG] {'forward_mode': '2', 'correction': [369], 'seq_lens': [5047], 'extend_prefix_lens': None, 'extend_seq_lens': None, 'positions': [5415]}
[C2KV POSITION DEBUG] {'forward_mode': '2', 'correction': [369], 'seq_lens': [5048], 'extend_prefix_lens': None, 'extend_seq_lens': None, 'positions': [5416]}
[C2KV POSITION DEBUG] {'forward_mode': '2', 'correction': [369], 'seq_lens': [5049], 'extend_prefix_lens': None, 'extend_seq_lens': None, 'positions': [5417]}
[C2KV POSITION DEBUG] {'forward_mode': '2', 'correction': [369], 'seq_lens': [5050], 'extend_prefix_lens': None, 'extend_seq_lens': None, 'positions': [5418]}
[C2KV POSITION DEBUG] {'forward_mode': '2', 'correction': [369], 'seq_lens': [5051], 'extend_prefix_lens': None, 'extend_seq_lens': None, 'positions': [5419]}
[C2KV POSITION DEBUG] {'forward_mode': '2', 'correction': [369], 'seq_lens': [5052], 'extend_prefix_lens': None, 'extend_seq_lens': None, 'positions': [5420]}
[C2KV POSITION DEBUG] {'forward_mode': '2', 'correction': [369], 'seq_lens': [5053], 'extend_prefix_lens': None, 'extend_seq_lens': None, 'positions': [5421]}
[C2KV POSITION DEBUG] {'forward_mode': '2', 'correction': [369], 'seq_lens': [5054], 'extend_prefix_lens': None, 'extend_seq_lens': None, 'positions': [5422]}
[C2KV POSITION DEBUG] {'forward_mode': '2', 'correction': [369], 'seq_lens': [5055], 'extend_prefix_lens': None, 'extend_seq_lens': None, 'positions': [5423]}
[C2KV POSITION DEBUG] {'forward_mode': '2', 'correction': [369], 'seq_lens': [5056], 'extend_prefix_lens': None, 'extend_seq_lens': None, 'positions': [5424]}
[C2KV POSITION DEBUG] {'forward_mode': '2', 'correction': [369], 'seq_lens': [5057], 'extend_prefix_lens': None, 'extend_seq_lens': None, 'positions': [5425]}
[C2KV POSITION DEBUG] {'forward_mode': '2', 'correction': [369], 'seq_lens': [5058], 'extend_prefix_lens': None, 'extend_seq_lens': None, 'positions': [5426]}
[C2KV POSITION DEBUG] {'forward_mode': '2', 'correction': [369], 'seq_lens': [5059], 'extend_prefix_lens': None, 'extend_seq_lens': None, 'positions': [5427]}
[C2KV POSITION DEBUG] {'forward_mode': '2', 'correction': [369], 'seq_lens': [5060], 'extend_prefix_lens': None, 'extend_seq_lens': None, 'positions': [5428]}
[C2KV POSITION DEBUG] {'forward_mode': '2', 'correction': [369], 'seq_lens': [5061], 'extend_prefix_lens': None, 'extend_seq_lens': None, 'positions': [5429]}
[C2KV POSITION DEBUG] {'forward_mode': '2', 'correction': [369], 'seq_lens': [5062], 'extend_prefix_lens': None, 'extend_seq_lens': None, 'positions': [5430]}
[C2KV POSITION DEBUG] {'forward_mode': '2', 'correction': [369], 'seq_lens': [5063], 'extend_prefix_lens': None, 'extend_seq_lens': None, 'positions': [5431]}
[C2KV POSITION DEBUG] {'forward_mode': '2', 'correction': [369], 'seq_lens': [5064], 'extend_prefix_lens': None, 'extend_seq_lens': None, 'positions': [5432]}
[C2KV POSITION DEBUG] {'forward_mode': '2', 'correction': [369], 'seq_lens': [5065], 'extend_prefix_lens': None, 'extend_seq_lens': None, 'positions': [5433]}
[C2KV POSITION DEBUG] {'forward_mode': '2', 'correction': [369], 'seq_lens': [5066], 'extend_prefix_lens': None, 'extend_seq_lens': None, 'positions': [5434]}
[C2KV POSITION DEBUG] {'forward_mode': '2', 'correction': [369], 'seq_lens': [5067], 'extend_prefix_lens': None, 'extend_seq_lens': None, 'positions': [5435]}
[C2KV POSITION DEBUG] {'forward_mode': '2', 'correction': [369], 'seq_lens': [5068], 'extend_prefix_lens': None, 'extend_seq_lens': None, 'positions': [5436]}
[C2KV POSITION DEBUG] {'forward_mode': '2', 'correction': [369], 'seq_lens': [5069], 'extend_prefix_lens': None, 'extend_seq_lens': None, 'positions': [5437]}
[C2KV POSITION DEBUG] {'forward_mode': '2', 'correction': [369], 'seq_lens': [5070], 'extend_prefix_lens': None, 'extend_seq_lens': None, 'positions': [5438]}
[C2KV POSITION DEBUG] {'forward_mode': '2', 'correction': [369], 'seq_lens': [5071], 'extend_prefix_lens': None, 'extend_seq_lens': None, 'positions': [5439]}
[C2KV POSITION DEBUG] {'forward_mode': '2', 'correction': [369], 'seq_lens': [5072], 'extend_prefix_lens': None, 'extend_seq_lens': None, 'positions': [5440]}
[C2KV POSITION DEBUG] {'forward_mode': '2', 'correction': [369], 'seq_lens': [5073], 'extend_prefix_lens': None, 'extend_seq_lens': None, 'positions': [5441]}
[C2KV POSITION DEBUG] {'forward_mode': '2', 'correction': [369], 'seq_lens': [5074], 'extend_prefix_lens': None, 'extend_seq_lens': None, 'positions': [5442]}
[C2KV POSITION DEBUG] {'forward_mode': '2', 'correction': [369], 'seq_lens': [5075], 'extend_prefix_lens': None, 'extend_seq_lens': None, 'positions': [5443]}
[C2KV POSITION DEBUG] {'forward_mode': '2', 'correction': [369], 'seq_lens': [5076], 'extend_prefix_lens': None, 'extend_seq_lens': None, 'positions': [5444]}
[C2KV POSITION DEBUG] {'forward_mode': '2', 'correction': [369], 'seq_lens': [5077], 'extend_prefix_lens': None, 'extend_seq_lens': None, 'positions': [5445]}
[C2KV POSITION DEBUG] {'forward_mode': '2', 'correction': [369], 'seq_lens': [5078], 'extend_prefix_lens': None, 'extend_seq_lens': None, 'positions': [5446]}
[C2KV POSITION DEBUG] {'forward_mode': '2', 'correction': [369], 'seq_lens': [5079], 'extend_prefix_lens': None, 'extend_seq_lens': None, 'positions': [5447]}
[C2KV POSITION DEBUG] {'forward_mode': '2', 'correction': [369], 'seq_lens': [5080], 'extend_prefix_lens': None, 'extend_seq_lens': None, 'positions': [5448]}
[C2KV POSITION DEBUG] {'forward_mode': '2', 'correction': [369], 'seq_lens': [5081], 'extend_prefix_lens': None, 'extend_seq_lens': None, 'positions': [5449]}
[C2KV POSITION DEBUG] {'forward_mode': '2', 'correction': [369], 'seq_lens': [5082], 'extend_prefix_lens': None, 'extend_seq_lens': None, 'positions': [5450]}
[C2KV POSITION DEBUG] {'forward_mode': '2', 'correction': [369], 'seq_lens': [5083], 'extend_prefix_lens': None, 'extend_seq_lens': None, 'positions': [5451]}
[C2KV POSITION DEBUG] {'forward_mode': '2', 'correction': [369], 'seq_lens': [5084], 'extend_prefix_lens': None, 'extend_seq_lens': None, 'positions': [5452]}
[C2KV POSITION DEBUG] {'forward_mode': '2', 'correction': [369], 'seq_lens': [5085], 'extend_prefix_lens': None, 'extend_seq_lens': None, 'positions': [5453]}
[C2KV POSITION DEBUG] {'forward_mode': '2', 'correction': [369], 'seq_lens': [5086], 'extend_prefix_lens': None, 'extend_seq_lens': None, 'positions': [5454]}
[C2KV POSITION DEBUG] {'forward_mode': '2', 'correction': [369], 'seq_lens': [5087], 'extend_prefix_lens': None, 'extend_seq_lens': None, 'positions': [5455]}
[C2KV POSITION DEBUG] {'forward_mode': '2', 'correction': [369], 'seq_lens': [5088], 'extend_prefix_lens': None, 'extend_seq_lens': None, 'positions': [5456]}
[C2KV POSITION DEBUG] {'forward_mode': '2', 'correction': [369], 'seq_lens': [5089], 'extend_prefix_lens': None, 'extend_seq_lens': None, 'positions': [5457]}
[C2KV POSITION DEBUG] {'forward_mode': '2', 'correction': [369], 'seq_lens': [5090], 'extend_prefix_lens': None, 'extend_seq_lens': None, 'positions': [5458]}
[C2KV POSITION DEBUG] {'forward_mode': '2', 'correction': [369], 'seq_lens': [5091], 'extend_prefix_lens': None, 'extend_seq_lens': None, 'positions': [5459]}
[C2KV POSITION DEBUG] {'forward_mode': '2', 'correction': [369], 'seq_lens': [5092], 'extend_prefix_lens': None, 'extend_seq_lens': None, 'positions': [5460]}
[C2KV POSITION DEBUG] {'forward_mode': '2', 'correction': [369], 'seq_lens': [5093], 'extend_prefix_lens': None, 'extend_seq_lens': None, 'positions': [5461]}
[C2KV POSITION DEBUG] {'forward_mode': '2', 'correction': [369], 'seq_lens': [5094], 'extend_prefix_lens': None, 'extend_seq_lens': None, 'positions': [5462]}
[C2KV POSITION DEBUG] {'forward_mode': '2', 'correction': [369], 'seq_lens': [5095], 'extend_prefix_lens': None, 'extend_seq_lens': None, 'positions': [5463]}
[C2KV POSITION DEBUG] {'forward_mode': '2', 'correction': [369], 'seq_lens': [5096], 'extend_prefix_lens': None, 'extend_seq_lens': None, 'positions': [5464]}
[C2KV POSITION DEBUG] {'forward_mode': '2', 'correction': [369], 'seq_lens': [5097], 'extend_prefix_lens': None, 'extend_seq_lens': None, 'positions': [5465]}
[C2KV POSITION DEBUG] {'forward_mode': '2', 'correction': [369], 'seq_lens': [5098], 'extend_prefix_lens': None, 'extend_seq_lens': None, 'positions': [5466]}
[C2KV POSITION DEBUG] {'forward_mode': '1', 'correction': [369], 'seq_lens': [5093], 'extend_prefix_lens': [5017], 'extend_seq_lens': [76], 'positions': [5386, 5387, 5388, 5389, 5390, 5391, 5392, 5393, 5394, 5395, 5396, 5397, 5398, 5399, 5400, 5401, 5402, 5403, 5404, 5405, 5406, 5407, 5408, 5409, 5410, 5411, 5412, 5413, 5414, 5415, 5416, 5417, 5418, 5419, 5420, 5421, 5422, 5423, 5424, 5425, 5426, 5427, 5428, 5429, 5430, 5431, 5432, 5433, 5434, 5435, 5436, 5437, 5438, 5439, 5440, 5441, 5442, 5443, 5444, 5445, 5446, 5447, 5448, 5449, 5450, 5451, 5452, 5453, 5454, 5455, 5456, 5457, 5458, 5459, 5460, 5461]}
[C2KV POSITION DEBUG] {'forward_mode': '2', 'correction': [369], 'seq_lens': [5094], 'extend_prefix_lens': None, 'extend_seq_lens': None, 'positions': [5462]}
[C2KV POSITION DEBUG] {'forward_mode': '2', 'correction': [369], 'seq_lens': [5095], 'extend_prefix_lens': None, 'extend_seq_lens': None, 'positions': [5463]}
[C2KV POSITION DEBUG] {'forward_mode': '2', 'correction': [369], 'seq_lens': [5096], 'extend_prefix_lens': None, 'extend_seq_lens': None, 'positions': [5464]}
[C2KV POSITION DEBUG] {'forward_mode': '2', 'correction': [369], 'seq_lens': [5097], 'extend_prefix_lens': None, 'extend_seq_lens': None, 'positions': [5465]}
[C2KV POSITION DEBUG] {'forward_mode': '2', 'correction': [369], 'seq_lens': [5098], 'extend_prefix_lens': None, 'extend_seq_lens': None, 'positions': [5466]}
[C2KV POSITION DEBUG] {'forward_mode': '2', 'correction': [369], 'seq_lens': [5099], 'extend_prefix_lens': None, 'extend_seq_lens': None, 'positions': [5467]}
[C2KV POSITION DEBUG] {'forward_mode': '2', 'correction': [369], 'seq_lens': [5100], 'extend_prefix_lens': None, 'extend_seq_lens': None, 'positions': [5468]}
[C2KV POSITION DEBUG] {'forward_mode': '2', 'correction': [369], 'seq_lens': [5101], 'extend_prefix_lens': None, 'extend_seq_lens': None, 'positions': [5469]}
[C2KV POSITION DEBUG] {'forward_mode': '2', 'correction': [369], 'seq_lens': [5102], 'extend_prefix_lens': None, 'extend_seq_lens': None, 'positions': [5470]}
[C2KV POSITION DEBUG] {'forward_mode': '2', 'correction': [369], 'seq_lens': [5103], 'extend_prefix_lens': None, 'extend_seq_lens': None, 'positions': [5471]}
[C2KV POSITION DEBUG] {'forward_mode': '2', 'correction': [369], 'seq_lens': [5104], 'extend_prefix_lens': None, 'extend_seq_lens': None, 'positions': [5472]}
[C2KV POSITION DEBUG] {'forward_mode': '2', 'correction': [369], 'seq_lens': [5105], 'extend_prefix_lens': None, 'extend_seq_lens': None, 'positions': [5473]}
[C2KV POSITION DEBUG] {'forward_mode': '2', 'correction': [369], 'seq_lens': [5106], 'extend_prefix_lens': None, 'extend_seq_lens': None, 'positions': [5474]}
[C2KV POSITION DEBUG] {'forward_mode': '2', 'correction': [369], 'seq_lens': [5107], 'extend_prefix_lens': None, 'extend_seq_lens': None, 'positions': [5475]}
[C2KV POSITION DEBUG] {'forward_mode': '2', 'correction': [369], 'seq_lens': [5108], 'extend_prefix_lens': None, 'extend_seq_lens': None, 'positions': [5476]}
[C2KV POSITION DEBUG] {'forward_mode': '2', 'correction': [369], 'seq_lens': [5109], 'extend_prefix_lens': None, 'extend_seq_lens': None, 'positions': [5477]}
[C2KV POSITION DEBUG] {'forward_mode': '2', 'correction': [369], 'seq_lens': [5110], 'extend_prefix_lens': None, 'extend_seq_lens': None, 'positions': [5478]}
[C2KV POSITION DEBUG] {'forward_mode': '2', 'correction': [369], 'seq_lens': [5111], 'extend_prefix_lens': None, 'extend_seq_lens': None, 'positions': [5479]}
[C2KV POSITION DEBUG] {'forward_mode': '2', 'correction': [369], 'seq_lens': [5112], 'extend_prefix_lens': None, 'extend_seq_lens': None, 'positions': [5480]}
[C2KV POSITION DEBUG] {'forward_mode': '2', 'correction': [369], 'seq_lens': [5113], 'extend_prefix_lens': None, 'extend_seq_lens': None, 'positions': [5481]}
[C2KV POSITION DEBUG] {'forward_mode': '2', 'correction': [369], 'seq_lens': [5114], 'extend_prefix_lens': None, 'extend_seq_lens': None, 'positions': [5482]}
[C2KV POSITION DEBUG] {'forward_mode': '2', 'correction': [369], 'seq_lens': [5115], 'extend_prefix_lens': None, 'extend_seq_lens': None, 'positions': [5483]}
[C2KV POSITION DEBUG] {'forward_mode': '2', 'correction': [369], 'seq_lens': [5116], 'extend_prefix_lens': None, 'extend_seq_lens': None, 'positions': [5484]}
[C2KV POSITION DEBUG] {'forward_mode': '2', 'correction': [369], 'seq_lens': [5117], 'extend_prefix_lens': None, 'extend_seq_lens': None, 'positions': [5485]}
[C2KV POSITION DEBUG] {'forward_mode': '2', 'correction': [369], 'seq_lens': [5118], 'extend_prefix_lens': None, 'extend_seq_lens': None, 'positions': [5486]}
[C2KV POSITION DEBUG] {'forward_mode': '2', 'correction': [369], 'seq_lens': [5119], 'extend_prefix_lens': None, 'extend_seq_lens': None, 'positions': [5487]}
[C2KV POSITION DEBUG] {'forward_mode': '2', 'correction': [369], 'seq_lens': [5120], 'extend_prefix_lens': None, 'extend_seq_lens': None, 'positions': [5488]}
[C2KV POSITION DEBUG] {'forward_mode': '2', 'correction': [369], 'seq_lens': [5121], 'extend_prefix_lens': None, 'extend_seq_lens': None, 'positions': [5489]}
[C2KV POSITION DEBUG] {'forward_mode': '2', 'correction': [369], 'seq_lens': [5122], 'extend_prefix_lens': None, 'extend_seq_lens': None, 'positions': [5490]}
[C2KV POSITION DEBUG] {'forward_mode': '2', 'correction': [369], 'seq_lens': [5123], 'extend_prefix_lens': None, 'extend_seq_lens': None, 'positions': [5491]}
[C2KV POSITION DEBUG] {'forward_mode': '2', 'correction': [369], 'seq_lens': [5124], 'extend_prefix_lens': None, 'extend_seq_lens': None, 'positions': [5492]}
[C2KV POSITION DEBUG] {'forward_mode': '2', 'correction': [369], 'seq_lens': [5125], 'extend_prefix_lens': None, 'extend_seq_lens': None, 'positions': [5493]}
[C2KV POSITION DEBUG] {'forward_mode': '2', 'correction': [369], 'seq_lens': [5126], 'extend_prefix_lens': None, 'extend_seq_lens': None, 'positions': [5494]}
[C2KV POSITION DEBUG] {'forward_mode': '2', 'correction': [369], 'seq_lens': [5127], 'extend_prefix_lens': None, 'extend_seq_lens': None, 'positions': [5495]}
[C2KV POSITION DEBUG] {'forward_mode': '2', 'correction': [369], 'seq_lens': [5128], 'extend_prefix_lens': None, 'extend_seq_lens': None, 'positions': [5496]}
[C2KV POSITION DEBUG] {'forward_mode': '2', 'correction': [369], 'seq_lens': [5129], 'extend_prefix_lens': None, 'extend_seq_lens': None, 'positions': [5497]}
[C2KV POSITION DEBUG] {'forward_mode': '2', 'correction': [369], 'seq_lens': [5130], 'extend_prefix_lens': None, 'extend_seq_lens': None, 'positions': [5498]}
[C2KV POSITION DEBUG] {'forward_mode': '2', 'correction': [369], 'seq_lens': [5131], 'extend_prefix_lens': None, 'extend_seq_lens': None, 'positions': [5499]}
[C2KV POSITION DEBUG] {'forward_mode': '2', 'correction': [369], 'seq_lens': [5132], 'extend_prefix_lens': None, 'extend_seq_lens': None, 'positions': [5500]}
[C2KV POSITION DEBUG] {'forward_mode': '2', 'correction': [369], 'seq_lens': [5133], 'extend_prefix_lens': None, 'extend_seq_lens': None, 'positions': [5501]}
[C2KV POSITION DEBUG] {'forward_mode': '2', 'correction': [369], 'seq_lens': [5134], 'extend_prefix_lens': None, 'extend_seq_lens': None, 'positions': [5502]}
[C2KV POSITION DEBUG] {'forward_mode': '2', 'correction': [369], 'seq_lens': [5135], 'extend_prefix_lens': None, 'extend_seq_lens': None, 'positions': [5503]}
[C2KV POSITION DEBUG] {'forward_mode': '2', 'correction': [369], 'seq_lens': [5136], 'extend_prefix_lens': None, 'extend_seq_lens': None, 'positions': [5504]}
[C2KV POSITION DEBUG] {'forward_mode': '2', 'correction': [369], 'seq_lens': [5137], 'extend_prefix_lens': None, 'extend_seq_lens': None, 'positions': [5505]}
[C2KV POSITION DEBUG] {'forward_mode': '2', 'correction': [369], 'seq_lens': [5138], 'extend_prefix_lens': None, 'extend_seq_lens': None, 'positions': [5506]}
[C2KV POSITION DEBUG] {'forward_mode': '2', 'correction': [369], 'seq_lens': [5139], 'extend_prefix_lens': None, 'extend_seq_lens': None, 'positions': [5507]}
[C2KV POSITION DEBUG] {'forward_mode': '2', 'correction': [369], 'seq_lens': [5140], 'extend_prefix_lens': None, 'extend_seq_lens': None, 'positions': [5508]}
[C2KV POSITION DEBUG] {'forward_mode': '2', 'correction': [369], 'seq_lens': [5141], 'extend_prefix_lens': None, 'extend_seq_lens': None, 'positions': [5509]}
[C2KV POSITION DEBUG] {'forward_mode': '2', 'correction': [369], 'seq_lens': [5142], 'extend_prefix_lens': None, 'extend_seq_lens': None, 'positions': [5510]}
[C2KV POSITION DEBUG] {'forward_mode': '2', 'correction': [369], 'seq_lens': [5143], 'extend_prefix_lens': None, 'extend_seq_lens': None, 'positions': [5511]}
[C2KV POSITION DEBUG] {'forward_mode': '2', 'correction': [369], 'seq_lens': [5144], 'extend_prefix_lens': None, 'extend_seq_lens': None, 'positions': [5512]}
[C2KV POSITION DEBUG] {'forward_mode': '2', 'correction': [369], 'seq_lens': [5145], 'extend_prefix_lens': None, 'extend_seq_lens': None, 'positions': [5513]}
[C2KV POSITION DEBUG] {'forward_mode': '2', 'correction': [369], 'seq_lens': [5146], 'extend_prefix_lens': None, 'extend_seq_lens': None, 'positions': [5514]}
[C2KV POSITION DEBUG] {'forward_mode': '2', 'correction': [369], 'seq_lens': [5147], 'extend_prefix_lens': None, 'extend_seq_lens': None, 'positions': [5515]}
[C2KV POSITION DEBUG] {'forward_mode': '2', 'correction': [369], 'seq_lens': [5148], 'extend_prefix_lens': None, 'extend_seq_lens': None, 'positions': [5516]}
[C2KV POSITION DEBUG] {'forward_mode': '2', 'correction': [369], 'seq_lens': [5149], 'extend_prefix_lens': None, 'extend_seq_lens': None, 'positions': [5517]}
[C2KV POSITION DEBUG] {'forward_mode': '2', 'correction': [369], 'seq_lens': [5150], 'extend_prefix_lens': None, 'extend_seq_lens': None, 'positions': [5518]}
[C2KV POSITION DEBUG] {'forward_mode': '2', 'correction': [369], 'seq_lens': [5151], 'extend_prefix_lens': None, 'extend_seq_lens': None, 'positions': [5519]}
[C2KV POSITION DEBUG] {'forward_mode': '2', 'correction': [369], 'seq_lens': [5152], 'extend_prefix_lens': None, 'extend_seq_lens': None, 'positions': [5520]}
[C2KV POSITION DEBUG] {'forward_mode': '2', 'correction': [369], 'seq_lens': [5153], 'extend_prefix_lens': None, 'extend_seq_lens': None, 'positions': [5521]}
[C2KV POSITION DEBUG] {'forward_mode': '2', 'correction': [369], 'seq_lens': [5154], 'extend_prefix_lens': None, 'extend_seq_lens': None, 'positions': [5522]}
[C2KV POSITION DEBUG] {'forward_mode': '2', 'correction': [369], 'seq_lens': [5155], 'extend_prefix_lens': None, 'extend_seq_lens': None, 'positions': [5523]}
[C2KV POSITION DEBUG] {'forward_mode': '2', 'correction': [369], 'seq_lens': [5156], 'extend_prefix_lens': None, 'extend_seq_lens': None, 'positions': [5524]}
[C2KV POSITION DEBUG] {'forward_mode': '2', 'correction': [369], 'seq_lens': [5157], 'extend_prefix_lens': None, 'extend_seq_lens': None, 'positions': [5525]}
[C2KV POSITION DEBUG] {'forward_mode': '2', 'correction': [369], 'seq_lens': [5158], 'extend_prefix_lens': None, 'extend_seq_lens': None, 'positions': [5526]}
[C2KV POSITION DEBUG] {'forward_mode': '2', 'correction': [369], 'seq_lens': [5159], 'extend_prefix_lens': None, 'extend_seq_lens': None, 'positions': [5527]}
[C2KV POSITION DEBUG] {'forward_mode': '2', 'correction': [369], 'seq_lens': [5160], 'extend_prefix_lens': None, 'extend_seq_lens': None, 'positions': [5528]}
[C2KV POSITION DEBUG] {'forward_mode': '2', 'correction': [369], 'seq_lens': [5161], 'extend_prefix_lens': None, 'extend_seq_lens': None, 'positions': [5529]}
[C2KV POSITION DEBUG] {'forward_mode': '2', 'correction': [369], 'seq_lens': [5162], 'extend_prefix_lens': None, 'extend_seq_lens': None, 'positions': [5530]}
[C2KV POSITION DEBUG] {'forward_mode': '1', 'correction': [369], 'seq_lens': [5120], 'extend_prefix_lens': [5017], 'extend_seq_lens': [103], 'positions': [5386, 5387, 5388, 5389, 5390, 5391, 5392, 5393, 5394, 5395, 5396, 5397, 5398, 5399, 5400, 5401, 5402, 5403, 5404, 5405, 5406, 5407, 5408, 5409, 5410, 5411, 5412, 5413, 5414, 5415, 5416, 5417, 5418, 5419, 5420, 5421, 5422, 5423, 5424, 5425, 5426, 5427, 5428, 5429, 5430, 5431, 5432, 5433, 5434, 5435, 5436, 5437, 5438, 5439, 5440, 5441, 5442, 5443, 5444, 5445, 5446, 5447, 5448, 5449, 5450, 5451, 5452, 5453, 5454, 5455, 5456, 5457, 5458, 5459, 5460, 5461, 5462, 5463, 5464, 5465, 5466, 5467, 5468, 5469, 5470, 5471, 5472, 5473, 5474, 5475, 5476, 5477, 5478, 5479, 5480, 5481, 5482, 5483, 5484, 5485, 5486, 5487, 5488]}
[C2KV POSITION DEBUG] {'forward_mode': '1', 'correction': [369], 'seq_lens': [5164], 'extend_prefix_lens': [5120], 'extend_seq_lens': [44], 'positions': [5489, 5490, 5491, 5492, 5493, 5494, 5495, 5496, 5497, 5498, 5499, 5500, 5501, 5502, 5503, 5504, 5505, 5506, 5507, 5508, 5509, 5510, 5511, 5512, 5513, 5514, 5515, 5516, 5517, 5518, 5519, 5520, 5521, 5522, 5523, 5524, 5525, 5526, 5527, 5528, 5529, 5530, 5531, 5532]}
[C2KV POSITION DEBUG] {'forward_mode': '2', 'correction': [369], 'seq_lens': [5165], 'extend_prefix_lens': None, 'extend_seq_lens': None, 'positions': [5533]}
[C2KV POSITION DEBUG] {'forward_mode': '2', 'correction': [369], 'seq_lens': [5166], 'extend_prefix_lens': None, 'extend_seq_lens': None, 'positions': [5534]}
[C2KV POSITION DEBUG] {'forward_mode': '2', 'correction': [369], 'seq_lens': [5167], 'extend_prefix_lens': None, 'extend_seq_lens': None, 'positions': [5535]}
[C2KV POSITION DEBUG] {'forward_mode': '2', 'correction': [369], 'seq_lens': [5168], 'extend_prefix_lens': None, 'extend_seq_lens': None, 'positions': [5536]}
[C2KV POSITION DEBUG] {'forward_mode': '2', 'correction': [369], 'seq_lens': [5169], 'extend_prefix_lens': None, 'extend_seq_lens': None, 'positions': [5537]}
[C2KV POSITION DEBUG] {'forward_mode': '2', 'correction': [369], 'seq_lens': [5170], 'extend_prefix_lens': None, 'extend_seq_lens': None, 'positions': [5538]}
[C2KV POSITION DEBUG] {'forward_mode': '2', 'correction': [369], 'seq_lens': [5171], 'extend_prefix_lens': None, 'extend_seq_lens': None, 'positions': [5539]}
[C2KV POSITION DEBUG] {'forward_mode': '2', 'correction': [369], 'seq_lens': [5172], 'extend_prefix_lens': None, 'extend_seq_lens': None, 'positions': [5540]}
[C2KV POSITION DEBUG] {'forward_mode': '2', 'correction': [369], 'seq_lens': [5173], 'extend_prefix_lens': None, 'extend_seq_lens': None, 'positions': [5541]}
[C2KV POSITION DEBUG] {'forward_mode': '2', 'correction': [369], 'seq_lens': [5174], 'extend_prefix_lens': None, 'extend_seq_lens': None, 'positions': [5542]}
[C2KV POSITION DEBUG] {'forward_mode': '2', 'correction': [369], 'seq_lens': [5175], 'extend_prefix_lens': None, 'extend_seq_lens': None, 'positions': [5543]}
[C2KV POSITION DEBUG] {'forward_mode': '2', 'correction': [369], 'seq_lens': [5176], 'extend_prefix_lens': None, 'extend_seq_lens': None, 'positions': [5544]}
[C2KV POSITION DEBUG] {'forward_mode': '2', 'correction': [369], 'seq_lens': [5177], 'extend_prefix_lens': None, 'extend_seq_lens': None, 'positions': [5545]}
[C2KV POSITION DEBUG] {'forward_mode': '2', 'correction': [369], 'seq_lens': [5178], 'extend_prefix_lens': None, 'extend_seq_lens': None, 'positions': [5546]}
[C2KV POSITION DEBUG] {'forward_mode': '2', 'correction': [369], 'seq_lens': [5179], 'extend_prefix_lens': None, 'extend_seq_lens': None, 'positions': [5547]}
[C2KV POSITION DEBUG] {'forward_mode': '2', 'correction': [369], 'seq_lens': [5180], 'extend_prefix_lens': None, 'extend_seq_lens': None, 'positions': [5548]}
[C2KV POSITION DEBUG] {'forward_mode': '2', 'correction': [369], 'seq_lens': [5181], 'extend_prefix_lens': None, 'extend_seq_lens': None, 'positions': [5549]}
[C2KV POSITION DEBUG] {'forward_mode': '2', 'correction': [369], 'seq_lens': [5182], 'extend_prefix_lens': None, 'extend_seq_lens': None, 'positions': [5550]}
[C2KV POSITION DEBUG] {'forward_mode': '2', 'correction': [369], 'seq_lens': [5183], 'extend_prefix_lens': None, 'extend_seq_lens': None, 'positions': [5551]}
[C2KV POSITION DEBUG] {'forward_mode': '2', 'correction': [369], 'seq_lens': [5184], 'extend_prefix_lens': None, 'extend_seq_lens': None, 'positions': [5552]}
[C2KV POSITION DEBUG] {'forward_mode': '2', 'correction': [369], 'seq_lens': [5185], 'extend_prefix_lens': None, 'extend_seq_lens': None, 'positions': [5553]}
[C2KV POSITION DEBUG] {'forward_mode': '2', 'correction': [369], 'seq_lens': [5186], 'extend_prefix_lens': None, 'extend_seq_lens': None, 'positions': [5554]}
[C2KV POSITION DEBUG] {'forward_mode': '2', 'correction': [369], 'seq_lens': [5187], 'extend_prefix_lens': None, 'extend_seq_lens': None, 'positions': [5555]}
[C2KV POSITION DEBUG] {'forward_mode': '2', 'correction': [369], 'seq_lens': [5188], 'extend_prefix_lens': None, 'extend_seq_lens': None, 'positions': [5556]}
[C2KV POSITION DEBUG] {'forward_mode': '2', 'correction': [369], 'seq_lens': [5189], 'extend_prefix_lens': None, 'extend_seq_lens': None, 'positions': [5557]}
[C2KV POSITION DEBUG] {'forward_mode': '2', 'correction': [369], 'seq_lens': [5190], 'extend_prefix_lens': None, 'extend_seq_lens': None, 'positions': [5558]}
[C2KV POSITION DEBUG] {'forward_mode': '2', 'correction': [369], 'seq_lens': [5191], 'extend_prefix_lens': None, 'extend_seq_lens': None, 'positions': [5559]}
[C2KV POSITION DEBUG] {'forward_mode': '2', 'correction': [369], 'seq_lens': [5192], 'extend_prefix_lens': None, 'extend_seq_lens': None, 'positions': [5560]}
[C2KV POSITION DEBUG] {'forward_mode': '2', 'correction': [369], 'seq_lens': [5193], 'extend_prefix_lens': None, 'extend_seq_lens': None, 'positions': [5561]}
[C2KV POSITION DEBUG] {'forward_mode': '2', 'correction': [369], 'seq_lens': [5194], 'extend_prefix_lens': None, 'extend_seq_lens': None, 'positions': [5562]}
[C2KV POSITION DEBUG] {'forward_mode': '2', 'correction': [369], 'seq_lens': [5195], 'extend_prefix_lens': None, 'extend_seq_lens': None, 'positions': [5563]}
[C2KV POSITION DEBUG] {'forward_mode': '2', 'correction': [369], 'seq_lens': [5196], 'extend_prefix_lens': None, 'extend_seq_lens': None, 'positions': [5564]}
[C2KV POSITION DEBUG] {'forward_mode': '2', 'correction': [369], 'seq_lens': [5197], 'extend_prefix_lens': None, 'extend_seq_lens': None, 'positions': [5565]}
[C2KV POSITION DEBUG] {'forward_mode': '2', 'correction': [369], 'seq_lens': [5198], 'extend_prefix_lens': None, 'extend_seq_lens': None, 'positions': [5566]}
[C2KV POSITION DEBUG] {'forward_mode': '2', 'correction': [369], 'seq_lens': [5199], 'extend_prefix_lens': None, 'extend_seq_lens': None, 'positions': [5567]}
[C2KV POSITION DEBUG] {'forward_mode': '2', 'correction': [369], 'seq_lens': [5200], 'extend_prefix_lens': None, 'extend_seq_lens': None, 'positions': [5568]}
[C2KV POSITION DEBUG] {'forward_mode': '2', 'correction': [369], 'seq_lens': [5201], 'extend_prefix_lens': None, 'extend_seq_lens': None, 'positions': [5569]}
[C2KV POSITION DEBUG] {'forward_mode': '2', 'correction': [369], 'seq_lens': [5202], 'extend_prefix_lens': None, 'extend_seq_lens': None, 'positions': [5570]}
[C2KV POSITION DEBUG] {'forward_mode': '2', 'correction': [369], 'seq_lens': [5203], 'extend_prefix_lens': None, 'extend_seq_lens': None, 'positions': [5571]}
[C2KV POSITION DEBUG] {'forward_mode': '2', 'correction': [369], 'seq_lens': [5204], 'extend_prefix_lens': None, 'extend_seq_lens': None, 'positions': [5572]}
[C2KV POSITION DEBUG] {'forward_mode': '2', 'correction': [369], 'seq_lens': [5205], 'extend_prefix_lens': None, 'extend_seq_lens': None, 'positions': [5573]}
[C2KV POSITION DEBUG] {'forward_mode': '2', 'correction': [369], 'seq_lens': [5206], 'extend_prefix_lens': None, 'extend_seq_lens': None, 'positions': [5574]}
[C2KV POSITION DEBUG] {'forward_mode': '2', 'correction': [369], 'seq_lens': [5207], 'extend_prefix_lens': None, 'extend_seq_lens': None, 'positions': [5575]}
[C2KV POSITION DEBUG] {'forward_mode': '2', 'correction': [369], 'seq_lens': [5208], 'extend_prefix_lens': None, 'extend_seq_lens': None, 'positions': [5576]}
[C2KV POSITION DEBUG] {'forward_mode': '2', 'correction': [369], 'seq_lens': [5209], 'extend_prefix_lens': None, 'extend_seq_lens': None, 'positions': [5577]}
[C2KV POSITION DEBUG] {'forward_mode': '2', 'correction': [369], 'seq_lens': [5210], 'extend_prefix_lens': None, 'extend_seq_lens': None, 'positions': [5578]}
[C2KV POSITION DEBUG] {'forward_mode': '2', 'correction': [369], 'seq_lens': [5211], 'extend_prefix_lens': None, 'extend_seq_lens': None, 'positions': [5579]}
[C2KV POSITION DEBUG] {'forward_mode': '2', 'correction': [369], 'seq_lens': [5212], 'extend_prefix_lens': None, 'extend_seq_lens': None, 'positions': [5580]}
[C2KV POSITION DEBUG] {'forward_mode': '2', 'correction': [369], 'seq_lens': [5213], 'extend_prefix_lens': None, 'extend_seq_lens': None, 'positions': [5581]}
[C2KV POSITION DEBUG] {'forward_mode': '2', 'correction': [369], 'seq_lens': [5214], 'extend_prefix_lens': None, 'extend_seq_lens': None, 'positions': [5582]}
[C2KV POSITION DEBUG] {'forward_mode': '2', 'correction': [369], 'seq_lens': [5215], 'extend_prefix_lens': None, 'extend_seq_lens': None, 'positions': [5583]}
[C2KV POSITION DEBUG] {'forward_mode': '2', 'correction': [369], 'seq_lens': [5216], 'extend_prefix_lens': None, 'extend_seq_lens': None, 'positions': [5584]}
[C2KV POSITION DEBUG] {'forward_mode': '2', 'correction': [369], 'seq_lens': [5217], 'extend_prefix_lens': None, 'extend_seq_lens': None, 'positions': [5585]}
[C2KV POSITION DEBUG] {'forward_mode': '2', 'correction': [369], 'seq_lens': [5218], 'extend_prefix_lens': None, 'extend_seq_lens': None, 'positions': [5586]}
[C2KV POSITION DEBUG] {'forward_mode': '2', 'correction': [369], 'seq_lens': [5219], 'extend_prefix_lens': None, 'extend_seq_lens': None, 'positions': [5587]}
[C2KV POSITION DEBUG] {'forward_mode': '2', 'correction': [369], 'seq_lens': [5220], 'extend_prefix_lens': None, 'extend_seq_lens': None, 'positions': [5588]}
[C2KV POSITION DEBUG] {'forward_mode': '2', 'correction': [369], 'seq_lens': [5221], 'extend_prefix_lens': None, 'extend_seq_lens': None, 'positions': [5589]}
[C2KV POSITION DEBUG] {'forward_mode': '2', 'correction': [369], 'seq_lens': [5222], 'extend_prefix_lens': None, 'extend_seq_lens': None, 'positions': [5590]}
[C2KV POSITION DEBUG] {'forward_mode': '2', 'correction': [369], 'seq_lens': [5223], 'extend_prefix_lens': None, 'extend_seq_lens': None, 'positions': [5591]}
[C2KV POSITION DEBUG] {'forward_mode': '2', 'correction': [369], 'seq_lens': [5224], 'extend_prefix_lens': None, 'extend_seq_lens': None, 'positions': [5592]}
[C2KV POSITION DEBUG] {'forward_mode': '2', 'correction': [369], 'seq_lens': [5225], 'extend_prefix_lens': None, 'extend_seq_lens': None, 'positions': [5593]}
[C2KV POSITION DEBUG] {'forward_mode': '2', 'correction': [369], 'seq_lens': [5226], 'extend_prefix_lens': None, 'extend_seq_lens': None, 'positions': [5594]}
[C2KV POSITION DEBUG] {'forward_mode': '2', 'correction': [369], 'seq_lens': [5227], 'extend_prefix_lens': None, 'extend_seq_lens': None, 'positions': [5595]}
[C2KV POSITION DEBUG] {'forward_mode': '1', 'correction': [118], 'seq_lens': [5294], 'extend_prefix_lens': [5268], 'extend_seq_lens': [26], 'positions': [5386, 5387, 5388, 5389, 5390, 5391, 5392, 5393, 5394, 5395, 5396, 5397, 5398, 5399, 5400, 5401, 5402, 5403, 5404, 5405, 5406, 5407, 5408, 5409, 5410, 5411]}
[C2KV POSITION DEBUG] {'forward_mode': '2', 'correction': [118], 'seq_lens': [5295], 'extend_prefix_lens': None, 'extend_seq_lens': None, 'positions': [5412]}
[C2KV POSITION DEBUG] {'forward_mode': '2', 'correction': [118], 'seq_lens': [5296], 'extend_prefix_lens': None, 'extend_seq_lens': None, 'positions': [5413]}
[C2KV POSITION DEBUG] {'forward_mode': '2', 'correction': [118], 'seq_lens': [5297], 'extend_prefix_lens': None, 'extend_seq_lens': None, 'positions': [5414]}
[C2KV POSITION DEBUG] {'forward_mode': '2', 'correction': [118], 'seq_lens': [5298], 'extend_prefix_lens': None, 'extend_seq_lens': None, 'positions': [5415]}
[C2KV POSITION DEBUG] {'forward_mode': '2', 'correction': [118], 'seq_lens': [5299], 'extend_prefix_lens': None, 'extend_seq_lens': None, 'positions': [5416]}
[C2KV POSITION DEBUG] {'forward_mode': '2', 'correction': [118], 'seq_lens': [5300], 'extend_prefix_lens': None, 'extend_seq_lens': None, 'positions': [5417]}
[C2KV POSITION DEBUG] {'forward_mode': '2', 'correction': [118], 'seq_lens': [5301], 'extend_prefix_lens': None, 'extend_seq_lens': None, 'positions': [5418]}
[C2KV POSITION DEBUG] {'forward_mode': '2', 'correction': [118], 'seq_lens': [5302], 'extend_prefix_lens': None, 'extend_seq_lens': None, 'positions': [5419]}
[C2KV POSITION DEBUG] {'forward_mode': '2', 'correction': [118], 'seq_lens': [5303], 'extend_prefix_lens': None, 'extend_seq_lens': None, 'positions': [5420]}
[C2KV POSITION DEBUG] {'forward_mode': '2', 'correction': [118], 'seq_lens': [5304], 'extend_prefix_lens': None, 'extend_seq_lens': None, 'positions': [5421]}
[C2KV POSITION DEBUG] {'forward_mode': '2', 'correction': [118], 'seq_lens': [5305], 'extend_prefix_lens': None, 'extend_seq_lens': None, 'positions': [5422]}
[C2KV POSITION DEBUG] {'forward_mode': '2', 'correction': [118], 'seq_lens': [5306], 'extend_prefix_lens': None, 'extend_seq_lens': None, 'positions': [5423]}
[C2KV POSITION DEBUG] {'forward_mode': '2', 'correction': [118], 'seq_lens': [5307], 'extend_prefix_lens': None, 'extend_seq_lens': None, 'positions': [5424]}
[C2KV POSITION DEBUG] {'forward_mode': '2', 'correction': [118], 'seq_lens': [5308], 'extend_prefix_lens': None, 'extend_seq_lens': None, 'positions': [5425]}
[C2KV POSITION DEBUG] {'forward_mode': '2', 'correction': [118], 'seq_lens': [5309], 'extend_prefix_lens': None, 'extend_seq_lens': None, 'positions': [5426]}
[C2KV POSITION DEBUG] {'forward_mode': '2', 'correction': [118], 'seq_lens': [5310], 'extend_prefix_lens': None, 'extend_seq_lens': None, 'positions': [5427]}
[C2KV POSITION DEBUG] {'forward_mode': '2', 'correction': [118], 'seq_lens': [5311], 'extend_prefix_lens': None, 'extend_seq_lens': None, 'positions': [5428]}
[C2KV POSITION DEBUG] {'forward_mode': '2', 'correction': [118], 'seq_lens': [5312], 'extend_prefix_lens': None, 'extend_seq_lens': None, 'positions': [5429]}
[C2KV POSITION DEBUG] {'forward_mode': '2', 'correction': [118], 'seq_lens': [5313], 'extend_prefix_lens': None, 'extend_seq_lens': None, 'positions': [5430]}
[C2KV POSITION DEBUG] {'forward_mode': '2', 'correction': [118], 'seq_lens': [5314], 'extend_prefix_lens': None, 'extend_seq_lens': None, 'positions': [5431]}
[C2KV POSITION DEBUG] {'forward_mode': '2', 'correction': [118], 'seq_lens': [5315], 'extend_prefix_lens': None, 'extend_seq_lens': None, 'positions': [5432]}
[C2KV POSITION DEBUG] {'forward_mode': '2', 'correction': [118], 'seq_lens': [5316], 'extend_prefix_lens': None, 'extend_seq_lens': None, 'positions': [5433]}
[C2KV POSITION DEBUG] {'forward_mode': '2', 'correction': [118], 'seq_lens': [5317], 'extend_prefix_lens': None, 'extend_seq_lens': None, 'positions': [5434]}
[C2KV POSITION DEBUG] {'forward_mode': '2', 'correction': [118], 'seq_lens': [5318], 'extend_prefix_lens': None, 'extend_seq_lens': None, 'positions': [5435]}
[C2KV POSITION DEBUG] {'forward_mode': '2', 'correction': [118], 'seq_lens': [5319], 'extend_prefix_lens': None, 'extend_seq_lens': None, 'positions': [5436]}
[C2KV POSITION DEBUG] {'forward_mode': '2', 'correction': [118], 'seq_lens': [5320], 'extend_prefix_lens': None, 'extend_seq_lens': None, 'positions': [5437]}
[C2KV POSITION DEBUG] {'forward_mode': '1', 'correction': [430], 'seq_lens': [5066], 'extend_prefix_lens': [5039], 'extend_seq_lens': [27], 'positions': [5469, 5470, 5471, 5472, 5473, 5474, 5475, 5476, 5477, 5478, 5479, 5480, 5481, 5482, 5483, 5484, 5485, 5486, 5487, 5488, 5489, 5490, 5491, 5492, 5493, 5494, 5495]}
[C2KV POSITION DEBUG] {'forward_mode': '2', 'correction': [430], 'seq_lens': [5067], 'extend_prefix_lens': None, 'extend_seq_lens': None, 'positions': [5496]}
[C2KV POSITION DEBUG] {'forward_mode': '2', 'correction': [430], 'seq_lens': [5068], 'extend_prefix_lens': None, 'extend_seq_lens': None, 'positions': [5497]}
[C2KV POSITION DEBUG] {'forward_mode': '2', 'correction': [430], 'seq_lens': [5069], 'extend_prefix_lens': None, 'extend_seq_lens': None, 'positions': [5498]}
[C2KV POSITION DEBUG] {'forward_mode': '2', 'correction': [430], 'seq_lens': [5070], 'extend_prefix_lens': None, 'extend_seq_lens': None, 'positions': [5499]}
[C2KV POSITION DEBUG] {'forward_mode': '2', 'correction': [430], 'seq_lens': [5071], 'extend_prefix_lens': None, 'extend_seq_lens': None, 'positions': [5500]}
[C2KV POSITION DEBUG] {'forward_mode': '2', 'correction': [430], 'seq_lens': [5072], 'extend_prefix_lens': None, 'extend_seq_lens': None, 'positions': [5501]}
[C2KV POSITION DEBUG] {'forward_mode': '2', 'correction': [430], 'seq_lens': [5073], 'extend_prefix_lens': None, 'extend_seq_lens': None, 'positions': [5502]}
[C2KV POSITION DEBUG] {'forward_mode': '2', 'correction': [430], 'seq_lens': [5074], 'extend_prefix_lens': None, 'extend_seq_lens': None, 'positions': [5503]}
[C2KV POSITION DEBUG] {'forward_mode': '2', 'correction': [430], 'seq_lens': [5075], 'extend_prefix_lens': None, 'extend_seq_lens': None, 'positions': [5504]}
[C2KV POSITION DEBUG] {'forward_mode': '2', 'correction': [430], 'seq_lens': [5076], 'extend_prefix_lens': None, 'extend_seq_lens': None, 'positions': [5505]}
[C2KV POSITION DEBUG] {'forward_mode': '2', 'correction': [430], 'seq_lens': [5077], 'extend_prefix_lens': None, 'extend_seq_lens': None, 'positions': [5506]}
[C2KV POSITION DEBUG] {'forward_mode': '2', 'correction': [430], 'seq_lens': [5078], 'extend_prefix_lens': None, 'extend_seq_lens': None, 'positions': [5507]}
[C2KV POSITION DEBUG] {'forward_mode': '2', 'correction': [430], 'seq_lens': [5079], 'extend_prefix_lens': None, 'extend_seq_lens': None, 'positions': [5508]}
[C2KV POSITION DEBUG] {'forward_mode': '2', 'correction': [430], 'seq_lens': [5080], 'extend_prefix_lens': None, 'extend_seq_lens': None, 'positions': [5509]}
[C2KV POSITION DEBUG] {'forward_mode': '2', 'correction': [430], 'seq_lens': [5081], 'extend_prefix_lens': None, 'extend_seq_lens': None, 'positions': [5510]}
[C2KV POSITION DEBUG] {'forward_mode': '2', 'correction': [430], 'seq_lens': [5082], 'extend_prefix_lens': None, 'extend_seq_lens': None, 'positions': [5511]}
[C2KV POSITION DEBUG] {'forward_mode': '2', 'correction': [430], 'seq_lens': [5083], 'extend_prefix_lens': None, 'extend_seq_lens': None, 'positions': [5512]}
[C2KV POSITION DEBUG] {'forward_mode': '2', 'correction': [430], 'seq_lens': [5084], 'extend_prefix_lens': None, 'extend_seq_lens': None, 'positions': [5513]}
[C2KV POSITION DEBUG] {'forward_mode': '2', 'correction': [430], 'seq_lens': [5085], 'extend_prefix_lens': None, 'extend_seq_lens': None, 'positions': [5514]}
[C2KV POSITION DEBUG] {'forward_mode': '2', 'correction': [430], 'seq_lens': [5086], 'extend_prefix_lens': None, 'extend_seq_lens': None, 'positions': [5515]}
[C2KV POSITION DEBUG] {'forward_mode': '2', 'correction': [430], 'seq_lens': [5087], 'extend_prefix_lens': None, 'extend_seq_lens': None, 'positions': [5516]}
[C2KV POSITION DEBUG] {'forward_mode': '2', 'correction': [430], 'seq_lens': [5088], 'extend_prefix_lens': None, 'extend_seq_lens': None, 'positions': [5517]}
[C2KV POSITION DEBUG] {'forward_mode': '2', 'correction': [430], 'seq_lens': [5089], 'extend_prefix_lens': None, 'extend_seq_lens': None, 'positions': [5518]}
[C2KV POSITION DEBUG] {'forward_mode': '2', 'correction': [430], 'seq_lens': [5090], 'extend_prefix_lens': None, 'extend_seq_lens': None, 'positions': [5519]}
[C2KV POSITION DEBUG] {'forward_mode': '2', 'correction': [430], 'seq_lens': [5091], 'extend_prefix_lens': None, 'extend_seq_lens': None, 'positions': [5520]}
[C2KV POSITION DEBUG] {'forward_mode': '2', 'correction': [430], 'seq_lens': [5092], 'extend_prefix_lens': None, 'extend_seq_lens': None, 'positions': [5521]}
[C2KV POSITION DEBUG] {'forward_mode': '2', 'correction': [430], 'seq_lens': [5093], 'extend_prefix_lens': None, 'extend_seq_lens': None, 'positions': [5522]}
[C2KV POSITION DEBUG] {'forward_mode': '2', 'correction': [430], 'seq_lens': [5094], 'extend_prefix_lens': None, 'extend_seq_lens': None, 'positions': [5523]}
[C2KV POSITION DEBUG] {'forward_mode': '2', 'correction': [430], 'seq_lens': [5095], 'extend_prefix_lens': None, 'extend_seq_lens': None, 'positions': [5524]}
[C2KV POSITION DEBUG] {'forward_mode': '1', 'correction': [377], 'seq_lens': [5119], 'extend_prefix_lens': [5092], 'extend_seq_lens': [27], 'positions': [5469, 5470, 5471, 5472, 5473, 5474, 5475, 5476, 5477, 5478, 5479, 5480, 5481, 5482, 5483, 5484, 5485, 5486, 5487, 5488, 5489, 5490, 5491, 5492, 5493, 5494, 5495]}
[C2KV POSITION DEBUG] {'forward_mode': '2', 'correction': [377], 'seq_lens': [5120], 'extend_prefix_lens': None, 'extend_seq_lens': None, 'positions': [5496]}
[C2KV POSITION DEBUG] {'forward_mode': '2', 'correction': [377], 'seq_lens': [5121], 'extend_prefix_lens': None, 'extend_seq_lens': None, 'positions': [5497]}
[C2KV POSITION DEBUG] {'forward_mode': '2', 'correction': [377], 'seq_lens': [5122], 'extend_prefix_lens': None, 'extend_seq_lens': None, 'positions': [5498]}
[C2KV POSITION DEBUG] {'forward_mode': '2', 'correction': [377], 'seq_lens': [5123], 'extend_prefix_lens': None, 'extend_seq_lens': None, 'positions': [5499]}
[C2KV POSITION DEBUG] {'forward_mode': '2', 'correction': [377], 'seq_lens': [5124], 'extend_prefix_lens': None, 'extend_seq_lens': None, 'positions': [5500]}
[C2KV POSITION DEBUG] {'forward_mode': '2', 'correction': [377], 'seq_lens': [5125], 'extend_prefix_lens': None, 'extend_seq_lens': None, 'positions': [5501]}
[C2KV POSITION DEBUG] {'forward_mode': '2', 'correction': [377], 'seq_lens': [5126], 'extend_prefix_lens': None, 'extend_seq_lens': None, 'positions': [5502]}
[C2KV POSITION DEBUG] {'forward_mode': '2', 'correction': [377], 'seq_lens': [5127], 'extend_prefix_lens': None, 'extend_seq_lens': None, 'positions': [5503]}
[C2KV POSITION DEBUG] {'forward_mode': '2', 'correction': [377], 'seq_lens': [5128], 'extend_prefix_lens': None, 'extend_seq_lens': None, 'positions': [5504]}
[C2KV POSITION DEBUG] {'forward_mode': '2', 'correction': [377], 'seq_lens': [5129], 'extend_prefix_lens': None, 'extend_seq_lens': None, 'positions': [5505]}
[C2KV POSITION DEBUG] {'forward_mode': '2', 'correction': [377], 'seq_lens': [5130], 'extend_prefix_lens': None, 'extend_seq_lens': None, 'positions': [5506]}
[C2KV POSITION DEBUG] {'forward_mode': '2', 'correction': [377], 'seq_lens': [5131], 'extend_prefix_lens': None, 'extend_seq_lens': None, 'positions': [5507]}
[C2KV POSITION DEBUG] {'forward_mode': '2', 'correction': [377], 'seq_lens': [5132], 'extend_prefix_lens': None, 'extend_seq_lens': None, 'positions': [5508]}
[C2KV POSITION DEBUG] {'forward_mode': '2', 'correction': [377], 'seq_lens': [5133], 'extend_prefix_lens': None, 'extend_seq_lens': None, 'positions': [5509]}
[C2KV POSITION DEBUG] {'forward_mode': '2', 'correction': [377], 'seq_lens': [5134], 'extend_prefix_lens': None, 'extend_seq_lens': None, 'positions': [5510]}
[C2KV POSITION DEBUG] {'forward_mode': '2', 'correction': [377], 'seq_lens': [5135], 'extend_prefix_lens': None, 'extend_seq_lens': None, 'positions': [5511]}
[C2KV POSITION DEBUG] {'forward_mode': '2', 'correction': [377], 'seq_lens': [5136], 'extend_prefix_lens': None, 'extend_seq_lens': None, 'positions': [5512]}
[C2KV POSITION DEBUG] {'forward_mode': '2', 'correction': [377], 'seq_lens': [5137], 'extend_prefix_lens': None, 'extend_seq_lens': None, 'positions': [5513]}
[C2KV POSITION DEBUG] {'forward_mode': '2', 'correction': [377], 'seq_lens': [5138], 'extend_prefix_lens': None, 'extend_seq_lens': None, 'positions': [5514]}
[C2KV POSITION DEBUG] {'forward_mode': '2', 'correction': [377], 'seq_lens': [5139], 'extend_prefix_lens': None, 'extend_seq_lens': None, 'positions': [5515]}
[C2KV POSITION DEBUG] {'forward_mode': '2', 'correction': [377], 'seq_lens': [5140], 'extend_prefix_lens': None, 'extend_seq_lens': None, 'positions': [5516]}
[C2KV POSITION DEBUG] {'forward_mode': '2', 'correction': [377], 'seq_lens': [5141], 'extend_prefix_lens': None, 'extend_seq_lens': None, 'positions': [5517]}
[C2KV POSITION DEBUG] {'forward_mode': '2', 'correction': [377], 'seq_lens': [5142], 'extend_prefix_lens': None, 'extend_seq_lens': None, 'positions': [5518]}
[C2KV POSITION DEBUG] {'forward_mode': '2', 'correction': [377], 'seq_lens': [5143], 'extend_prefix_lens': None, 'extend_seq_lens': None, 'positions': [5519]}
[C2KV POSITION DEBUG] {'forward_mode': '2', 'correction': [377], 'seq_lens': [5144], 'extend_prefix_lens': None, 'extend_seq_lens': None, 'positions': [5520]}
[C2KV POSITION DEBUG] {'forward_mode': '2', 'correction': [377], 'seq_lens': [5145], 'extend_prefix_lens': None, 'extend_seq_lens': None, 'positions': [5521]}
[C2KV POSITION DEBUG] {'forward_mode': '2', 'correction': [377], 'seq_lens': [5146], 'extend_prefix_lens': None, 'extend_seq_lens': None, 'positions': [5522]}
[C2KV POSITION DEBUG] {'forward_mode': '2', 'correction': [377], 'seq_lens': [5147], 'extend_prefix_lens': None, 'extend_seq_lens': None, 'positions': [5523]}
[C2KV POSITION DEBUG] {'forward_mode': '2', 'correction': [377], 'seq_lens': [5148], 'extend_prefix_lens': None, 'extend_seq_lens': None, 'positions': [5524]}
[C2KV POSITION DEBUG] {'forward_mode': '2', 'correction': [377], 'seq_lens': [5149], 'extend_prefix_lens': None, 'extend_seq_lens': None, 'positions': [5525]}
[C2KV POSITION DEBUG] {'forward_mode': '2', 'correction': [377], 'seq_lens': [5150], 'extend_prefix_lens': None, 'extend_seq_lens': None, 'positions': [5526]}
[C2KV POSITION DEBUG] {'forward_mode': '2', 'correction': [377], 'seq_lens': [5151], 'extend_prefix_lens': None, 'extend_seq_lens': None, 'positions': [5527]}
[C2KV POSITION DEBUG] {'forward_mode': '2', 'correction': [377], 'seq_lens': [5152], 'extend_prefix_lens': None, 'extend_seq_lens': None, 'positions': [5528]}
[C2KV POSITION DEBUG] {'forward_mode': '2', 'correction': [377], 'seq_lens': [5153], 'extend_prefix_lens': None, 'extend_seq_lens': None, 'positions': [5529]}
[C2KV POSITION DEBUG] {'forward_mode': '2', 'correction': [377], 'seq_lens': [5154], 'extend_prefix_lens': None, 'extend_seq_lens': None, 'positions': [5530]}
[C2KV POSITION DEBUG] {'forward_mode': '2', 'correction': [377], 'seq_lens': [5155], 'extend_prefix_lens': None, 'extend_seq_lens': None, 'positions': [5531]}
[C2KV POSITION DEBUG] {'forward_mode': '2', 'correction': [377], 'seq_lens': [5156], 'extend_prefix_lens': None, 'extend_seq_lens': None, 'positions': [5532]}
[C2KV POSITION DEBUG] {'forward_mode': '2', 'correction': [377], 'seq_lens': [5157], 'extend_prefix_lens': None, 'extend_seq_lens': None, 'positions': [5533]}
[C2KV POSITION DEBUG] {'forward_mode': '2', 'correction': [377], 'seq_lens': [5158], 'extend_prefix_lens': None, 'extend_seq_lens': None, 'positions': [5534]}
[C2KV POSITION DEBUG] {'forward_mode': '2', 'correction': [377], 'seq_lens': [5159], 'extend_prefix_lens': None, 'extend_seq_lens': None, 'positions': [5535]}
[C2KV POSITION DEBUG] {'forward_mode': '2', 'correction': [377], 'seq_lens': [5160], 'extend_prefix_lens': None, 'extend_seq_lens': None, 'positions': [5536]}
[C2KV POSITION DEBUG] {'forward_mode': '2', 'correction': [377], 'seq_lens': [5161], 'extend_prefix_lens': None, 'extend_seq_lens': None, 'positions': [5537]}
[C2KV POSITION DEBUG] {'forward_mode': '2', 'correction': [377], 'seq_lens': [5162], 'extend_prefix_lens': None, 'extend_seq_lens': None, 'positions': [5538]}
[C2KV POSITION DEBUG] {'forward_mode': '2', 'correction': [377], 'seq_lens': [5163], 'extend_prefix_lens': None, 'extend_seq_lens': None, 'positions': [5539]}
[C2KV POSITION DEBUG] {'forward_mode': '2', 'correction': [377], 'seq_lens': [5164], 'extend_prefix_lens': None, 'extend_seq_lens': None, 'positions': [5540]}
[C2KV POSITION DEBUG] {'forward_mode': '2', 'correction': [377], 'seq_lens': [5165], 'extend_prefix_lens': None, 'extend_seq_lens': None, 'positions': [5541]}
[C2KV POSITION DEBUG] {'forward_mode': '2', 'correction': [377], 'seq_lens': [5166], 'extend_prefix_lens': None, 'extend_seq_lens': None, 'positions': [5542]}
[C2KV POSITION DEBUG] {'forward_mode': '2', 'correction': [377], 'seq_lens': [5167], 'extend_prefix_lens': None, 'extend_seq_lens': None, 'positions': [5543]}
[C2KV POSITION DEBUG] {'forward_mode': '2', 'correction': [377], 'seq_lens': [5168], 'extend_prefix_lens': None, 'extend_seq_lens': None, 'positions': [5544]}
[C2KV POSITION DEBUG] {'forward_mode': '2', 'correction': [377], 'seq_lens': [5169], 'extend_prefix_lens': None, 'extend_seq_lens': None, 'positions': [5545]}
[C2KV POSITION DEBUG] {'forward_mode': '2', 'correction': [377], 'seq_lens': [5170], 'extend_prefix_lens': None, 'extend_seq_lens': None, 'positions': [5546]}
[C2KV POSITION DEBUG] {'forward_mode': '2', 'correction': [377], 'seq_lens': [5171], 'extend_prefix_lens': None, 'extend_seq_lens': None, 'positions': [5547]}
[C2KV POSITION DEBUG] {'forward_mode': '2', 'correction': [377], 'seq_lens': [5172], 'extend_prefix_lens': None, 'extend_seq_lens': None, 'positions': [5548]}
[C2KV POSITION DEBUG] {'forward_mode': '2', 'correction': [377], 'seq_lens': [5173], 'extend_prefix_lens': None, 'extend_seq_lens': None, 'positions': [5549]}
[C2KV POSITION DEBUG] {'forward_mode': '2', 'correction': [377], 'seq_lens': [5174], 'extend_prefix_lens': None, 'extend_seq_lens': None, 'positions': [5550]}
[C2KV POSITION DEBUG] {'forward_mode': '2', 'correction': [377], 'seq_lens': [5175], 'extend_prefix_lens': None, 'extend_seq_lens': None, 'positions': [5551]}
[C2KV POSITION DEBUG] {'forward_mode': '1', 'correction': [514], 'seq_lens': [5104], 'extend_prefix_lens': [5068], 'extend_seq_lens': [36], 'positions': [5582, 5583, 5584, 5585, 5586, 5587, 5588, 5589, 5590, 5591, 5592, 5593, 5594, 5595, 5596, 5597, 5598, 5599, 5600, 5601, 5602, 5603, 5604, 5605, 5606, 5607, 5608, 5609, 5610, 5611, 5612, 5613, 5614, 5615, 5616, 5617]}
[C2KV POSITION DEBUG] {'forward_mode': '2', 'correction': [514], 'seq_lens': [5105], 'extend_prefix_lens': None, 'extend_seq_lens': None, 'positions': [5618]}
[C2KV POSITION DEBUG] {'forward_mode': '2', 'correction': [514], 'seq_lens': [5106], 'extend_prefix_lens': None, 'extend_seq_lens': None, 'positions': [5619]}
[C2KV POSITION DEBUG] {'forward_mode': '2', 'correction': [514], 'seq_lens': [5107], 'extend_prefix_lens': None, 'extend_seq_lens': None, 'positions': [5620]}
[C2KV POSITION DEBUG] {'forward_mode': '2', 'correction': [514], 'seq_lens': [5108], 'extend_prefix_lens': None, 'extend_seq_lens': None, 'positions': [5621]}
[C2KV POSITION DEBUG] {'forward_mode': '2', 'correction': [514], 'seq_lens': [5109], 'extend_prefix_lens': None, 'extend_seq_lens': None, 'positions': [5622]}
[C2KV POSITION DEBUG] {'forward_mode': '2', 'correction': [514], 'seq_lens': [5110], 'extend_prefix_lens': None, 'extend_seq_lens': None, 'positions': [5623]}
[C2KV POSITION DEBUG] {'forward_mode': '2', 'correction': [514], 'seq_lens': [5111], 'extend_prefix_lens': None, 'extend_seq_lens': None, 'positions': [5624]}
[C2KV POSITION DEBUG] {'forward_mode': '2', 'correction': [514], 'seq_lens': [5112], 'extend_prefix_lens': None, 'extend_seq_lens': None, 'positions': [5625]}
[C2KV POSITION DEBUG] {'forward_mode': '2', 'correction': [514], 'seq_lens': [5113], 'extend_prefix_lens': None, 'extend_seq_lens': None, 'positions': [5626]}
[C2KV POSITION DEBUG] {'forward_mode': '2', 'correction': [514], 'seq_lens': [5114], 'extend_prefix_lens': None, 'extend_seq_lens': None, 'positions': [5627]}
[C2KV POSITION DEBUG] {'forward_mode': '2', 'correction': [514], 'seq_lens': [5115], 'extend_prefix_lens': None, 'extend_seq_lens': None, 'positions': [5628]}
[C2KV POSITION DEBUG] {'forward_mode': '2', 'correction': [514], 'seq_lens': [5116], 'extend_prefix_lens': None, 'extend_seq_lens': None, 'positions': [5629]}
[C2KV POSITION DEBUG] {'forward_mode': '2', 'correction': [514], 'seq_lens': [5117], 'extend_prefix_lens': None, 'extend_seq_lens': None, 'positions': [5630]}
[C2KV POSITION DEBUG] {'forward_mode': '2', 'correction': [514], 'seq_lens': [5118], 'extend_prefix_lens': None, 'extend_seq_lens': None, 'positions': [5631]}
[C2KV POSITION DEBUG] {'forward_mode': '2', 'correction': [514], 'seq_lens': [5119], 'extend_prefix_lens': None, 'extend_seq_lens': None, 'positions': [5632]}
[C2KV POSITION DEBUG] {'forward_mode': '2', 'correction': [514], 'seq_lens': [5120], 'extend_prefix_lens': None, 'extend_seq_lens': None, 'positions': [5633]}
[C2KV POSITION DEBUG] {'forward_mode': '2', 'correction': [514], 'seq_lens': [5121], 'extend_prefix_lens': None, 'extend_seq_lens': None, 'positions': [5634]}
[C2KV POSITION DEBUG] {'forward_mode': '1', 'correction': [514], 'seq_lens': [5120], 'extend_prefix_lens': [5068], 'extend_seq_lens': [52], 'positions': [5582, 5583, 5584, 5585, 5586, 5587, 5588, 5589, 5590, 5591, 5592, 5593, 5594, 5595, 5596, 5597, 5598, 5599, 5600, 5601, 5602, 5603, 5604, 5605, 5606, 5607, 5608, 5609, 5610, 5611, 5612, 5613, 5614, 5615, 5616, 5617, 5618, 5619, 5620, 5621, 5622, 5623, 5624, 5625, 5626, 5627, 5628, 5629, 5630, 5631, 5632, 5633]}
[C2KV POSITION DEBUG] {'forward_mode': '1', 'correction': [514], 'seq_lens': [5178], 'extend_prefix_lens': [5120], 'extend_seq_lens': [58], 'positions': [5634, 5635, 5636, 5637, 5638, 5639, 5640, 5641, 5642, 5643, 5644, 5645, 5646, 5647, 5648, 5649, 5650, 5651, 5652, 5653, 5654, 5655, 5656, 5657, 5658, 5659, 5660, 5661, 5662, 5663, 5664, 5665, 5666, 5667, 5668, 5669, 5670, 5671, 5672, 5673, 5674, 5675, 5676, 5677, 5678, 5679, 5680, 5681, 5682, 5683, 5684, 5685, 5686, 5687, 5688, 5689, 5690, 5691]}
[C2KV POSITION DEBUG] {'forward_mode': '2', 'correction': [514], 'seq_lens': [5179], 'extend_prefix_lens': None, 'extend_seq_lens': None, 'positions': [5692]}
[C2KV POSITION DEBUG] {'forward_mode': '2', 'correction': [514], 'seq_lens': [5180], 'extend_prefix_lens': None, 'extend_seq_lens': None, 'positions': [5693]}
[C2KV POSITION DEBUG] {'forward_mode': '2', 'correction': [514], 'seq_lens': [5181], 'extend_prefix_lens': None, 'extend_seq_lens': None, 'positions': [5694]}
[C2KV POSITION DEBUG] {'forward_mode': '2', 'correction': [514], 'seq_lens': [5182], 'extend_prefix_lens': None, 'extend_seq_lens': None, 'positions': [5695]}
[C2KV POSITION DEBUG] {'forward_mode': '2', 'correction': [514], 'seq_lens': [5183], 'extend_prefix_lens': None, 'extend_seq_lens': None, 'positions': [5696]}
[C2KV POSITION DEBUG] {'forward_mode': '2', 'correction': [514], 'seq_lens': [5184], 'extend_prefix_lens': None, 'extend_seq_lens': None, 'positions': [5697]}
[C2KV POSITION DEBUG] {'forward_mode': '2', 'correction': [514], 'seq_lens': [5185], 'extend_prefix_lens': None, 'extend_seq_lens': None, 'positions': [5698]}
[C2KV POSITION DEBUG] {'forward_mode': '2', 'correction': [514], 'seq_lens': [5186], 'extend_prefix_lens': None, 'extend_seq_lens': None, 'positions': [5699]}
[C2KV POSITION DEBUG] {'forward_mode': '2', 'correction': [514], 'seq_lens': [5187], 'extend_prefix_lens': None, 'extend_seq_lens': None, 'positions': [5700]}
[C2KV POSITION DEBUG] {'forward_mode': '2', 'correction': [514], 'seq_lens': [5188], 'extend_prefix_lens': None, 'extend_seq_lens': None, 'positions': [5701]}
[C2KV POSITION DEBUG] {'forward_mode': '2', 'correction': [514], 'seq_lens': [5189], 'extend_prefix_lens': None, 'extend_seq_lens': None, 'positions': [5702]}
[C2KV POSITION DEBUG] {'forward_mode': '2', 'correction': [514], 'seq_lens': [5190], 'extend_prefix_lens': None, 'extend_seq_lens': None, 'positions': [5703]}
[C2KV POSITION DEBUG] {'forward_mode': '2', 'correction': [514], 'seq_lens': [5191], 'extend_prefix_lens': None, 'extend_seq_lens': None, 'positions': [5704]}
[C2KV POSITION DEBUG] {'forward_mode': '2', 'correction': [514], 'seq_lens': [5192], 'extend_prefix_lens': None, 'extend_seq_lens': None, 'positions': [5705]}
[C2KV POSITION DEBUG] {'forward_mode': '2', 'correction': [514], 'seq_lens': [5193], 'extend_prefix_lens': None, 'extend_seq_lens': None, 'positions': [5706]}
[C2KV POSITION DEBUG] {'forward_mode': '2', 'correction': [514], 'seq_lens': [5194], 'extend_prefix_lens': None, 'extend_seq_lens': None, 'positions': [5707]}
[C2KV POSITION DEBUG] {'forward_mode': '2', 'correction': [514], 'seq_lens': [5195], 'extend_prefix_lens': None, 'extend_seq_lens': None, 'positions': [5708]}
[C2KV POSITION DEBUG] {'forward_mode': '2', 'correction': [514], 'seq_lens': [5196], 'extend_prefix_lens': None, 'extend_seq_lens': None, 'positions': [5709]}
[C2KV POSITION DEBUG] {'forward_mode': '2', 'correction': [514], 'seq_lens': [5197], 'extend_prefix_lens': None, 'extend_seq_lens': None, 'positions': [5710]}
[C2KV POSITION DEBUG] {'forward_mode': '2', 'correction': [514], 'seq_lens': [5198], 'extend_prefix_lens': None, 'extend_seq_lens': None, 'positions': [5711]}
[C2KV POSITION DEBUG] {'forward_mode': '2', 'correction': [514], 'seq_lens': [5199], 'extend_prefix_lens': None, 'extend_seq_lens': None, 'positions': [5712]}
[C2KV POSITION DEBUG] {'forward_mode': '2', 'correction': [514], 'seq_lens': [5200], 'extend_prefix_lens': None, 'extend_seq_lens': None, 'positions': [5713]}
[C2KV POSITION DEBUG] {'forward_mode': '2', 'correction': [514], 'seq_lens': [5201], 'extend_prefix_lens': None, 'extend_seq_lens': None, 'positions': [5714]}
[C2KV POSITION DEBUG] {'forward_mode': '2', 'correction': [514], 'seq_lens': [5202], 'extend_prefix_lens': None, 'extend_seq_lens': None, 'positions': [5715]}
[C2KV POSITION DEBUG] {'forward_mode': '2', 'correction': [514], 'seq_lens': [5203], 'extend_prefix_lens': None, 'extend_seq_lens': None, 'positions': [5716]}
[C2KV POSITION DEBUG] {'forward_mode': '2', 'correction': [514], 'seq_lens': [5204], 'extend_prefix_lens': None, 'extend_seq_lens': None, 'positions': [5717]}
[C2KV POSITION DEBUG] {'forward_mode': '2', 'correction': [514], 'seq_lens': [5205], 'extend_prefix_lens': None, 'extend_seq_lens': None, 'positions': [5718]}
[C2KV POSITION DEBUG] {'forward_mode': '2', 'correction': [514], 'seq_lens': [5206], 'extend_prefix_lens': None, 'extend_seq_lens': None, 'positions': [5719]}
[C2KV POSITION DEBUG] {'forward_mode': '2', 'correction': [514], 'seq_lens': [5207], 'extend_prefix_lens': None, 'extend_seq_lens': None, 'positions': [5720]}
[C2KV POSITION DEBUG] {'forward_mode': '2', 'correction': [514], 'seq_lens': [5208], 'extend_prefix_lens': None, 'extend_seq_lens': None, 'positions': [5721]}
[C2KV POSITION DEBUG] {'forward_mode': '2', 'correction': [514], 'seq_lens': [5209], 'extend_prefix_lens': None, 'extend_seq_lens': None, 'positions': [5722]}
[C2KV POSITION DEBUG] {'forward_mode': '2', 'correction': [514], 'seq_lens': [5210], 'extend_prefix_lens': None, 'extend_seq_lens': None, 'positions': [5723]}
[C2KV POSITION DEBUG] {'forward_mode': '2', 'correction': [514], 'seq_lens': [5211], 'extend_prefix_lens': None, 'extend_seq_lens': None, 'positions': [5724]}
[C2KV POSITION DEBUG] {'forward_mode': '2', 'correction': [514], 'seq_lens': [5212], 'extend_prefix_lens': None, 'extend_seq_lens': None, 'positions': [5725]}
[C2KV POSITION DEBUG] {'forward_mode': '2', 'correction': [514], 'seq_lens': [5213], 'extend_prefix_lens': None, 'extend_seq_lens': None, 'positions': [5726]}
[C2KV POSITION DEBUG] {'forward_mode': '2', 'correction': [514], 'seq_lens': [5214], 'extend_prefix_lens': None, 'extend_seq_lens': None, 'positions': [5727]}
[C2KV POSITION DEBUG] {'forward_mode': '2', 'correction': [514], 'seq_lens': [5215], 'extend_prefix_lens': None, 'extend_seq_lens': None, 'positions': [5728]}
[C2KV POSITION DEBUG] {'forward_mode': '2', 'correction': [514], 'seq_lens': [5216], 'extend_prefix_lens': None, 'extend_seq_lens': None, 'positions': [5729]}
[C2KV POSITION DEBUG] {'forward_mode': '2', 'correction': [514], 'seq_lens': [5217], 'extend_prefix_lens': None, 'extend_seq_lens': None, 'positions': [5730]}
[C2KV POSITION DEBUG] {'forward_mode': '2', 'correction': [514], 'seq_lens': [5218], 'extend_prefix_lens': None, 'extend_seq_lens': None, 'positions': [5731]}
[C2KV POSITION DEBUG] {'forward_mode': '2', 'correction': [514], 'seq_lens': [5219], 'extend_prefix_lens': None, 'extend_seq_lens': None, 'positions': [5732]}
[C2KV POSITION DEBUG] {'forward_mode': '2', 'correction': [514], 'seq_lens': [5220], 'extend_prefix_lens': None, 'extend_seq_lens': None, 'positions': [5733]}
[C2KV POSITION DEBUG] {'forward_mode': '2', 'correction': [514], 'seq_lens': [5221], 'extend_prefix_lens': None, 'extend_seq_lens': None, 'positions': [5734]}
[C2KV POSITION DEBUG] {'forward_mode': '2', 'correction': [514], 'seq_lens': [5222], 'extend_prefix_lens': None, 'extend_seq_lens': None, 'positions': [5735]}
[C2KV POSITION DEBUG] {'forward_mode': '2', 'correction': [514], 'seq_lens': [5223], 'extend_prefix_lens': None, 'extend_seq_lens': None, 'positions': [5736]}
[C2KV POSITION DEBUG] {'forward_mode': '2', 'correction': [514], 'seq_lens': [5224], 'extend_prefix_lens': None, 'extend_seq_lens': None, 'positions': [5737]}
[C2KV POSITION DEBUG] {'forward_mode': '2', 'correction': [514], 'seq_lens': [5225], 'extend_prefix_lens': None, 'extend_seq_lens': None, 'positions': [5738]}
[C2KV POSITION DEBUG] {'forward_mode': '2', 'correction': [514], 'seq_lens': [5226], 'extend_prefix_lens': None, 'extend_seq_lens': None, 'positions': [5739]}
[C2KV POSITION DEBUG] {'forward_mode': '2', 'correction': [514], 'seq_lens': [5227], 'extend_prefix_lens': None, 'extend_seq_lens': None, 'positions': [5740]}
[C2KV POSITION DEBUG] {'forward_mode': '2', 'correction': [514], 'seq_lens': [5228], 'extend_prefix_lens': None, 'extend_seq_lens': None, 'positions': [5741]}
[C2KV POSITION DEBUG] {'forward_mode': '2', 'correction': [514], 'seq_lens': [5229], 'extend_prefix_lens': None, 'extend_seq_lens': None, 'positions': [5742]}
[C2KV POSITION DEBUG] {'forward_mode': '2', 'correction': [514], 'seq_lens': [5230], 'extend_prefix_lens': None, 'extend_seq_lens': None, 'positions': [5743]}
[C2KV POSITION DEBUG] {'forward_mode': '2', 'correction': [514], 'seq_lens': [5231], 'extend_prefix_lens': None, 'extend_seq_lens': None, 'positions': [5744]}
[C2KV POSITION DEBUG] {'forward_mode': '2', 'correction': [514], 'seq_lens': [5232], 'extend_prefix_lens': None, 'extend_seq_lens': None, 'positions': [5745]}
[C2KV POSITION DEBUG] {'forward_mode': '2', 'correction': [514], 'seq_lens': [5233], 'extend_prefix_lens': None, 'extend_seq_lens': None, 'positions': [5746]}
[C2KV POSITION DEBUG] {'forward_mode': '2', 'correction': [514], 'seq_lens': [5234], 'extend_prefix_lens': None, 'extend_seq_lens': None, 'positions': [5747]}
[C2KV POSITION DEBUG] {'forward_mode': '2', 'correction': [514], 'seq_lens': [5235], 'extend_prefix_lens': None, 'extend_seq_lens': None, 'positions': [5748]}
[C2KV POSITION DEBUG] {'forward_mode': '2', 'correction': [514], 'seq_lens': [5236], 'extend_prefix_lens': None, 'extend_seq_lens': None, 'positions': [5749]}
[C2KV POSITION DEBUG] {'forward_mode': '2', 'correction': [514], 'seq_lens': [5237], 'extend_prefix_lens': None, 'extend_seq_lens': None, 'positions': [5750]}
[C2KV POSITION DEBUG] {'forward_mode': '2', 'correction': [514], 'seq_lens': [5238], 'extend_prefix_lens': None, 'extend_seq_lens': None, 'positions': [5751]}
[C2KV POSITION DEBUG] {'forward_mode': '2', 'correction': [514], 'seq_lens': [5239], 'extend_prefix_lens': None, 'extend_seq_lens': None, 'positions': [5752]}
[C2KV POSITION DEBUG] {'forward_mode': '2', 'correction': [514], 'seq_lens': [5240], 'extend_prefix_lens': None, 'extend_seq_lens': None, 'positions': [5753]}
[C2KV POSITION DEBUG] {'forward_mode': '2', 'correction': [514], 'seq_lens': [5241], 'extend_prefix_lens': None, 'extend_seq_lens': None, 'positions': [5754]}
[C2KV POSITION DEBUG] {'forward_mode': '2', 'correction': [514], 'seq_lens': [5242], 'extend_prefix_lens': None, 'extend_seq_lens': None, 'positions': [5755]}
[C2KV POSITION DEBUG] {'forward_mode': '2', 'correction': [514], 'seq_lens': [5243], 'extend_prefix_lens': None, 'extend_seq_lens': None, 'positions': [5756]}
[C2KV POSITION DEBUG] {'forward_mode': '2', 'correction': [514], 'seq_lens': [5244], 'extend_prefix_lens': None, 'extend_seq_lens': None, 'positions': [5757]}
[C2KV POSITION DEBUG] {'forward_mode': '2', 'correction': [514], 'seq_lens': [5245], 'extend_prefix_lens': None, 'extend_seq_lens': None, 'positions': [5758]}
[C2KV POSITION DEBUG] {'forward_mode': '2', 'correction': [514], 'seq_lens': [5246], 'extend_prefix_lens': None, 'extend_seq_lens': None, 'positions': [5759]}
[C2KV POSITION DEBUG] {'forward_mode': '2', 'correction': [514], 'seq_lens': [5247], 'extend_prefix_lens': None, 'extend_seq_lens': None, 'positions': [5760]}
[C2KV POSITION DEBUG] {'forward_mode': '2', 'correction': [514], 'seq_lens': [5248], 'extend_prefix_lens': None, 'extend_seq_lens': None, 'positions': [5761]}
[C2KV POSITION DEBUG] {'forward_mode': '2', 'correction': [514], 'seq_lens': [5249], 'extend_prefix_lens': None, 'extend_seq_lens': None, 'positions': [5762]}
[C2KV POSITION DEBUG] {'forward_mode': '2', 'correction': [514], 'seq_lens': [5250], 'extend_prefix_lens': None, 'extend_seq_lens': None, 'positions': [5763]}
[C2KV POSITION DEBUG] {'forward_mode': '2', 'correction': [514], 'seq_lens': [5251], 'extend_prefix_lens': None, 'extend_seq_lens': None, 'positions': [5764]}
[C2KV POSITION DEBUG] {'forward_mode': '2', 'correction': [514], 'seq_lens': [5252], 'extend_prefix_lens': None, 'extend_seq_lens': None, 'positions': [5765]}
[C2KV POSITION DEBUG] {'forward_mode': '2', 'correction': [514], 'seq_lens': [5253], 'extend_prefix_lens': None, 'extend_seq_lens': None, 'positions': [5766]}
[C2KV POSITION DEBUG] {'forward_mode': '2', 'correction': [514], 'seq_lens': [5254], 'extend_prefix_lens': None, 'extend_seq_lens': None, 'positions': [5767]}
[C2KV POSITION DEBUG] {'forward_mode': '2', 'correction': [514], 'seq_lens': [5255], 'extend_prefix_lens': None, 'extend_seq_lens': None, 'positions': [5768]}
[C2KV POSITION DEBUG] {'forward_mode': '2', 'correction': [514], 'seq_lens': [5256], 'extend_prefix_lens': None, 'extend_seq_lens': None, 'positions': [5769]}
[C2KV POSITION DEBUG] {'forward_mode': '2', 'correction': [514], 'seq_lens': [5257], 'extend_prefix_lens': None, 'extend_seq_lens': None, 'positions': [5770]}
[C2KV POSITION DEBUG] {'forward_mode': '2', 'correction': [514], 'seq_lens': [5258], 'extend_prefix_lens': None, 'extend_seq_lens': None, 'positions': [5771]}
[C2KV POSITION DEBUG] {'forward_mode': '2', 'correction': [514], 'seq_lens': [5259], 'extend_prefix_lens': None, 'extend_seq_lens': None, 'positions': [5772]}
[C2KV POSITION DEBUG] {'forward_mode': '2', 'correction': [514], 'seq_lens': [5260], 'extend_prefix_lens': None, 'extend_seq_lens': None, 'positions': [5773]}
[C2KV POSITION DEBUG] {'forward_mode': '2', 'correction': [514], 'seq_lens': [5261], 'extend_prefix_lens': None, 'extend_seq_lens': None, 'positions': [5774]}
[C2KV POSITION DEBUG] {'forward_mode': '2', 'correction': [514], 'seq_lens': [5262], 'extend_prefix_lens': None, 'extend_seq_lens': None, 'positions': [5775]}
[C2KV POSITION DEBUG] {'forward_mode': '1', 'correction': [430], 'seq_lens': [5188], 'extend_prefix_lens': [5152], 'extend_seq_lens': [36], 'positions': [5582, 5583, 5584, 5585, 5586, 5587, 5588, 5589, 5590, 5591, 5592, 5593, 5594, 5595, 5596, 5597, 5598, 5599, 5600, 5601, 5602, 5603, 5604, 5605, 5606, 5607, 5608, 5609, 5610, 5611, 5612, 5613, 5614, 5615, 5616, 5617]}
[C2KV POSITION DEBUG] {'forward_mode': '2', 'correction': [430], 'seq_lens': [5189], 'extend_prefix_lens': None, 'extend_seq_lens': None, 'positions': [5618]}
[C2KV POSITION DEBUG] {'forward_mode': '2', 'correction': [430], 'seq_lens': [5190], 'extend_prefix_lens': None, 'extend_seq_lens': None, 'positions': [5619]}
[C2KV POSITION DEBUG] {'forward_mode': '2', 'correction': [430], 'seq_lens': [5191], 'extend_prefix_lens': None, 'extend_seq_lens': None, 'positions': [5620]}
[C2KV POSITION DEBUG] {'forward_mode': '2', 'correction': [430], 'seq_lens': [5192], 'extend_prefix_lens': None, 'extend_seq_lens': None, 'positions': [5621]}
[C2KV POSITION DEBUG] {'forward_mode': '2', 'correction': [430], 'seq_lens': [5193], 'extend_prefix_lens': None, 'extend_seq_lens': None, 'positions': [5622]}
[C2KV POSITION DEBUG] {'forward_mode': '2', 'correction': [430], 'seq_lens': [5194], 'extend_prefix_lens': None, 'extend_seq_lens': None, 'positions': [5623]}
[C2KV POSITION DEBUG] {'forward_mode': '2', 'correction': [430], 'seq_lens': [5195], 'extend_prefix_lens': None, 'extend_seq_lens': None, 'positions': [5624]}
[C2KV POSITION DEBUG] {'forward_mode': '2', 'correction': [430], 'seq_lens': [5196], 'extend_prefix_lens': None, 'extend_seq_lens': None, 'positions': [5625]}
[C2KV POSITION DEBUG] {'forward_mode': '2', 'correction': [430], 'seq_lens': [5197], 'extend_prefix_lens': None, 'extend_seq_lens': None, 'positions': [5626]}
[C2KV POSITION DEBUG] {'forward_mode': '2', 'correction': [430], 'seq_lens': [5198], 'extend_prefix_lens': None, 'extend_seq_lens': None, 'positions': [5627]}
[C2KV POSITION DEBUG] {'forward_mode': '2', 'correction': [430], 'seq_lens': [5199], 'extend_prefix_lens': None, 'extend_seq_lens': None, 'positions': [5628]}
[C2KV POSITION DEBUG] {'forward_mode': '2', 'correction': [430], 'seq_lens': [5200], 'extend_prefix_lens': None, 'extend_seq_lens': None, 'positions': [5629]}
[C2KV POSITION DEBUG] {'forward_mode': '2', 'correction': [430], 'seq_lens': [5201], 'extend_prefix_lens': None, 'extend_seq_lens': None, 'positions': [5630]}
[C2KV POSITION DEBUG] {'forward_mode': '2', 'correction': [430], 'seq_lens': [5202], 'extend_prefix_lens': None, 'extend_seq_lens': None, 'positions': [5631]}
[C2KV POSITION DEBUG] {'forward_mode': '2', 'correction': [430], 'seq_lens': [5203], 'extend_prefix_lens': None, 'extend_seq_lens': None, 'positions': [5632]}
[C2KV POSITION DEBUG] {'forward_mode': '2', 'correction': [430], 'seq_lens': [5204], 'extend_prefix_lens': None, 'extend_seq_lens': None, 'positions': [5633]}
[C2KV POSITION DEBUG] {'forward_mode': '2', 'correction': [430], 'seq_lens': [5205], 'extend_prefix_lens': None, 'extend_seq_lens': None, 'positions': [5634]}
[C2KV POSITION DEBUG] {'forward_mode': '2', 'correction': [430], 'seq_lens': [5206], 'extend_prefix_lens': None, 'extend_seq_lens': None, 'positions': [5635]}
[C2KV POSITION DEBUG] {'forward_mode': '2', 'correction': [430], 'seq_lens': [5207], 'extend_prefix_lens': None, 'extend_seq_lens': None, 'positions': [5636]}
[C2KV POSITION DEBUG] {'forward_mode': '2', 'correction': [430], 'seq_lens': [5208], 'extend_prefix_lens': None, 'extend_seq_lens': None, 'positions': [5637]}
[C2KV POSITION DEBUG] {'forward_mode': '2', 'correction': [430], 'seq_lens': [5209], 'extend_prefix_lens': None, 'extend_seq_lens': None, 'positions': [5638]}
[C2KV POSITION DEBUG] {'forward_mode': '2', 'correction': [430], 'seq_lens': [5210], 'extend_prefix_lens': None, 'extend_seq_lens': None, 'positions': [5639]}
[C2KV POSITION DEBUG] {'forward_mode': '2', 'correction': [430], 'seq_lens': [5211], 'extend_prefix_lens': None, 'extend_seq_lens': None, 'positions': [5640]}
[C2KV POSITION DEBUG] {'forward_mode': '2', 'correction': [430], 'seq_lens': [5212], 'extend_prefix_lens': None, 'extend_seq_lens': None, 'positions': [5641]}
[C2KV POSITION DEBUG] {'forward_mode': '2', 'correction': [430], 'seq_lens': [5213], 'extend_prefix_lens': None, 'extend_seq_lens': None, 'positions': [5642]}
[C2KV POSITION DEBUG] {'forward_mode': '2', 'correction': [430], 'seq_lens': [5214], 'extend_prefix_lens': None, 'extend_seq_lens': None, 'positions': [5643]}
[C2KV POSITION DEBUG] {'forward_mode': '2', 'correction': [430], 'seq_lens': [5215], 'extend_prefix_lens': None, 'extend_seq_lens': None, 'positions': [5644]}
[C2KV POSITION DEBUG] {'forward_mode': '2', 'correction': [430], 'seq_lens': [5216], 'extend_prefix_lens': None, 'extend_seq_lens': None, 'positions': [5645]}
[C2KV POSITION DEBUG] {'forward_mode': '2', 'correction': [430], 'seq_lens': [5217], 'extend_prefix_lens': None, 'extend_seq_lens': None, 'positions': [5646]}
[C2KV POSITION DEBUG] {'forward_mode': '2', 'correction': [430], 'seq_lens': [5218], 'extend_prefix_lens': None, 'extend_seq_lens': None, 'positions': [5647]}
[C2KV POSITION DEBUG] {'forward_mode': '2', 'correction': [430], 'seq_lens': [5219], 'extend_prefix_lens': None, 'extend_seq_lens': None, 'positions': [5648]}
[C2KV POSITION DEBUG] {'forward_mode': '2', 'correction': [430], 'seq_lens': [5220], 'extend_prefix_lens': None, 'extend_seq_lens': None, 'positions': [5649]}
[C2KV POSITION DEBUG] {'forward_mode': '2', 'correction': [430], 'seq_lens': [5221], 'extend_prefix_lens': None, 'extend_seq_lens': None, 'positions': [5650]}
[C2KV POSITION DEBUG] {'forward_mode': '2', 'correction': [430], 'seq_lens': [5222], 'extend_prefix_lens': None, 'extend_seq_lens': None, 'positions': [5651]}
[C2KV POSITION DEBUG] {'forward_mode': '2', 'correction': [430], 'seq_lens': [5223], 'extend_prefix_lens': None, 'extend_seq_lens': None, 'positions': [5652]}
[C2KV POSITION DEBUG] {'forward_mode': '2', 'correction': [430], 'seq_lens': [5224], 'extend_prefix_lens': None, 'extend_seq_lens': None, 'positions': [5653]}
[C2KV POSITION DEBUG] {'forward_mode': '2', 'correction': [430], 'seq_lens': [5225], 'extend_prefix_lens': None, 'extend_seq_lens': None, 'positions': [5654]}
[C2KV POSITION DEBUG] {'forward_mode': '2', 'correction': [430], 'seq_lens': [5226], 'extend_prefix_lens': None, 'extend_seq_lens': None, 'positions': [5655]}
[C2KV POSITION DEBUG] {'forward_mode': '2', 'correction': [430], 'seq_lens': [5227], 'extend_prefix_lens': None, 'extend_seq_lens': None, 'positions': [5656]}
[C2KV POSITION DEBUG] {'forward_mode': '2', 'correction': [430], 'seq_lens': [5228], 'extend_prefix_lens': None, 'extend_seq_lens': None, 'positions': [5657]}
[C2KV POSITION DEBUG] {'forward_mode': '2', 'correction': [430], 'seq_lens': [5229], 'extend_prefix_lens': None, 'extend_seq_lens': None, 'positions': [5658]}
[C2KV POSITION DEBUG] {'forward_mode': '2', 'correction': [430], 'seq_lens': [5230], 'extend_prefix_lens': None, 'extend_seq_lens': None, 'positions': [5659]}
[C2KV POSITION DEBUG] {'forward_mode': '2', 'correction': [430], 'seq_lens': [5231], 'extend_prefix_lens': None, 'extend_seq_lens': None, 'positions': [5660]}
[C2KV POSITION DEBUG] {'forward_mode': '2', 'correction': [430], 'seq_lens': [5232], 'extend_prefix_lens': None, 'extend_seq_lens': None, 'positions': [5661]}
[C2KV POSITION DEBUG] {'forward_mode': '2', 'correction': [430], 'seq_lens': [5233], 'extend_prefix_lens': None, 'extend_seq_lens': None, 'positions': [5662]}
[C2KV POSITION DEBUG] {'forward_mode': '2', 'correction': [430], 'seq_lens': [5234], 'extend_prefix_lens': None, 'extend_seq_lens': None, 'positions': [5663]}
[C2KV POSITION DEBUG] {'forward_mode': '2', 'correction': [430], 'seq_lens': [5235], 'extend_prefix_lens': None, 'extend_seq_lens': None, 'positions': [5664]}
[C2KV POSITION DEBUG] {'forward_mode': '2', 'correction': [430], 'seq_lens': [5236], 'extend_prefix_lens': None, 'extend_seq_lens': None, 'positions': [5665]}
[C2KV POSITION DEBUG] {'forward_mode': '2', 'correction': [430], 'seq_lens': [5237], 'extend_prefix_lens': None, 'extend_seq_lens': None, 'positions': [5666]}
[C2KV POSITION DEBUG] {'forward_mode': '2', 'correction': [430], 'seq_lens': [5238], 'extend_prefix_lens': None, 'extend_seq_lens': None, 'positions': [5667]}
[C2KV POSITION DEBUG] {'forward_mode': '2', 'correction': [430], 'seq_lens': [5239], 'extend_prefix_lens': None, 'extend_seq_lens': None, 'positions': [5668]}
[C2KV POSITION DEBUG] {'forward_mode': '2', 'correction': [430], 'seq_lens': [5240], 'extend_prefix_lens': None, 'extend_seq_lens': None, 'positions': [5669]}
[C2KV POSITION DEBUG] {'forward_mode': '2', 'correction': [430], 'seq_lens': [5241], 'extend_prefix_lens': None, 'extend_seq_lens': None, 'positions': [5670]}
[C2KV POSITION DEBUG] {'forward_mode': '2', 'correction': [430], 'seq_lens': [5242], 'extend_prefix_lens': None, 'extend_seq_lens': None, 'positions': [5671]}
[C2KV POSITION DEBUG] {'forward_mode': '2', 'correction': [430], 'seq_lens': [5243], 'extend_prefix_lens': None, 'extend_seq_lens': None, 'positions': [5672]}
[C2KV POSITION DEBUG] {'forward_mode': '2', 'correction': [430], 'seq_lens': [5244], 'extend_prefix_lens': None, 'extend_seq_lens': None, 'positions': [5673]}
[C2KV POSITION DEBUG] {'forward_mode': '2', 'correction': [430], 'seq_lens': [5245], 'extend_prefix_lens': None, 'extend_seq_lens': None, 'positions': [5674]}
[C2KV POSITION DEBUG] {'forward_mode': '2', 'correction': [430], 'seq_lens': [5246], 'extend_prefix_lens': None, 'extend_seq_lens': None, 'positions': [5675]}
[C2KV POSITION DEBUG] {'forward_mode': '2', 'correction': [430], 'seq_lens': [5247], 'extend_prefix_lens': None, 'extend_seq_lens': None, 'positions': [5676]}
[C2KV POSITION DEBUG] {'forward_mode': '2', 'correction': [430], 'seq_lens': [5248], 'extend_prefix_lens': None, 'extend_seq_lens': None, 'positions': [5677]}
[C2KV POSITION DEBUG] {'forward_mode': '2', 'correction': [430], 'seq_lens': [5249], 'extend_prefix_lens': None, 'extend_seq_lens': None, 'positions': [5678]}
[C2KV POSITION DEBUG] {'forward_mode': '2', 'correction': [430], 'seq_lens': [5250], 'extend_prefix_lens': None, 'extend_seq_lens': None, 'positions': [5679]}
[C2KV POSITION DEBUG] {'forward_mode': '2', 'correction': [430], 'seq_lens': [5251], 'extend_prefix_lens': None, 'extend_seq_lens': None, 'positions': [5680]}
[C2KV POSITION DEBUG] {'forward_mode': '2', 'correction': [430], 'seq_lens': [5252], 'extend_prefix_lens': None, 'extend_seq_lens': None, 'positions': [5681]}
[C2KV POSITION DEBUG] {'forward_mode': '2', 'correction': [430], 'seq_lens': [5253], 'extend_prefix_lens': None, 'extend_seq_lens': None, 'positions': [5682]}
[C2KV POSITION DEBUG] {'forward_mode': '2', 'correction': [430], 'seq_lens': [5254], 'extend_prefix_lens': None, 'extend_seq_lens': None, 'positions': [5683]}
[C2KV POSITION DEBUG] {'forward_mode': '2', 'correction': [430], 'seq_lens': [5255], 'extend_prefix_lens': None, 'extend_seq_lens': None, 'positions': [5684]}
[C2KV POSITION DEBUG] {'forward_mode': '2', 'correction': [430], 'seq_lens': [5256], 'extend_prefix_lens': None, 'extend_seq_lens': None, 'positions': [5685]}
[C2KV POSITION DEBUG] {'forward_mode': '2', 'correction': [430], 'seq_lens': [5257], 'extend_prefix_lens': None, 'extend_seq_lens': None, 'positions': [5686]}
[C2KV POSITION DEBUG] {'forward_mode': '2', 'correction': [430], 'seq_lens': [5258], 'extend_prefix_lens': None, 'extend_seq_lens': None, 'positions': [5687]}
[C2KV POSITION DEBUG] {'forward_mode': '2', 'correction': [430], 'seq_lens': [5259], 'extend_prefix_lens': None, 'extend_seq_lens': None, 'positions': [5688]}
[C2KV POSITION DEBUG] {'forward_mode': '2', 'correction': [430], 'seq_lens': [5260], 'extend_prefix_lens': None, 'extend_seq_lens': None, 'positions': [5689]}
[C2KV POSITION DEBUG] {'forward_mode': '2', 'correction': [430], 'seq_lens': [5261], 'extend_prefix_lens': None, 'extend_seq_lens': None, 'positions': [5690]}
[C2KV POSITION DEBUG] {'forward_mode': '2', 'correction': [430], 'seq_lens': [5262], 'extend_prefix_lens': None, 'extend_seq_lens': None, 'positions': [5691]}
[C2KV POSITION DEBUG] {'forward_mode': '2', 'correction': [430], 'seq_lens': [5263], 'extend_prefix_lens': None, 'extend_seq_lens': None, 'positions': [5692]}
[C2KV POSITION DEBUG] {'forward_mode': '2', 'correction': [430], 'seq_lens': [5264], 'extend_prefix_lens': None, 'extend_seq_lens': None, 'positions': [5693]}
[C2KV POSITION DEBUG] {'forward_mode': '2', 'correction': [430], 'seq_lens': [5265], 'extend_prefix_lens': None, 'extend_seq_lens': None, 'positions': [5694]}
[C2KV POSITION DEBUG] {'forward_mode': '2', 'correction': [430], 'seq_lens': [5266], 'extend_prefix_lens': None, 'extend_seq_lens': None, 'positions': [5695]}
[C2KV POSITION DEBUG] {'forward_mode': '2', 'correction': [430], 'seq_lens': [5267], 'extend_prefix_lens': None, 'extend_seq_lens': None, 'positions': [5696]}
[C2KV POSITION DEBUG] {'forward_mode': '2', 'correction': [430], 'seq_lens': [5268], 'extend_prefix_lens': None, 'extend_seq_lens': None, 'positions': [5697]}
[C2KV POSITION DEBUG] {'forward_mode': '2', 'correction': [430], 'seq_lens': [5269], 'extend_prefix_lens': None, 'extend_seq_lens': None, 'positions': [5698]}
[C2KV POSITION DEBUG] {'forward_mode': '2', 'correction': [430], 'seq_lens': [5270], 'extend_prefix_lens': None, 'extend_seq_lens': None, 'positions': [5699]}
[C2KV POSITION DEBUG] {'forward_mode': '2', 'correction': [430], 'seq_lens': [5271], 'extend_prefix_lens': None, 'extend_seq_lens': None, 'positions': [5700]}
[C2KV POSITION DEBUG] {'forward_mode': '2', 'correction': [430], 'seq_lens': [5272], 'extend_prefix_lens': None, 'extend_seq_lens': None, 'positions': [5701]}
[C2KV POSITION DEBUG] {'forward_mode': '2', 'correction': [430], 'seq_lens': [5273], 'extend_prefix_lens': None, 'extend_seq_lens': None, 'positions': [5702]}
[C2KV POSITION DEBUG] {'forward_mode': '2', 'correction': [430], 'seq_lens': [5274], 'extend_prefix_lens': None, 'extend_seq_lens': None, 'positions': [5703]}
[C2KV POSITION DEBUG] {'forward_mode': '2', 'correction': [430], 'seq_lens': [5275], 'extend_prefix_lens': None, 'extend_seq_lens': None, 'positions': [5704]}
[C2KV POSITION DEBUG] {'forward_mode': '2', 'correction': [430], 'seq_lens': [5276], 'extend_prefix_lens': None, 'extend_seq_lens': None, 'positions': [5705]}
[C2KV POSITION DEBUG] {'forward_mode': '2', 'correction': [430], 'seq_lens': [5277], 'extend_prefix_lens': None, 'extend_seq_lens': None, 'positions': [5706]}
[C2KV POSITION DEBUG] {'forward_mode': '2', 'correction': [430], 'seq_lens': [5278], 'extend_prefix_lens': None, 'extend_seq_lens': None, 'positions': [5707]}
