ablation_0724_full_c2kv_hybrid_common_clean_rerun.jsonl	341ecd660323295b417407e6c3d7f4d2568c8a0d3ea45cddd6f405418ab43e01	1085005	2026-07-24T15:01:36Z
ablation_0724_full_c2kv_hybrid_common_clean_rerun.runs/c2kv_hybrid.jsonl	f36e8235f1e12d6d7dfb20ebf82c2bd029eee5d8313f6a9b0fc3db704774747d	228878	2026-07-24T15:00:53Z
ablation_0724_full_c2kv_hybrid_common_clean_rerun.runs/c2kv_hybrid.log	c7e0b2dd27f6cd34403f0aed6bd589ae4c6c5fdaf16d59f8bdfdd4060fd85f98	3384	2026-07-24T15:00:53Z
ablation_0724_full_c2kv_hybrid_common_clean_rerun.runs/c2kv_hybrid.parts/hybrid_hybrid_lexical_3_r4.jsonl	f36e8235f1e12d6d7dfb20ebf82c2bd029eee5d8313f6a9b0fc3db704774747d	228878	2026-07-24T15:00:45Z
ablation_0724_full_c2kv_hybrid_common_clean_rerun.runs/c2kv_hybrid.parts/hybrid_hybrid_lexical_3_r4.log	00f565d8ccfc57363ef66bd43bfcfe045ed094dcd01fdd07f0ceb80a868be21e	11436	2026-07-24T15:00:46Z
ablation_0724_full_c2kv_hybrid_common_clean_rerun.runs/c2kv_hybrid.parts/hybrid_hybrid_lexical_3_r4.summary.json	a06f3cb3984469e6347bae24d5de3844244e97b3718c570cf4919df191543b7a	1586	2026-07-24T15:00:45Z
ablation_0724_full_c2kv_hybrid_common_clean_rerun.runs/c2kv_hybrid.summary.json	15dfd76cdcd044441427c0dbcaff2d6edcc9a4b7625f9a9255a4e0feadfd1b8e	2635	2026-07-24T15:00:53Z
ablation_0724_full_c2kv_hybrid_common_clean_rerun.runs/drop_selected.jsonl	0e3ed029d781a06698433fe3700a558f20a4110419bbde4888537ab732e2d931	223471	2026-07-24T14:59:32Z
ablation_0724_full_c2kv_hybrid_common_clean_rerun.runs/drop_selected.log	6fc279460c6a9880dbdcd1a588921f66913f2f323da9fc7635962245f806afac	3435	2026-07-24T14:59:32Z
ablation_0724_full_c2kv_hybrid_common_clean_rerun.runs/drop_selected.parts/hybrid_drop_selected_lexical_3_r4.jsonl	0e3ed029d781a06698433fe3700a558f20a4110419bbde4888537ab732e2d931	223471	2026-07-24T14:59:25Z
ablation_0724_full_c2kv_hybrid_common_clean_rerun.runs/drop_selected.parts/hybrid_drop_selected_lexical_3_r4.log	b71a31f2a0ff0b773ec98e52c1af738a3bd4964a175a3b9897d81fb2fb6abc05	11460	2026-07-24T14:59:26Z
ablation_0724_full_c2kv_hybrid_common_clean_rerun.runs/drop_selected.parts/hybrid_drop_selected_lexical_3_r4.summary.json	7935e98f62a21f2b4e9d86c4edb6175e29ba0364ba177b2d555ddd01ae24b064	1598	2026-07-24T14:59:25Z
ablation_0724_full_c2kv_hybrid_common_clean_rerun.runs/drop_selected.summary.json	962b56e5c4e395fe1af6510b7f940288467947e2d596e0a2d510895e18feb561	2661	2026-07-24T14:59:32Z
ablation_0724_full_c2kv_hybrid_common_clean_rerun.runs/full_c2kv.jsonl	1c73a718a1985fcec77e797d5d338bb4e80924c0912f26bddd5d113356cc1939	223723	2026-07-24T15:00:24Z
ablation_0724_full_c2kv_hybrid_common_clean_rerun.runs/full_c2kv.log	173fac2b41ae88cc5e79df4bb6b2afdb3156fa349dea6735d4f713247248273d	27761	2026-07-24T15:00:24Z
ablation_0724_full_c2kv_hybrid_common_clean_rerun.runs/full_c2kv.parts/c2kv_r4.jsonl	6ed581ab12b03d92cfa4c14b35afe5e08c080f1cd594a7712c9d6ab5606b7c38	112278	2026-07-24T15:00:17Z
ablation_0724_full_c2kv_hybrid_common_clean_rerun.runs/full_c2kv.parts/c2kv_r4.log	089cd7580bd3952497773beff17358b5398314e6bd9481ecbab6d381024f1395	12701	2026-07-24T15:00:17Z
ablation_0724_full_c2kv_hybrid_common_clean_rerun.runs/full_c2kv.parts/c2kv_r4.summary.json	d1238e99eaeeacc027c6e103200d93d2e0b9ab5bce862e3bb2a0811914f4f657	3786	2026-07-24T15:00:17Z
ablation_0724_full_c2kv_hybrid_common_clean_rerun.runs/full_c2kv.parts/full_r1.jsonl	2380f91a1f0a9710270601cc949ae5ce62fe14b009ad245cd1cefac17df426e3	111445	2026-07-24T14:57:52Z
ablation_0724_full_c2kv_hybrid_common_clean_rerun.runs/full_c2kv.parts/full_r1.log	4414f6777e6090ce8e050bc2b292ced989564a4a6ea56ab37a9b28238f47a496	11638	2026-07-24T14:57:52Z
ablation_0724_full_c2kv_hybrid_common_clean_rerun.runs/full_c2kv.parts/full_r1.summary.json	4ab7173180aa35742ca417f31576dcd3dcfbfbd76fdbee06112f41cc0901b6f1	3741	2026-07-24T14:57:52Z
ablation_0724_full_c2kv_hybrid_common_clean_rerun.runs/full_c2kv.summary.json	207581d8379d841eee0ddf1f1e835d66aac19885ce605e43d697deff0a86c84d	19117	2026-07-24T15:00:24Z
ablation_0724_full_c2kv_hybrid_common_clean_rerun.runs/random_hybrid.jsonl	38f9c6feadd8b9bc3b4d9e03ecaf20a4b81f79246c6218686a17f6bfdc583aed	229944	2026-07-24T15:01:36Z
ablation_0724_full_c2kv_hybrid_common_clean_rerun.runs/random_hybrid.log	6a68a19539134655f7e16b7e1a84cd1efa414377dc3b1f1f5f4f4331629fb57b	3315	2026-07-24T15:01:36Z
ablation_0724_full_c2kv_hybrid_common_clean_rerun.runs/random_hybrid.parts/hybrid_hybrid_random_3_r4.jsonl	38f9c6feadd8b9bc3b4d9e03ecaf20a4b81f79246c6218686a17f6bfdc583aed	229944	2026-07-24T15:01:29Z
ablation_0724_full_c2kv_hybrid_common_clean_rerun.runs/random_hybrid.parts/hybrid_hybrid_random_3_r4.log	a522525fd9112596156d5a22fd78c90cba01ee1199f17a6e6b574d6e06bf374e	11444	2026-07-24T15:01:29Z
ablation_0724_full_c2kv_hybrid_common_clean_rerun.runs/random_hybrid.parts/hybrid_hybrid_random_3_r4.summary.json	cdf91304910ab4dc5e74fb95f74d6b30eec659ea484e2463b5789660cd94bda4	1598	2026-07-24T15:01:29Z
ablation_0724_full_c2kv_hybrid_common_clean_rerun.runs/random_hybrid.summary.json	b8b9fe111bdafdfad8d3b2b2ba5e01b095db5fd6841dbee3b999d6f30c056a47	2565	2026-07-24T15:01:36Z
ablation_0724_full_c2kv_hybrid_common_clean_rerun.runs/topk_only.jsonl	a8dcb24405385692b7282999f78e5b2cb16ff763446ec1a7dcd8ac9605351f2d	178989	2026-07-24T14:59:37Z
ablation_0724_full_c2kv_hybrid_common_clean_rerun.runs/topk_only.log	b8d1a44eb91fb1c9a7ca3468857cc30e38abf4cfe9ec24e7b3aee4339b0f4c66	3372	2026-07-24T14:59:37Z
ablation_0724_full_c2kv_hybrid_common_clean_rerun.runs/topk_only.parts/hybrid_topk_only_lexical_3_r4.jsonl	a8dcb24405385692b7282999f78e5b2cb16ff763446ec1a7dcd8ac9605351f2d	178989	2026-07-24T14:59:30Z
ablation_0724_full_c2kv_hybrid_common_clean_rerun.runs/topk_only.parts/hybrid_topk_only_lexical_3_r4.log	2b3240b5fd0e520735a47964d0039080e1e2221f7ab9127934589277c6887266	11446	2026-07-24T14:59:30Z
ablation_0724_full_c2kv_hybrid_common_clean_rerun.runs/topk_only.parts/hybrid_topk_only_lexical_3_r4.summary.json	b5a008cc730240166c83fb827a652eed4ff1f5c4ce4eb8d57f1e94f82235c5c9	1594	2026-07-24T14:59:30Z
ablation_0724_full_c2kv_hybrid_common_clean_rerun.runs/topk_only.summary.json	499ff6ea388edcf0112113362c9874b352f3cf90efebf33042eabbafe82e6d20	2618	2026-07-24T14:59:37Z
ablation_0724_full_c2kv_hybrid_common_clean_rerun.summary.json	ff26c56500cdff630285cf91cd7ee1d1b30eef2777c7b9cd9f075a8522b96ad0	33937	2026-07-24T15:01:36Z
ablation_0725_full_c2kv_hybrid_top1_compact_common.jsonl	53718b7a5cf6d029f636f6d6deb8238b0361eaa730e9837b71f63635008902b7	1549040	2026-07-25T06:01:02Z
ablation_0725_full_c2kv_hybrid_top1_compact_common.runs/c2kv_hybrid_compact.jsonl	5e96cd0ab1114de09eb693d4cceabc666ff66a1efa998562f036262266d5b246	231164	2026-07-25T06:00:26Z
ablation_0725_full_c2kv_hybrid_top1_compact_common.runs/c2kv_hybrid_compact.log	4b15e59b608e66c472b07d2e5c80927926fd49b7a43bbaa22cb0e977317b7560	3409	2026-07-25T06:00:26Z
ablation_0725_full_c2kv_hybrid_top1_compact_common.runs/c2kv_hybrid_compact.parts/hybrid_hybrid_lexical_3_r4.jsonl	5e96cd0ab1114de09eb693d4cceabc666ff66a1efa998562f036262266d5b246	231164	2026-07-25T06:00:19Z
ablation_0725_full_c2kv_hybrid_top1_compact_common.runs/c2kv_hybrid_compact.parts/hybrid_hybrid_lexical_3_r4.log	c1094273534bfd50a4961fc2c66d55500cd223c868c17dab5add61d5973e306b	11537	2026-07-25T06:00:19Z
ablation_0725_full_c2kv_hybrid_top1_compact_common.runs/c2kv_hybrid_compact.parts/hybrid_hybrid_lexical_3_r4.summary.json	371b0ad873fbf90c2c1eac7f9fb2fff0d65350396de0353b719abe358ef2db1b	1669	2026-07-25T06:00:19Z
ablation_0725_full_c2kv_hybrid_top1_compact_common.runs/c2kv_hybrid_compact.summary.json	4bece450735e15ed9958a453c4d61484a1d44e69d27bb0ed33253d5ebb38166c	2618	2026-07-25T06:00:26Z
ablation_0725_full_c2kv_hybrid_top1_compact_common.runs/c2kv_hybrid.jsonl	77b0e34d5e8f940073fa31159aadfe478eb3c47c5cbb96572408ca58d55a3a8c	231137	2026-07-25T05:45:25Z
ablation_0725_full_c2kv_hybrid_top1_compact_common.runs/c2kv_hybrid.log	99afef9c0dd23b9bee7c3787152d214f4bef0dd0ad814e5e4e6e3d795eb060f5	3404	2026-07-25T05:45:25Z
ablation_0725_full_c2kv_hybrid_top1_compact_common.runs/c2kv_hybrid.parts/hybrid_hybrid_lexical_3_r4.jsonl	77b0e34d5e8f940073fa31159aadfe478eb3c47c5cbb96572408ca58d55a3a8c	231137	2026-07-25T05:45:17Z
ablation_0725_full_c2kv_hybrid_top1_compact_common.runs/c2kv_hybrid.parts/hybrid_hybrid_lexical_3_r4.log	a483e0ff6efc626f58aed9a8605f027c9c85d5a2da138a8317f56aa8ca2fa8c6	11498	2026-07-25T05:45:18Z
ablation_0725_full_c2kv_hybrid_top1_compact_common.runs/c2kv_hybrid.parts/hybrid_hybrid_lexical_3_r4.summary.json	cba4e868ca2649206b1929322846a539c091b52e5659941290c6d31d7d0c2b9b	1646	2026-07-25T05:45:17Z
ablation_0725_full_c2kv_hybrid_top1_compact_common.runs/c2kv_hybrid.summary.json	92fc2f23fb6fc9b148b9860746750b419f4e62aa98580bce91a9bd79cc5ff58e	2632	2026-07-25T05:45:25Z
ablation_0725_full_c2kv_hybrid_top1_compact_common.runs/c2kv_hybrid_top1.jsonl	c98cfcb91e0969f93e933f7e7739991b5707ca77c56f22b05c683284a7b7f5af	223954	2026-07-25T06:01:02Z
ablation_0725_full_c2kv_hybrid_top1_compact_common.runs/c2kv_hybrid_top1.log	42abe0604e24c0e3492172384d0e7dc5a0cf57c9b12d3afde411e2e551f0d641	3431	2026-07-25T06:01:02Z
ablation_0725_full_c2kv_hybrid_top1_compact_common.runs/c2kv_hybrid_top1.parts/hybrid_hybrid_lexical_1_r4.jsonl	c98cfcb91e0969f93e933f7e7739991b5707ca77c56f22b05c683284a7b7f5af	223954	2026-07-25T06:00:54Z
ablation_0725_full_c2kv_hybrid_top1_compact_common.runs/c2kv_hybrid_top1.parts/hybrid_hybrid_lexical_1_r4.log	797daa6e63d8f16ab42c65134e8fad985857c40e1c1fde6afff616018a8c59e2	11432	2026-07-25T06:00:55Z
ablation_0725_full_c2kv_hybrid_top1_compact_common.runs/c2kv_hybrid_top1.parts/hybrid_hybrid_lexical_1_r4.summary.json	14b6426dadc2ef1140de6169853d76511126d51754d14ffa6ac02278c3021282	1658	2026-07-25T06:00:54Z
ablation_0725_full_c2kv_hybrid_top1_compact_common.runs/c2kv_hybrid_top1.summary.json	d2929f0628cafd58a90b99bc9a6807224cf72a01d4d87f109b2d5713fb342ca3	2649	2026-07-25T06:01:02Z
ablation_0725_full_c2kv_hybrid_top1_compact_common.runs/drop_selected.jsonl	d1f750cfff8e563b2a3434909d655b8037184e5e18c5b63cfd4b65940ebc2545	225697	2026-07-25T05:44:46Z
ablation_0725_full_c2kv_hybrid_top1_compact_common.runs/drop_selected.log	8fae0123b92f18a4bcf4af13f9bdfb25d5245748c16070e02a024ae244ee029d	3458	2026-07-25T05:44:46Z
ablation_0725_full_c2kv_hybrid_top1_compact_common.runs/drop_selected.parts/hybrid_drop_selected_lexical_3_r4.jsonl	d1f750cfff8e563b2a3434909d655b8037184e5e18c5b63cfd4b65940ebc2545	225697	2026-07-25T05:44:39Z
ablation_0725_full_c2kv_hybrid_top1_compact_common.runs/drop_selected.parts/hybrid_drop_selected_lexical_3_r4.log	5d03702dd21a5711bdc94e4ce7d588852ed08aa4e5bc1f87bb30c3dcc63d0cd1	11521	2026-07-25T05:44:39Z
ablation_0725_full_c2kv_hybrid_top1_compact_common.runs/drop_selected.parts/hybrid_drop_selected_lexical_3_r4.summary.json	ff45e5b247d2c8c1d24fe9b2efd1f869cdcc3e6a2067d02d0e9180545e7a0c8a	1661	2026-07-25T05:44:39Z
ablation_0725_full_c2kv_hybrid_top1_compact_common.runs/drop_selected.summary.json	c2c817d3a767795b938eec59be84ad2d678b788b18c0197f00256feedf650e25	2661	2026-07-25T05:44:46Z
ablation_0725_full_c2kv_hybrid_top1_compact_common.runs/full_c2kv.jsonl	5ae40bc8f65c33d19587bdc6ef2fb149d344f83450069309010dd675dba5b3db	223738	2026-07-25T05:44:32Z
ablation_0725_full_c2kv_hybrid_top1_compact_common.runs/full_c2kv.log	c636ce93bb61e25e2be8e1950f8473141dd7910c0c8edea5c0e174084a292535	27755	2026-07-25T05:44:32Z
ablation_0725_full_c2kv_hybrid_top1_compact_common.runs/full_c2kv.parts/c2kv_r4.jsonl	6d1ccf419dcf0528fac8c6d164a2baea44fed7e24c906418493eb2066e55e4df	112289	2026-07-25T05:44:26Z
ablation_0725_full_c2kv_hybrid_top1_compact_common.runs/full_c2kv.parts/c2kv_r4.log	954876157566d0480dbdab8bb86c0677bf8f2f25d362ef9746a0011718571ca1	12700	2026-07-25T05:44:26Z
ablation_0725_full_c2kv_hybrid_top1_compact_common.runs/full_c2kv.parts/c2kv_r4.summary.json	2a8a8103aad9a63e81f9c940d32351990086c86b1485378bb708f6399c9078dd	3783	2026-07-25T05:44:26Z
ablation_0725_full_c2kv_hybrid_top1_compact_common.runs/full_c2kv.parts/full_r1.jsonl	b437cd58db61d575de33dff7edc99e9b36e7c7d9e68e4763ffe2712f67d3435c	111449	2026-07-25T05:42:15Z
ablation_0725_full_c2kv_hybrid_top1_compact_common.runs/full_c2kv.parts/full_r1.log	e5a14d690f4688d6dbf962351a85c24baed165c3c9743e8294fd7bc8189d79f9	11724	2026-07-25T05:42:15Z
ablation_0725_full_c2kv_hybrid_top1_compact_common.runs/full_c2kv.parts/full_r1.summary.json	bc02e52e48ba3e420629ad81317dfa44e3df6009aaa04e2bac38c0d8bcd6bbe9	3739	2026-07-25T05:42:15Z
ablation_0725_full_c2kv_hybrid_top1_compact_common.runs/full_c2kv.summary.json	d268a51b7699576eb99f44bdafc9b78d4a067adfc24eafff9836ee6f6beee7c5	19111	2026-07-25T05:44:32Z
ablation_0725_full_c2kv_hybrid_top1_compact_common.runs/random_hybrid.jsonl	39494732ca78e562ddfb26c46c28ce33415c77c6e5f0c605a8be3e9424075146	232177	2026-07-25T05:45:29Z
ablation_0725_full_c2kv_hybrid_top1_compact_common.runs/random_hybrid.log	41d49c9493b04ab3af9040d88ea5b8c32e0eb3f83b39e504acf4e32608d459b2	3339	2026-07-25T05:45:29Z
ablation_0725_full_c2kv_hybrid_top1_compact_common.runs/random_hybrid.parts/hybrid_hybrid_random_3_r4.jsonl	39494732ca78e562ddfb26c46c28ce33415c77c6e5f0c605a8be3e9424075146	232177	2026-07-25T05:45:22Z
ablation_0725_full_c2kv_hybrid_top1_compact_common.runs/random_hybrid.parts/hybrid_hybrid_random_3_r4.log	fb48b494ef7603c77bcbee3bc1d2509181f30a2c7ed379a7b1987b03f412d3ff	11509	2026-07-25T05:45:22Z
ablation_0725_full_c2kv_hybrid_top1_compact_common.runs/random_hybrid.parts/hybrid_hybrid_random_3_r4.summary.json	b3de4987a34f7be4681717fec19308cf7dcf9397e8e3c930f0dd1804bba4bbe8	1659	2026-07-25T05:45:22Z
ablation_0725_full_c2kv_hybrid_top1_compact_common.runs/random_hybrid.summary.json	0ace96a9b013f2da919a648793cb2aa655bd7ff8cbb4e01e8216396bb0c5ebc7	2566	2026-07-25T05:45:29Z
ablation_0725_full_c2kv_hybrid_top1_compact_common.runs/topk_only.jsonl	a73ddd5e4fedee7c6913170fca3e4ff757f10cc458e16c5f150b8cdc4dfb06dc	181173	2026-07-25T05:43:45Z
ablation_0725_full_c2kv_hybrid_top1_compact_common.runs/topk_only.log	af2214d3e33c937a0a89d19dc11792ac8dd8451a6437cbfc496f15dbe63fa0f9	3389	2026-07-25T05:43:45Z
ablation_0725_full_c2kv_hybrid_top1_compact_common.runs/topk_only.parts/hybrid_topk_only_lexical_3_r4.jsonl	a73ddd5e4fedee7c6913170fca3e4ff757f10cc458e16c5f150b8cdc4dfb06dc	181173	2026-07-25T05:43:38Z
ablation_0725_full_c2kv_hybrid_top1_compact_common.runs/topk_only.parts/hybrid_topk_only_lexical_3_r4.log	3d6728cb13c5fc851ff54fed85b83f78575f0e3490b9bf19a6c217625181bb62	11495	2026-07-25T05:43:38Z
ablation_0725_full_c2kv_hybrid_top1_compact_common.runs/topk_only.parts/hybrid_topk_only_lexical_3_r4.summary.json	685dfeee5f15086a90c1a00ec13aa02a1e44337b399c1fbe2ca65b618ff4ab81	1651	2026-07-25T05:43:38Z
ablation_0725_full_c2kv_hybrid_top1_compact_common.runs/topk_only.summary.json	4ee9edaffa1d50fd1fa633171485516942ee5a0aa25e2a12be39737ac03ddf71	2612	2026-07-25T05:43:45Z
ablation_0725_full_c2kv_hybrid_top1_compact_common.summary.json	601bf38a8147a6ce247151d22eda3e2d85658104710dd1203f5e10da77d37be7	41658	2026-07-25T06:01:03Z
ablation_0725_full_c2kv_lex_att_hybrid_common.jsonl	f10b9c20b0b2b69fa09db18e025f3dcaebcadea27c55485c382124a87d83b8e7	700689	2026-07-25T07:16:29Z
ablation_0725_full_c2kv_lex_att_hybrid_common.runs/att_hybrid.jsonl	edefe64887e8483ba73e2a658740cd00647696016fbfedef31c5899477fff43e	240578	2026-07-25T07:16:29Z
ablation_0725_full_c2kv_lex_att_hybrid_common.runs/att_hybrid.log	3101be65aa69886878c0196f5e348ea5fc880219e16f4a1c3cc82e4f132c96e9	3492	2026-07-25T07:16:29Z
ablation_0725_full_c2kv_lex_att_hybrid_common.runs/att_hybrid.parts/hybrid_hybrid_attention_3_r4.jsonl	edefe64887e8483ba73e2a658740cd00647696016fbfedef31c5899477fff43e	240578	2026-07-25T07:16:22Z
ablation_0725_full_c2kv_lex_att_hybrid_common.runs/att_hybrid.parts/hybrid_hybrid_attention_3_r4.log	84dcfd822a426a815c2ba9d3e3d8b6d4638541451e9e5f77fa44739faab8501e	11552	2026-07-25T07:16:22Z
ablation_0725_full_c2kv_lex_att_hybrid_common.runs/att_hybrid.parts/hybrid_hybrid_attention_3_r4.summary.json	16fb05dbddfa2257a4acd684081fa6b641a629b7292450d685d772b43ab20aa1	1708	2026-07-25T07:16:22Z
ablation_0725_full_c2kv_lex_att_hybrid_common.runs/att_hybrid.summary.json	96cb25d39d83dc9fc8da2540740c2fb9e36b4badcb5b3faa860f3444e01e858a	2629	2026-07-25T07:16:29Z
ablation_0725_full_c2kv_lex_att_hybrid_common.runs/c2kv_hybrid.jsonl	6794f58678caa6e0b44b086adb7e5e3e4b88ef7183f820e572f934835e7f1e67	236369	2026-07-25T07:14:19Z
ablation_0725_full_c2kv_lex_att_hybrid_common.runs/c2kv_hybrid.log	4a694a1cb638a1c401f86bdc65c8e984a730c0be927cb395081239dc9fbdcadd	3491	2026-07-25T07:14:19Z
ablation_0725_full_c2kv_lex_att_hybrid_common.runs/c2kv_hybrid.parts/hybrid_hybrid_lexical_3_r4.jsonl	6794f58678caa6e0b44b086adb7e5e3e4b88ef7183f820e572f934835e7f1e67	236369	2026-07-25T07:14:12Z
ablation_0725_full_c2kv_lex_att_hybrid_common.runs/c2kv_hybrid.parts/hybrid_hybrid_lexical_3_r4.log	e3d6c4ead7289ca318f988e3aa3e3810e397a0abbdee5b9223fff898a4cf93c1	11526	2026-07-25T07:14:12Z
ablation_0725_full_c2kv_lex_att_hybrid_common.runs/c2kv_hybrid.parts/hybrid_hybrid_lexical_3_r4.summary.json	7a3bf36e99ac4ecbc38eb08f675fdd70a346917dbc174110ec94ff677e655e48	1684	2026-07-25T07:14:12Z
ablation_0725_full_c2kv_lex_att_hybrid_common.runs/c2kv_hybrid.summary.json	5476656bb9720c3b480dd2682e188f2fcde6d63808f60a0be941e7195a867c94	2632	2026-07-25T07:14:19Z
ablation_0725_full_c2kv_lex_att_hybrid_common.runs/full_c2kv.jsonl	d4c42bcf695e2d1255adc009eb2d3a0daa4f30277c21a706bb85b7f57c9376b7	223742	2026-07-25T06:58:34Z
ablation_0725_full_c2kv_lex_att_hybrid_common.runs/full_c2kv.log	ebcd66c84448f58c06d092c7dd33d93a5621b43dd3b6ab0b50e913634a5ed1af	27869	2026-07-25T06:58:34Z
ablation_0725_full_c2kv_lex_att_hybrid_common.runs/full_c2kv.parts/c2kv_r4.jsonl	58d69dcb5b87dc72eb03c8dad9fa5ebeb65dd179688da54df5de06560c6c78b1	112296	2026-07-25T06:58:28Z
ablation_0725_full_c2kv_lex_att_hybrid_common.runs/full_c2kv.parts/c2kv_r4.log	5d678e4bfda1d759a9663127d07c8d8fe2499e39a7c8e082ff40362246ab907a	12687	2026-07-25T06:58:29Z
ablation_0725_full_c2kv_lex_att_hybrid_common.runs/full_c2kv.parts/c2kv_r4.summary.json	234921f817c25d7dc56c52bb30cb9c6e078aa0a8d6f4cb42e9df7c562e324948	3782	2026-07-25T06:58:28Z
ablation_0725_full_c2kv_lex_att_hybrid_common.runs/full_c2kv.parts/full_r1.jsonl	61751d4b9f2121ee5e1eceac836ae4af619e82035b36be5f41c84fb637b3f63b	111446	2026-07-25T06:55:56Z
ablation_0725_full_c2kv_lex_att_hybrid_common.runs/full_c2kv.parts/full_r1.log	701b9cb50b252a11183127f551ad109fae4f8a77d0b2075dc1aa12df765cb709	11714	2026-07-25T06:55:56Z
ablation_0725_full_c2kv_lex_att_hybrid_common.runs/full_c2kv.parts/full_r1.summary.json	7d459e0dd70d21c1b9ca24ffa2952ef61f4328e1eaf5a53c97c37c8d10089d90	3741	2026-07-25T06:55:56Z
ablation_0725_full_c2kv_lex_att_hybrid_common.runs/full_c2kv.summary.json	b7be7b8c761982efcb76dbe2dac1e7d14b1ebe725b3d2b860854e975e2328956	19249	2026-07-25T06:58:34Z
ablation_0725_full_c2kv_lex_att_hybrid_common.summary.json	dc7e29ae5f7ab4ca1edc7c038b2f76f8b77f41f932e93c4f660c164661a5d51a	26736	2026-07-25T07:16:30Z
ablation_0725_full_c2kv_lex_att_mean_hybrid_common.jsonl	17657acf50fa9337edc662f73682aa6df768ccd35bb5f704f6ed824afe6b13dc	704250	2026-07-25T13:47:44Z
ablation_0725_full_c2kv_lex_att_mean_hybrid_common.runs/att_hybrid.jsonl	c4fddceff99bfa7eea99870d8af9ef323364faa36b87ee14b520de53e5241d93	241709	2026-07-25T13:47:44Z
ablation_0725_full_c2kv_lex_att_mean_hybrid_common.runs/att_hybrid.log	00e018b243dcd422e91f3a3af22e36d6ef9debdba1d4afcb0cb355a3da5462a2	3526	2026-07-25T13:47:44Z
ablation_0725_full_c2kv_lex_att_mean_hybrid_common.runs/att_hybrid.parts/hybrid_hybrid_attention_3_r4.jsonl	c4fddceff99bfa7eea99870d8af9ef323364faa36b87ee14b520de53e5241d93	241709	2026-07-25T13:47:37Z
ablation_0725_full_c2kv_lex_att_mean_hybrid_common.runs/att_hybrid.parts/hybrid_hybrid_attention_3_r4.log	29a64bb083fe3b76fc9f97000725e569d8eca5cd7db687f44b09b7f3e084fb4e	11570	2026-07-25T13:47:37Z
ablation_0725_full_c2kv_lex_att_mean_hybrid_common.runs/att_hybrid.parts/hybrid_hybrid_attention_3_r4.summary.json	629f9f812c4c2fb2f5f76b6f5b2a5ee92eb4b511f916d026d82ea6ff6375d578	1718	2026-07-25T13:47:37Z
ablation_0725_full_c2kv_lex_att_mean_hybrid_common.runs/att_hybrid.summary.json	ea544e1b9aa5ade46e8d32fee81de87acce6e4d634588fd2da25199d1d10bd75	2620	2026-07-25T13:47:44Z
ablation_0725_full_c2kv_lex_att_mean_hybrid_common.runs/c2kv_hybrid.jsonl	b355f62a3303da78ea46da07dc2f74e13638622a96a6bcbafa3d463fb0829bf7	238811	2026-07-25T13:45:47Z
ablation_0725_full_c2kv_lex_att_mean_hybrid_common.runs/c2kv_hybrid.log	c12de3ea97b78c05839141d702d6688231b8fdb07ea547ceeeba215449c74466	3533	2026-07-25T13:45:47Z
ablation_0725_full_c2kv_lex_att_mean_hybrid_common.runs/c2kv_hybrid.parts/hybrid_hybrid_lexical_3_r4.jsonl	b355f62a3303da78ea46da07dc2f74e13638622a96a6bcbafa3d463fb0829bf7	238811	2026-07-25T13:45:41Z
ablation_0725_full_c2kv_lex_att_mean_hybrid_common.runs/c2kv_hybrid.parts/hybrid_hybrid_lexical_3_r4.log	72e39e62ee2fe29f5385c9ab13e6b91d9ebe03f13d6eca54e080f39d36d1f99c	11535	2026-07-25T13:45:41Z
ablation_0725_full_c2kv_lex_att_mean_hybrid_common.runs/c2kv_hybrid.parts/hybrid_hybrid_lexical_3_r4.summary.json	ddf1df858d48707c8e3a2261e22a14b2abf94933857d346453a725f1dc55bd33	1683	2026-07-25T13:45:41Z
ablation_0725_full_c2kv_lex_att_mean_hybrid_common.runs/c2kv_hybrid.summary.json	9c4c12fe98624672b88b01f396a3b83019d917e1fa87c4cfae6d4b6b5ff01986	2631	2026-07-25T13:45:47Z
ablation_0725_full_c2kv_lex_att_mean_hybrid_common.runs/full_c2kv.jsonl	1f51dc2b4a6308030e8cb9aefe119149785d9b21b6f9b02674640532e4800824	223730	2026-07-25T13:30:17Z
ablation_0725_full_c2kv_lex_att_mean_hybrid_common.runs/full_c2kv.log	2e631eb5f82917ff587611c82cfcd01a2d615302f0f3598d1d46787d855f512c	27878	2026-07-25T13:30:17Z
ablation_0725_full_c2kv_lex_att_mean_hybrid_common.runs/full_c2kv.parts/c2kv_r4.jsonl	fd61a12ef18a66eac55302beadc7a645b2af4ef5350b84cb2e48901228cc2664	112289	2026-07-25T13:30:10Z
ablation_0725_full_c2kv_lex_att_mean_hybrid_common.runs/full_c2kv.parts/c2kv_r4.log	7b27a1f3b09cc21a0c36e8b9e8598043d1883d9633b30220a955992b676a8ceb	12702	2026-07-25T13:30:10Z
ablation_0725_full_c2kv_lex_att_mean_hybrid_common.runs/full_c2kv.parts/c2kv_r4.summary.json	b627fbf88bb40fb00f042bb91b5810e4583a5b0badf4a7bd0b2108d1d0a24394	3783	2026-07-25T13:30:10Z
ablation_0725_full_c2kv_lex_att_mean_hybrid_common.runs/full_c2kv.parts/full_r1.jsonl	db14c517a6f216d830913f8095ed907cce1c7038c3ce22751cdeaa3f48ad1079	111441	2026-07-25T13:28:21Z
ablation_0725_full_c2kv_lex_att_mean_hybrid_common.runs/full_c2kv.parts/full_r1.log	95498a06110825344d66538ed2e6e54c5be5aa77a583ad1fedf5c75a2a0b40b3	11713	2026-07-25T13:28:21Z
ablation_0725_full_c2kv_lex_att_mean_hybrid_common.runs/full_c2kv.parts/full_r1.summary.json	466708d6b69ce3d601257daea629381d5a31d3b4d09a10a95d04f33512468e54	3728	2026-07-25T13:28:21Z
ablation_0725_full_c2kv_lex_att_mean_hybrid_common.runs/full_c2kv.summary.json	aa7a03de30ff4048d1b43153ea9b6514d315935e769891f9d0dfb8c368dada8a	19245	2026-07-25T13:30:17Z
ablation_0725_full_c2kv_lex_att_mean_hybrid_common.summary.json	d94e2ddfe800817a09efb000bc71093ef14dd42f79c579a61dfe1c42336aceda	26785	2026-07-25T13:47:44Z
ablation_0726_full_c2kv_lex_att_fullkv_att_mean_hybrid_common.jsonl	c7b3434cba34238f00b69c955bdd3e7e96471b92dab057e7ce7407254d39aeba	1247944	2026-07-26T09:36:09Z
ablation_0726_full_c2kv_lex_att_fullkv_att_mean_hybrid_common.runs/att_fullkv_hybrid.jsonl	7f861a420213728f9345f288dd5b05e97c78d919483bbce6a74127dddbf4a6fc	257045	2026-07-26T09:36:09Z
ablation_0726_full_c2kv_lex_att_fullkv_att_mean_hybrid_common.runs/att_fullkv_hybrid.log	dea448c5335311680ac6c081e6e5811b37b995b1e094e7831f6521e234bfe013	3631	2026-07-26T09:36:09Z
ablation_0726_full_c2kv_lex_att_fullkv_att_mean_hybrid_common.runs/att_fullkv_hybrid.parts/hybrid_hybrid_attention_3_r4.jsonl	7f861a420213728f9345f288dd5b05e97c78d919483bbce6a74127dddbf4a6fc	257045	2026-07-26T09:36:02Z
ablation_0726_full_c2kv_lex_att_fullkv_att_mean_hybrid_common.runs/att_fullkv_hybrid.parts/hybrid_hybrid_attention_3_r4.log	a09cd0bd0112e5d0179be46beb64fcd7f28f0a68b37db462e68f84a6c469748b	11602	2026-07-26T09:36:02Z
ablation_0726_full_c2kv_lex_att_fullkv_att_mean_hybrid_common.runs/att_fullkv_hybrid.parts/hybrid_hybrid_attention_3_r4.summary.json	009f87ee34656217c888ea7ac1c03fcd2de556279779a8b83012061c1b1403c6	1718	2026-07-26T09:36:02Z
ablation_0726_full_c2kv_lex_att_fullkv_att_mean_hybrid_common.runs/att_fullkv_hybrid.summary.json	3746403ba3f95783bfa67bd538134cd9278a57e13652615e172eebe34e2a40be	2623	2026-07-26T09:36:09Z
ablation_0726_full_c2kv_lex_att_fullkv_att_mean_hybrid_common.runs/att_hybrid.jsonl	e59327fb8888a70de91c8f652b5453d84b582ef4521e248a6243eaefd39a4cc6	256841	2026-07-26T08:54:35Z
ablation_0726_full_c2kv_lex_att_fullkv_att_mean_hybrid_common.runs/att_hybrid.log	b5aec369ca76d9ff05d2bc801361fa5a2fd699cfc9cefa01187fa93a0ab806c0	3611	2026-07-26T08:54:35Z
ablation_0726_full_c2kv_lex_att_fullkv_att_mean_hybrid_common.runs/att_hybrid.parts/hybrid_hybrid_attention_3_r4.jsonl	e59327fb8888a70de91c8f652b5453d84b582ef4521e248a6243eaefd39a4cc6	256841	2026-07-26T08:54:29Z
ablation_0726_full_c2kv_lex_att_fullkv_att_mean_hybrid_common.runs/att_hybrid.parts/hybrid_hybrid_attention_3_r4.log	09125eca295ea8c09c69076b76b3db95da434afb4a6629d97cabf0c71a9dbb83	11592	2026-07-26T08:54:30Z
ablation_0726_full_c2kv_lex_att_fullkv_att_mean_hybrid_common.runs/att_hybrid.parts/hybrid_hybrid_attention_3_r4.summary.json	2c56e369756ee44afa7b496e50e07c71b5ed582916aa036c07c951ef2418669f	1716	2026-07-26T08:54:29Z
ablation_0726_full_c2kv_lex_att_fullkv_att_mean_hybrid_common.runs/att_hybrid.summary.json	dbee88eead49976da05a62c05b989124f87eb972b0ea983d9836a2933d6ceaf8	2617	2026-07-26T08:54:35Z
ablation_0726_full_c2kv_lex_att_fullkv_att_mean_hybrid_common.runs/c2kv_hybrid.jsonl	ebf7a219c24817ff70d9f5ab23a038924716ea3330bf817f5d247f5428d53e92	253999	2026-07-26T08:52:49Z
ablation_0726_full_c2kv_lex_att_fullkv_att_mean_hybrid_common.runs/c2kv_hybrid.log	b600a16d456172a0404f1104f063a66975516e6aa709c14131bb6e992ddce207	3623	2026-07-26T08:52:49Z
ablation_0726_full_c2kv_lex_att_fullkv_att_mean_hybrid_common.runs/c2kv_hybrid.parts/hybrid_hybrid_lexical_3_r4.jsonl	ebf7a219c24817ff70d9f5ab23a038924716ea3330bf817f5d247f5428d53e92	253999	2026-07-26T08:52:42Z
ablation_0726_full_c2kv_lex_att_fullkv_att_mean_hybrid_common.runs/c2kv_hybrid.parts/hybrid_hybrid_lexical_3_r4.log	3286912aea2a8f2ec167579fd099c58ae4c8c4be5314eddf964516b1cee07f1c	11553	2026-07-26T08:52:42Z
ablation_0726_full_c2kv_lex_att_fullkv_att_mean_hybrid_common.runs/c2kv_hybrid.parts/hybrid_hybrid_lexical_3_r4.summary.json	4892a0cd1dd95044929736ad444dd07d7baba432abb728701656e9e22b67c58c	1685	2026-07-26T08:52:42Z
ablation_0726_full_c2kv_lex_att_fullkv_att_mean_hybrid_common.runs/c2kv_hybrid.summary.json	16b8f492816a33cc1420ad9754593c07bbd70129b28c46ea6344881106f00c02	2633	2026-07-26T08:52:49Z
ablation_0726_full_c2kv_lex_att_fullkv_att_mean_hybrid_common.runs/full_c2kv.jsonl	389bda898bbb1b7513c93932e965d68b116ff778b4cd8b16073a0d7974cfb2fd	223726	2026-07-26T08:37:09Z
ablation_0726_full_c2kv_lex_att_fullkv_att_mean_hybrid_common.runs/full_c2kv.log	2b82d2a74854dabcb49fb98b50b476f7fe3f01ab7fc302bde91feae46dc70b51	28466	2026-07-26T08:37:09Z
ablation_0726_full_c2kv_lex_att_fullkv_att_mean_hybrid_common.runs/full_c2kv.parts/c2kv_r4.jsonl	f1d934ed5ae28c463bb1cfca2098000efd957b97c902b982491b20f69c03db50	112273	2026-07-26T08:37:02Z
ablation_0726_full_c2kv_lex_att_fullkv_att_mean_hybrid_common.runs/full_c2kv.parts/c2kv_r4.log	2ff8edb05c8447cc065b5e74b2559d0fc6e113a32cac78c5df5db60c851d7106	12635	2026-07-26T08:37:02Z
ablation_0726_full_c2kv_lex_att_fullkv_att_mean_hybrid_common.runs/full_c2kv.parts/c2kv_r4.summary.json	88e2a88ad9b56f168f032d56a76d63b65ee99e7b543937bc28c2531eba5446fe	3782	2026-07-26T08:37:02Z
ablation_0726_full_c2kv_lex_att_fullkv_att_mean_hybrid_common.runs/full_c2kv.parts/full_r1.jsonl	d9e79b9121b55ac17b93b0ee57a6ed4b832cf1aeb3844c4e1a581c940ed30753	111453	2026-07-26T08:35:55Z
ablation_0726_full_c2kv_lex_att_fullkv_att_mean_hybrid_common.runs/full_c2kv.parts/full_r1.log	ee29306f3fa63adcc98087a1feb95ddaba00500f7a520e366303f7e8b34372b0	11745	2026-07-26T08:35:55Z
ablation_0726_full_c2kv_lex_att_fullkv_att_mean_hybrid_common.runs/full_c2kv.parts/full_r1.summary.json	b66bd35e54d8f5ac504b3d89b50b963ef11de429220eb0f9380f912cadc06bf8	3740	2026-07-26T08:35:55Z
ablation_0726_full_c2kv_lex_att_fullkv_att_mean_hybrid_common.runs/full_c2kv.summary.json	d2c3d33750d81ae7416e26d06fede953cd68871faa966245a223f2f419e01b0d	19767	2026-07-26T08:37:09Z
ablation_0726_full_c2kv_lex_att_fullkv_att_mean_hybrid_common.runs/lex_att_hybrid.jsonl	43db4f203e4a35656ccf16d297d8f8b8e537ac6a971e85d0f77d9c9cd2eafe45	256333	2026-07-26T09:10:44Z
ablation_0726_full_c2kv_lex_att_fullkv_att_mean_hybrid_common.runs/lex_att_hybrid.log	f5033ae545916004701bd5501f9e36a5423dcbb329b0c20cc323ba629f37f4be	3656	2026-07-26T09:10:44Z
ablation_0726_full_c2kv_lex_att_fullkv_att_mean_hybrid_common.runs/lex_att_hybrid.parts/hybrid_hybrid_lex_attention_3_r4.jsonl	43db4f203e4a35656ccf16d297d8f8b8e537ac6a971e85d0f77d9c9cd2eafe45	256333	2026-07-26T09:10:38Z
ablation_0726_full_c2kv_lex_att_fullkv_att_mean_hybrid_common.runs/lex_att_hybrid.parts/hybrid_hybrid_lex_attention_3_r4.log	5dedec15266fe452b4f7024141a75361ea8d21aa923e3608ae7b433896fc6244	11617	2026-07-26T09:10:38Z
ablation_0726_full_c2kv_lex_att_fullkv_att_mean_hybrid_common.runs/lex_att_hybrid.parts/hybrid_hybrid_lex_attention_3_r4.summary.json	916b29024000baee4dad3b6407baad1ff5f308520da3f6f73ffe68627b89b7d0	1725	2026-07-26T09:10:38Z
ablation_0726_full_c2kv_lex_att_fullkv_att_mean_hybrid_common.runs/lex_att_hybrid.summary.json	fbc14f365130e7d93a3c65e56d70dc788f2f69e9495f196e72c5b005b2cb7fab	2642	2026-07-26T09:10:44Z
ablation_0726_full_c2kv_lex_att_fullkv_att_mean_hybrid_common.summary.json	60b35dbbaaabdf6d8915d5e5520f95b77ec16fd01f0c07e244d5669a67dfda5c	36588	2026-07-26T09:36:09Z
ablation_0727_full_c2kv_hybrid_common.jsonl	e9a64ef7159e46b639bf7d5d807c7b2c6e3341625be933e9984af6f803e75128	1247200	2026-07-23T16:46:39Z
ablation_0727_full_c2kv_hybrid_common.summary.json	75bb1a58cedd6fe2ffb019a69df09901df5904c44369c9e2272d51ae14b7d94f	37590	2026-07-23T16:46:40Z
ablation_0731_full_c2kv_lex_att_rerank_common.jsonl	e3b0c44298fc1c149afbf4c8996fb92427ae41e4649b934ca495991b7852b855	0	2026-07-31T15:55:43Z
ablation_0731_full_c2kv_lex_att_rerank_common.runs/c2kv_hybrid.jsonl	e3b0c44298fc1c149afbf4c8996fb92427ae41e4649b934ca495991b7852b855	0	2026-07-31T15:54:18Z
ablation_0731_full_c2kv_lex_att_rerank_common.runs/c2kv_hybrid.log	0ecf6e5991071b0e9603d7b790e396fbf81231a672b6568894599d50d6b35b88	1455	2026-07-31T15:54:18Z
ablation_0731_full_c2kv_lex_att_rerank_common.runs/c2kv_hybrid.parts/hybrid_hybrid_lexical_3_r4.log	511d5b9eae8e1c4c6a52c84de4d285b267afbf7eebba37bac72e20a828108479	4977	2026-07-31T15:54:15Z
ablation_0731_full_c2kv_lex_att_rerank_common.runs/c2kv_hybrid.summary.json	53e21b8ff1372c3005787bd431ba3a274a26e967277b9009e41a983d9e733e18	398	2026-07-31T15:54:18Z
ablation_0731_full_c2kv_lex_att_rerank_common.runs/full_c2kv.jsonl	e3b0c44298fc1c149afbf4c8996fb92427ae41e4649b934ca495991b7852b855	0	2026-07-31T15:54:17Z
ablation_0731_full_c2kv_lex_att_rerank_common.runs/full_c2kv.log	17485eca708eece7ee67631accf8572390123ee167f3ecc429b9f5949835f44b	4262	2026-07-31T15:54:17Z
ablation_0731_full_c2kv_lex_att_rerank_common.runs/full_c2kv.parts/c2kv_r4.log	df4a95f97d8b58464be2bd752fbc5fb576d150f356a241c584cdb5d46c508632	5062	2026-07-31T15:54:14Z
ablation_0731_full_c2kv_lex_att_rerank_common.runs/full_c2kv.parts/full_r1.log	04f43ffa7c9679fee284d76b392062b4538f0874ef9c1ba0992310eee52536e0	4509	2026-07-31T15:54:13Z
ablation_0731_full_c2kv_lex_att_rerank_common.runs/full_c2kv.summary.json	332c8dbb68e5765c56524d2a7e7a1b9aed27089d1d8c8a98fd8183853bca9b42	2921	2026-07-31T15:54:17Z
ablation_0731_full_c2kv_lex_att_rerank_common.runs/hybrid_att_rerank.jsonl	e3b0c44298fc1c149afbf4c8996fb92427ae41e4649b934ca495991b7852b855	0	2026-07-31T15:55:43Z
ablation_0731_full_c2kv_lex_att_rerank_common.runs/hybrid_att_rerank.log	c38418aac1bfe381d1107e68eef93aec68372a4db5736e63d275769d220fe089	1479	2026-07-31T15:55:43Z
ablation_0731_full_c2kv_lex_att_rerank_common.runs/hybrid_att_rerank.parts/hybrid_hybrid_att_rerank_3_r4.log	079cfc303469bd50528b5fa74ef3a5b2960e24cf9b1ec72db455188df409ada0	4977	2026-07-31T15:55:40Z
ablation_0731_full_c2kv_lex_att_rerank_common.runs/hybrid_att_rerank.summary.json	bcc1b5d65104679db64e4523990c666436521c2e928b50d6125642399408672e	401	2026-07-31T15:55:43Z
ablation_0731_full_c2kv_lex_att_rerank_common.summary.json	2d0ca86e911278697ee708b9cd8517737ecf3d806d0ea66e64d76ef45326821e	3329	2026-07-31T15:55:43Z
ablation_0801_toodoc_hardneg_full_c2kv_hybrid_fused.jsonl	9960963c1104a9be1999ddc5b7c92400511be21414592dd439217c7868a9acc2	423954	2026-08-01T06:12:51Z
ablation_0801_toodoc_hardneg_full_c2kv_hybrid_fused.parts/c2kv_r4.jsonl	7e00d176a628c9974bbbfeb01d9848578ab7fad0feae8031c40ce7316d8742fd	109636	2026-08-01T05:58:53Z
ablation_0801_toodoc_hardneg_full_c2kv_hybrid_fused.parts/c2kv_r4.log	215d6eabe22e292550c42617983019964785c58fc7c5a71bb8c2ecf0c6e92abe	12380	2026-08-01T05:58:53Z
ablation_0801_toodoc_hardneg_full_c2kv_hybrid_fused.parts/c2kv_r4.summary.json	4c0f896437084b9d67cce1a125ce83f4517209cb29832cff3bea1c74529c5f88	3810	2026-08-01T05:58:53Z
ablation_0801_toodoc_hardneg_full_c2kv_hybrid_fused.parts/full_r1.jsonl	3ede4e48057fc3d1ec55285318737037c7ea9755341fac1640ec4eb5e30ab702	118799	2026-08-01T06:01:59Z
ablation_0801_toodoc_hardneg_full_c2kv_hybrid_fused.parts/full_r1.log	3c08ef69d9c8d6b18dd64230c8999ad091bf443cd0a94be254e2cd0c3161e795	12815	2026-08-01T06:01:59Z
ablation_0801_toodoc_hardneg_full_c2kv_hybrid_fused.parts/full_r1.summary.json	bd279c714bd4fe5ef16c526b7b157f72380b0d3082c9456ee1d4da3d670ee65f	3765	2026-08-01T06:01:59Z
ablation_0801_toodoc_hardneg_full_c2kv_hybrid_fused.parts/hybrid_r4.jsonl	2316805898f44a43c710e0f1818428b6e3a1925c8e3145932e4941eafb954e73	195519	2026-08-01T06:12:45Z
ablation_0801_toodoc_hardneg_full_c2kv_hybrid_fused.parts/hybrid_r4.log	6940edb9976392035b53c86b315a88927176fbd28b5878d0365d4d4416504250	12629	2026-08-01T06:12:45Z
ablation_0801_toodoc_hardneg_full_c2kv_hybrid_fused.parts/hybrid_r4.summary.json	c9155cc674a3f42a4d4e6edfb8ba787272fd5a32aa4ecc25cc628c9204dd6549	3885	2026-08-01T06:12:45Z
ablation_0801_toodoc_hardneg_full_c2kv_hybrid_fused.summary.json	cb94113ac0aa389926bcc1b8f10a9ad1ec5d6330bc49f99d3d717e577d99bc68	24133	2026-08-01T06:12:51Z
ablation_0801_toodoc_hardneg_pertool_full_c2kv_hybrid_fused.jsonl	f3cf3328888c8e22c30c9044dd5280dce5e2bb4c72b937a07a91173b35fda66e	418365	2026-08-01T13:49:57Z
ablation_0801_toodoc_hardneg_pertool_full_c2kv_hybrid_fused.parts/c2kv_r4.jsonl	eb26b2bdc8820a59e65e43257cbe0aca8e25d37c4fe3a2aaf11d685e36cd51fd	104506	2026-08-01T13:35:55Z
ablation_0801_toodoc_hardneg_pertool_full_c2kv_hybrid_fused.parts/c2kv_r4.log	561e7a087dadec30ddb3276a6b9ba0506a29790753aaa06c42cd16c8a208a83f	12469	2026-08-01T13:35:56Z
ablation_0801_toodoc_hardneg_pertool_full_c2kv_hybrid_fused.parts/c2kv_r4.summary.json	ce494033467f070668b7745d737af8e8c99bac966933ab0f1f828658dc205d9b	3850	2026-08-01T13:35:55Z
ablation_0801_toodoc_hardneg_pertool_full_c2kv_hybrid_fused.parts/full_r1.jsonl	df17058b950bddbf30774e36dfe010830cd81fc88ae7de6c9ee21f612cef959a	118855	2026-08-01T13:37:45Z
ablation_0801_toodoc_hardneg_pertool_full_c2kv_hybrid_fused.parts/full_r1.log	d3ca3ba55d08539c5680b6c1bb3161de71a7e9c534706c35a375603499713495	12936	2026-08-01T13:37:46Z
ablation_0801_toodoc_hardneg_pertool_full_c2kv_hybrid_fused.parts/full_r1.summary.json	0ebf06e84cbf6acad26eb462d579a58f3868ff60f2bf6eedeebbc28f3189993e	3837	2026-08-01T13:37:45Z
ablation_0801_toodoc_hardneg_pertool_full_c2kv_hybrid_fused.parts/hybrid_r4.jsonl	6463c96e655aed215a742a8fc2670f20fbc6004ead3015b4ce8ab2ce44e88d4a	195004	2026-08-01T13:49:51Z
ablation_0801_toodoc_hardneg_pertool_full_c2kv_hybrid_fused.parts/hybrid_r4.log	b14e23843a15f95b42359f9e49372f78d11e71ce0b30b209755a675b6bd07476	12703	2026-08-01T13:49:51Z
ablation_0801_toodoc_hardneg_pertool_full_c2kv_hybrid_fused.parts/hybrid_r4.summary.json	ff29250196207df3d07fa953a49433dd6439be1b3a66383f06c8b113cf07dc0d	3910	2026-08-01T13:49:51Z
ablation_0801_toodoc_hardneg_pertool_full_c2kv_hybrid_fused.summary.json	0e5da06d8f976627236cd8b875ae38de936fcc4c2d63efa40320ce29a3cfff27	24028	2026-08-01T13:49:57Z
ablation_0802_toodoc_hardneg_pertool_full_c2kv_hybrid_eager.jsonl	07fe1b73fe8cfb3105749b7227b26762971ec272742b73547af5029044153908	423177	2026-08-01T16:58:22Z
ablation_0802_toodoc_hardneg_pertool_full_c2kv_hybrid_eager.parts/c2kv_r4.jsonl	5e209ae5bf9013ea0b7750d02ce32178ecc4673e4e6739cb7313f6fb58f08e3f	115488	2026-08-01T16:37:59Z
ablation_0802_toodoc_hardneg_pertool_full_c2kv_hybrid_eager.parts/c2kv_r4.log	f2579d5fa091a8e50fdd1914f0535e93d80bc1b4543065d122aa0aa9882f4cc5	12571	2026-08-01T16:37:59Z
ablation_0802_toodoc_hardneg_pertool_full_c2kv_hybrid_eager.parts/c2kv_r4.summary.json	3c809a81c2d5a5b109550ce2cb286d4f50cf513ee9a6b8e2717631d546a8f685	3863	2026-08-01T16:37:59Z
ablation_0802_toodoc_hardneg_pertool_full_c2kv_hybrid_eager.parts/full_r1.jsonl	d2bc20dfe2c4cded9ece5acbecfa475050216952de9eb541c8ed471ad1dfdc2f	111441	2026-08-01T16:29:10Z
ablation_0802_toodoc_hardneg_pertool_full_c2kv_hybrid_eager.parts/full_r1.log	5a5749e801655a85746e92646639ab0ac158391473a93f47bc2be0b5c39f2064	11605	2026-08-01T16:29:10Z
ablation_0802_toodoc_hardneg_pertool_full_c2kv_hybrid_eager.parts/full_r1.summary.json	61a6d7465042c26f96875dfda5901654dfbe695ebf7ef1b1ccb55cc17ee4317e	3834	2026-08-01T16:29:10Z
ablation_0802_toodoc_hardneg_pertool_full_c2kv_hybrid_eager.parts/hybrid_r4.jsonl	6f4f3873979b8d5a4ac2f9397da10aa494fc4783ebb908151f1397a72124b678	196248	2026-08-01T16:58:15Z
ablation_0802_toodoc_hardneg_pertool_full_c2kv_hybrid_eager.parts/hybrid_r4.log	e0ed9220af4813658136b704ee745d5da7ddce27795d25fa2671762afbafe339	12811	2026-08-01T16:58:16Z
ablation_0802_toodoc_hardneg_pertool_full_c2kv_hybrid_eager.parts/hybrid_r4.summary.json	139d5ed6ca61548ec3b2f22e60d00ba08b9fbbfc42971a7f9aa93a01495559a8	3929	2026-08-01T16:58:16Z
ablation_0802_toodoc_hardneg_pertool_full_c2kv_hybrid_eager.summary.json	a709f243cca171bcc6f62cea498e73055cea670cc2b24e43155244a5f17460d0	24086	2026-08-01T16:58:22Z
ablation_0803_full_c2kv_lex_att_fullkv_rerank_common.jsonl	1520cb35e51b421520f897a368bc2ea9a724cd42292ade32a32b4f1cc579fff1	1470895	2026-08-02T10:32:03Z
ablation_0803_full_c2kv_lex_att_fullkv_rerank_common.runs/att_fullkv_hybrid.jsonl	84f958a8a8222179c14f1cd35087b58dd5de2cf7138f6f27396de450bce70f8e	270995	2026-08-02T10:32:03Z
ablation_0803_full_c2kv_lex_att_fullkv_rerank_common.runs/att_fullkv_hybrid.log	0b49be8daeb55c51da355fea89f549c59a0400569471a537fa75ff7cfa2d0540	3786	2026-08-02T10:32:03Z
ablation_0803_full_c2kv_lex_att_fullkv_rerank_common.runs/att_fullkv_hybrid.parts/hybrid_hybrid_attention_3_r4.jsonl	84f958a8a8222179c14f1cd35087b58dd5de2cf7138f6f27396de450bce70f8e	270995	2026-08-02T10:31:58Z
ablation_0803_full_c2kv_lex_att_fullkv_rerank_common.runs/att_fullkv_hybrid.parts/hybrid_hybrid_attention_3_r4.log	e3bbc3144dffd3247808020d745391fb84d7d07fa5d46f2c7bc79966ca184e0a	11625	2026-08-02T10:31:58Z
ablation_0803_full_c2kv_lex_att_fullkv_rerank_common.runs/att_fullkv_hybrid.parts/hybrid_hybrid_attention_3_r4.summary.json	f3ad9822cd54cb4af93788de678a38637b110ae2eebb851e2d5273095832b54f	1755	2026-08-02T10:31:58Z
ablation_0803_full_c2kv_lex_att_fullkv_rerank_common.runs/att_fullkv_hybrid.summary.json	8ed8f5477361270636bcb5412b78e1e4507508fdb3f00a0f3b374d53932aa342	2677	2026-08-02T10:32:03Z
ablation_0803_full_c2kv_lex_att_fullkv_rerank_common.runs/att_hybrid.jsonl	f4d1d86df214a40f0ecfadb29792eaecf80c3f9bf5c835df99b69e07fac2cd19	270633	2026-08-02T09:58:29Z
ablation_0803_full_c2kv_lex_att_fullkv_rerank_common.runs/att_hybrid.log	abd283a3a9edb16404de63e32d697112179b9ecf53688f87b27afad637b9ff97	3743	2026-08-02T09:58:29Z
ablation_0803_full_c2kv_lex_att_fullkv_rerank_common.runs/att_hybrid.parts/hybrid_hybrid_attention_3_r4.jsonl	f4d1d86df214a40f0ecfadb29792eaecf80c3f9bf5c835df99b69e07fac2cd19	270633	2026-08-02T09:58:23Z
ablation_0803_full_c2kv_lex_att_fullkv_rerank_common.runs/att_hybrid.parts/hybrid_hybrid_attention_3_r4.log	96087b28354a4fb826a809ba6a2e613a9aa57d92655c0a4a8684bf407f88586a	11594	2026-08-02T09:58:23Z
ablation_0803_full_c2kv_lex_att_fullkv_rerank_common.runs/att_hybrid.parts/hybrid_hybrid_attention_3_r4.summary.json	a02898bfa240b3d64a43f4131d6be114febe671837b085ef8f33b3344e10ac30	1746	2026-08-02T09:58:23Z
ablation_0803_full_c2kv_lex_att_fullkv_rerank_common.runs/att_hybrid.summary.json	82ef193c56f05dd565561c08304c159d2a181307cc96bdb4352e60abf70c8b1e	2648	2026-08-02T09:58:29Z
ablation_0803_full_c2kv_lex_att_fullkv_rerank_common.runs/c2kv_hybrid.jsonl	6166f07f3851cda7d924d0b0f01fefa4b8902f3a8deeedd3b09dfd3ecea67a9e	268430	2026-08-02T09:49:24Z
ablation_0803_full_c2kv_lex_att_fullkv_rerank_common.runs/c2kv_hybrid.log	96b04e600ab5cb5cb0d30cc84fdc4a37eaaaa48eddc346475ea509dfc0534bc5	3762	2026-08-02T09:49:24Z
ablation_0803_full_c2kv_lex_att_fullkv_rerank_common.runs/c2kv_hybrid.parts/hybrid_hybrid_lexical_3_r4.jsonl	6166f07f3851cda7d924d0b0f01fefa4b8902f3a8deeedd3b09dfd3ecea67a9e	268430	2026-08-02T09:49:17Z
ablation_0803_full_c2kv_lex_att_fullkv_rerank_common.runs/c2kv_hybrid.parts/hybrid_hybrid_lexical_3_r4.log	a4fc3b7b34a257a1a588d55c29aa95aadff62400ee26ba1954609bc55d610bfe	11573	2026-08-02T09:49:17Z
ablation_0803_full_c2kv_lex_att_fullkv_rerank_common.runs/c2kv_hybrid.parts/hybrid_hybrid_lexical_3_r4.summary.json	dfee05905732bfcc0b3142ee88b9060808e836b6d6a426aa7090fa7c52d2d2d7	1723	2026-08-02T09:49:17Z
ablation_0803_full_c2kv_lex_att_fullkv_rerank_common.runs/c2kv_hybrid.summary.json	a6c5f3a02f8595bfe91d3e055c7a970ca1b439de6cccc5a7fe02351d727e34a1	2671	2026-08-02T09:49:24Z
ablation_0803_full_c2kv_lex_att_fullkv_rerank_common.runs/full_c2kv.jsonl	bce58aeffb0b0ec4d51262f0c775816b6ad433a92ad6c68a8b0ccf19aeb47dab	223731	2026-08-02T09:49:06Z
ablation_0803_full_c2kv_lex_att_fullkv_rerank_common.runs/full_c2kv.log	c7139288ff4df943836c82f55d466d0b0903b0ab3993897d689827031294a298	28687	2026-08-02T09:49:06Z
ablation_0803_full_c2kv_lex_att_fullkv_rerank_common.runs/full_c2kv.parts/c2kv_r4.jsonl	f087c364353a5ca969824e4271357b7687a2b7e660a22fa8ef162010e4d01f1c	112284	2026-08-02T09:48:58Z
ablation_0803_full_c2kv_lex_att_fullkv_rerank_common.runs/full_c2kv.parts/c2kv_r4.log	4915a3941049be5f21cdcf9b65a8a20c792cf052bfe1d52da51fe4af44fe8980	12653	2026-08-02T09:48:58Z
ablation_0803_full_c2kv_lex_att_fullkv_rerank_common.runs/full_c2kv.parts/c2kv_r4.summary.json	a276837c949d0d636fa43e712a2c29257514c3172e1eb9a9784408e1115a53a0	3820	2026-08-02T09:48:58Z
ablation_0803_full_c2kv_lex_att_fullkv_rerank_common.runs/full_c2kv.parts/full_r1.jsonl	b9c9f4e3c6131f1077ff222389d49daf8cc2ab8f4a0a309a527c1a1a02a0c059	111447	2026-08-02T09:46:35Z
ablation_0803_full_c2kv_lex_att_fullkv_rerank_common.runs/full_c2kv.parts/full_r1.log	5afc6236d0c270ce94c19344f0fb82e72a77a7e3ee92deff241b616f9524d23c	11756	2026-08-02T09:46:35Z
ablation_0803_full_c2kv_lex_att_fullkv_rerank_common.runs/full_c2kv.parts/full_r1.summary.json	1892c9ac085042e369ee34ab6fa8058ac9d71a0985ccc00a2516df78b1142797	3777	2026-08-02T09:46:35Z
ablation_0803_full_c2kv_lex_att_fullkv_rerank_common.runs/full_c2kv.summary.json	f96e8fcd292e0fc1e655168eea9fa91260501f93d18c01ff8a292b87ea8ac277	19938	2026-08-02T09:49:06Z
ablation_0803_full_c2kv_lex_att_fullkv_rerank_common.runs/hybrid_fullkv_att_rerank.jsonl	95650813fc7fdd650e09f62b8da47566ef74a697ea27ed5f0075e0b142872b5f	437106	2026-08-02T10:31:45Z
ablation_0803_full_c2kv_lex_att_fullkv_rerank_common.runs/hybrid_fullkv_att_rerank.log	eccdb99bf7f66cf7f2d8fd6a9b0709da912aadda2802fcd2d3784182fdd9551b	3820	2026-08-02T10:31:45Z
ablation_0803_full_c2kv_lex_att_fullkv_rerank_common.runs/hybrid_fullkv_att_rerank.parts/hybrid_hybrid_att_rerank_3_r4.jsonl	95650813fc7fdd650e09f62b8da47566ef74a697ea27ed5f0075e0b142872b5f	437106	2026-08-02T10:31:38Z
ablation_0803_full_c2kv_lex_att_fullkv_rerank_common.runs/hybrid_fullkv_att_rerank.parts/hybrid_hybrid_att_rerank_3_r4.log	07adc7113df49c7eb92d7dcfaef719ce568d43a912abfcc5d0f77a90e84fb8f2	11641	2026-08-02T10:31:38Z
ablation_0803_full_c2kv_lex_att_fullkv_rerank_common.runs/hybrid_fullkv_att_rerank.parts/hybrid_hybrid_att_rerank_3_r4.summary.json	fd795f5ccadd984eb930eb8ce977631c84f5475163333ef2075ab394cd554d2c	1759	2026-08-02T10:31:38Z
ablation_0803_full_c2kv_lex_att_fullkv_rerank_common.runs/hybrid_fullkv_att_rerank.summary.json	a05c432558b370b469b3be307384b771da70c3df9d0cf9f5f373fe055a22541c	2694	2026-08-02T10:31:45Z
ablation_0803_full_c2kv_lex_att_fullkv_rerank_common.summary.json	9011321747fa0eb0a18268a5cc5d69fee1427a0dc7933084cb112acb6d86de39	29127	2026-08-02T11:10:15Z
ablation_0803_full_c2kv_lex_att_fullkv_rerank_minheads30_common.jsonl	6a27485f1febc86445976b632733d3968c50ccda87cb32031f6d52a3372c84d6	1485250	2026-08-02T15:00:36Z
ablation_0803_full_c2kv_lex_att_fullkv_rerank_minheads30_common.runs/att_fullkv_hybrid.jsonl	4c460e18c994717298117d4b676af7f49a97fc29af868c1087f3e23405043602	274625	2026-08-02T14:59:07Z
ablation_0803_full_c2kv_lex_att_fullkv_rerank_minheads30_common.runs/att_fullkv_hybrid.log	1c6e528e0b3d12e345d9e7ee2ac2dd145d25746aa9870a8e8a39cb585849287f	3896	2026-08-02T14:59:07Z
ablation_0803_full_c2kv_lex_att_fullkv_rerank_minheads30_common.runs/att_fullkv_hybrid.parts/hybrid_hybrid_attention_3_r4.jsonl	4c460e18c994717298117d4b676af7f49a97fc29af868c1087f3e23405043602	274625	2026-08-02T14:58:59Z
ablation_0803_full_c2kv_lex_att_fullkv_rerank_minheads30_common.runs/att_fullkv_hybrid.parts/hybrid_hybrid_attention_3_r4.log	72ffc312591482369d46b21648c0e0bb33c5a8fd4fbb8afb08c8190c93353d62	11733	2026-08-02T14:59:00Z
ablation_0803_full_c2kv_lex_att_fullkv_rerank_minheads30_common.runs/att_fullkv_hybrid.parts/hybrid_hybrid_attention_3_r4.summary.json	5e4f2c9090c5a4275f2c2f49a97dd07d4f7320952cc1f90d76c4a873e319e20b	1845	2026-08-02T14:58:59Z
ablation_0803_full_c2kv_lex_att_fullkv_rerank_minheads30_common.runs/att_fullkv_hybrid.summary.json	b08b26c0cccd16c0fa53d897a3cdc257f3539231f9e75f39777c4fb015e1917d	2764	2026-08-02T14:59:07Z
ablation_0803_full_c2kv_lex_att_fullkv_rerank_minheads30_common.runs/att_hybrid.jsonl	5f1785546cdc8219a1545f813af10873c2ac144aed3eddb6d2be5b1d5c262dfd	274304	2026-08-02T14:26:05Z
ablation_0803_full_c2kv_lex_att_fullkv_rerank_minheads30_common.runs/att_hybrid.log	8b8c65900eb8dbea8f057331c15970dee02ce1487cd221a5cdac74053e93c30b	3859	2026-08-02T14:26:05Z
ablation_0803_full_c2kv_lex_att_fullkv_rerank_minheads30_common.runs/att_hybrid.parts/hybrid_hybrid_attention_3_r4.jsonl	5f1785546cdc8219a1545f813af10873c2ac144aed3eddb6d2be5b1d5c262dfd	274304	2026-08-02T14:25:58Z
ablation_0803_full_c2kv_lex_att_fullkv_rerank_minheads30_common.runs/att_hybrid.parts/hybrid_hybrid_attention_3_r4.log	8b5a8de945a8319572da5d2b75c72d15cdb8166f1eb989101e601aaf2b577300	11718	2026-08-02T14:25:58Z
ablation_0803_full_c2kv_lex_att_fullkv_rerank_minheads30_common.runs/att_hybrid.parts/hybrid_hybrid_attention_3_r4.summary.json	4ef59733e18f8f33f3e5f5ec6e307fa6e97895aef39740a47fb0452739f0db3e	1838	2026-08-02T14:25:58Z
ablation_0803_full_c2kv_lex_att_fullkv_rerank_minheads30_common.runs/att_hybrid.summary.json	409828d7793e367075504ccf63122e5fe6e2ae5f8518d9b1255b7bb04cb8b24a	2741	2026-08-02T14:26:05Z
ablation_0803_full_c2kv_lex_att_fullkv_rerank_minheads30_common.runs/c2kv_hybrid.jsonl	339fba5e84791ce29ac5eadfb199b8e8599c6fbd3db165172c458b2109c1d5bf	272064	2026-08-02T14:16:04Z
ablation_0803_full_c2kv_lex_att_fullkv_rerank_minheads30_common.runs/c2kv_hybrid.log	74ba0d94ba2adf59e4f7ee51d1ab60a299adff777bce6fd802a82753922cd006	3874	2026-08-02T14:16:04Z
ablation_0803_full_c2kv_lex_att_fullkv_rerank_minheads30_common.runs/c2kv_hybrid.parts/hybrid_hybrid_lexical_3_r4.jsonl	339fba5e84791ce29ac5eadfb199b8e8599c6fbd3db165172c458b2109c1d5bf	272064	2026-08-02T14:15:58Z
ablation_0803_full_c2kv_lex_att_fullkv_rerank_minheads30_common.runs/c2kv_hybrid.parts/hybrid_hybrid_lexical_3_r4.log	55263f02db1f2aef06bc3046ef5c14254c9086c5065b70501bbb05c76eddb015	11684	2026-08-02T14:15:59Z
ablation_0803_full_c2kv_lex_att_fullkv_rerank_minheads30_common.runs/c2kv_hybrid.parts/hybrid_hybrid_lexical_3_r4.summary.json	fe8f953b2f77c6a667611d66c5c1a1790398220e474b5bb08a1a011bebb444d6	1812	2026-08-02T14:15:58Z
ablation_0803_full_c2kv_lex_att_fullkv_rerank_minheads30_common.runs/c2kv_hybrid.summary.json	e9e1930673e5691485761e66c424f7d1040802a8ea271e94014ca206d6c9e865	2760	2026-08-02T14:16:04Z
ablation_0803_full_c2kv_lex_att_fullkv_rerank_minheads30_common.runs/full_c2kv.jsonl	bcb1d75da838b00b122821b992bac0178328ade5dc01c8b2172a6ed32af180e9	223694	2026-08-02T14:16:17Z
ablation_0803_full_c2kv_lex_att_fullkv_rerank_minheads30_common.runs/full_c2kv.log	8dc75f867b1eecd28cc643a8d918d454c1e92fe08d82e47e42fa968e9a8b6d45	28795	2026-08-02T14:16:17Z
ablation_0803_full_c2kv_lex_att_fullkv_rerank_minheads30_common.runs/full_c2kv.parts/c2kv_r4.jsonl	bd425155d8e8b929bf7dd03103b1da9e5043a9064ebaf238f900ce8ff17729b9	112264	2026-08-02T14:16:10Z
ablation_0803_full_c2kv_lex_att_fullkv_rerank_minheads30_common.runs/full_c2kv.parts/c2kv_r4.log	a44f6dd60ed1c52657a8e5331431b8b40faea737df51ae948672eebe04c3fe5e	12680	2026-08-02T14:16:11Z
ablation_0803_full_c2kv_lex_att_fullkv_rerank_minheads30_common.runs/full_c2kv.parts/c2kv_r4.summary.json	c735d3d0cad12b16713b6754037c791a03e121f81e5eec63623b5d8c03e484a7	3823	2026-08-02T14:16:10Z
ablation_0803_full_c2kv_lex_att_fullkv_rerank_minheads30_common.runs/full_c2kv.parts/full_r1.jsonl	7cffaa30b8e3ba2fd974348a393e23eb9f0f4c2c4e249623cf3b77a1922361f7	111430	2026-08-02T14:13:44Z
ablation_0803_full_c2kv_lex_att_fullkv_rerank_minheads30_common.runs/full_c2kv.parts/full_r1.log	0e0ed7d6aa2f1c8e84ae0c0da4f98462ee9c3a8b0431537467b0f7fc3cecdf49	11704	2026-08-02T14:13:44Z
ablation_0803_full_c2kv_lex_att_fullkv_rerank_minheads30_common.runs/full_c2kv.parts/full_r1.summary.json	d38783de700a3b13c65d11a05fa2b19e595087f2109dcc184924100027164181	3777	2026-08-02T14:13:44Z
ablation_0803_full_c2kv_lex_att_fullkv_rerank_minheads30_common.runs/full_c2kv.summary.json	896e7d5940a86a8acc18bc645aabba8fb49a287016a3cc47881a1d9c3fb16dee	19988	2026-08-02T14:16:17Z
ablation_0803_full_c2kv_lex_att_fullkv_rerank_minheads30_common.runs/hybrid_fullkv_att_rerank.jsonl	0ff0c994d11cb4afcb5cf8a33005f18d6aead1a046622319e3196b799bb17f93	440563	2026-08-02T15:00:36Z
ablation_0803_full_c2kv_lex_att_fullkv_rerank_minheads30_common.runs/hybrid_fullkv_att_rerank.log	4cc94785e464b1b2d3e89319db2171a217a5b2e4ad37d502b46f3fa7a3f5b1df	3852	2026-08-02T15:00:36Z
ablation_0803_full_c2kv_lex_att_fullkv_rerank_minheads30_common.runs/hybrid_fullkv_att_rerank.parts/hybrid_hybrid_att_rerank_3_r4.jsonl	0ff0c994d11cb4afcb5cf8a33005f18d6aead1a046622319e3196b799bb17f93	440563	2026-08-02T15:00:30Z
ablation_0803_full_c2kv_lex_att_fullkv_rerank_minheads30_common.runs/hybrid_fullkv_att_rerank.parts/hybrid_hybrid_att_rerank_3_r4.log	3cb099c70f6c176c2fcff3b87a36b6e5b4aee0572e2eda76443c9b598df22d74	11717	2026-08-02T15:00:30Z
ablation_0803_full_c2kv_lex_att_fullkv_rerank_minheads30_common.runs/hybrid_fullkv_att_rerank.parts/hybrid_hybrid_att_rerank_3_r4.summary.json	a2ad26dce531d00023c79ddee07640b26aed6854024e73ddeb8c9b4b014d32a7	1819	2026-08-02T15:00:30Z
ablation_0803_full_c2kv_lex_att_fullkv_rerank_minheads30_common.runs/hybrid_fullkv_att_rerank.summary.json	50a862f860251e09252ce04aec1963ae9bd118fad1c7bdc86e96f8a1357534d8	2703	2026-08-02T15:00:36Z
ablation_0803_full_c2kv_lex_att_fullkv_rerank_minheads30_common.summary.json	cb05d8fff85c0bb874a9f6a6d1da394d1bf122755117be93c1d0773e7b1c4a6b	36963	2026-08-02T15:00:36Z
ablation_0803_history_full_c2kv_att_rerank_minheads30.jsonl	2873fd1be7fbfca41850c7042ef52f3fab4291ca7195e5147e36b960f0cfd76a	7941299	2026-08-04T16:02:55Z
ablation_0803_history_full_c2kv_att_rerank_minheads30.parts/att_fullkv_hybrid_r4.jsonl	9fe0c2e874bb067631431a8c1fb69a5bce224317cc3dedca3cfa79d965d12913	1324600	2026-08-04T15:54:05Z
ablation_0803_history_full_c2kv_att_rerank_minheads30.parts/att_fullkv_hybrid_r4.log	9c897a90b89fb4efc13c17eaf30ec263f5cb31375b719f9353c0cbf0dbfa8534	59668	2026-08-04T15:54:05Z
ablation_0803_history_full_c2kv_att_rerank_minheads30.parts/att_fullkv_hybrid_r4.summary.json	2cffe70c825d567acaae1aff2a238bd61ffbe75c8f67a9281c645a7840a8a43b	2577	2026-08-04T15:54:05Z
ablation_0803_history_full_c2kv_att_rerank_minheads30.parts/att_hybrid_r4.jsonl	6be9cd8fac08799debbf0315e6de8b606a35c202c78d05364c0493363eeab220	1315197	2026-08-04T11:25:10Z
ablation_0803_history_full_c2kv_att_rerank_minheads30.parts/att_hybrid_r4.log	e945f63a23c4b4324cbb1994595992ba4bd151123f8b32dcb9f5405a808e444c	55493	2026-08-04T11:25:10Z
ablation_0803_history_full_c2kv_att_rerank_minheads30.parts/att_hybrid_r4.summary.json	50fe6f4745a1e9018ad157d366294edf49d08d28245a44c8ce4bca2d907098b9	2562	2026-08-04T11:25:10Z
ablation_0803_history_full_c2kv_att_rerank_minheads30.parts/c2kv_hybrid_r4.jsonl	e984aa1694035e1d88fdae5fd70596f5875ad22da610c72905d031b9a536c192	1117132	2026-08-04T08:59:14Z
ablation_0803_history_full_c2kv_att_rerank_minheads30.parts/c2kv_hybrid_r4.log	d285289a0ea88859e7103333e1041f81b2811fd8a282ab2247c53f580d440e09	55799	2026-08-04T08:59:15Z
ablation_0803_history_full_c2kv_att_rerank_minheads30.parts/c2kv_hybrid_r4.summary.json	06777b652d06937d6d10f3004c3d55970de4fd653d58c2c2ce1c96c6a78fa512	2563	2026-08-04T08:59:14Z
ablation_0803_history_full_c2kv_att_rerank_minheads30.parts/c2kv_r4.jsonl	ab93f45b5be18261e58f2224d34c31b1907a118902db5212b966163b24998ef9	1050737	2026-08-04T09:42:47Z
ablation_0803_history_full_c2kv_att_rerank_minheads30.parts/c2kv_r4.log	4311c4e6756ece89a9128ea6075256f3ba525d779f616152e6fffc02cd67a8e6	51284	2026-08-04T09:42:47Z
ablation_0803_history_full_c2kv_att_rerank_minheads30.parts/c2kv_r4.summary.json	cfb2b06da49579914f33433b1470413491b26c89ad258fbfe5fb7cdba9a8029a	2541	2026-08-04T09:42:47Z
ablation_0803_history_full_c2kv_att_rerank_minheads30.parts/full_r1.jsonl	605088c4c8e09c0fda60ec84202dbc9708dd2d3949bcbe90fb0e3c93b3e3a978	962811	2026-08-04T07:36:07Z
ablation_0803_history_full_c2kv_att_rerank_minheads30.parts/full_r1.log	9625f60e8d437b2a842c1631da3a33251de03d28e94bd7b24bb14428a390871a	51174	2026-08-04T07:36:07Z
ablation_0803_history_full_c2kv_att_rerank_minheads30.parts/full_r1.summary.json	0d6c57170f4c6d1e7c933ee1ceffe1a3fa98abf66ec5603aa03ade55ecf53914	2548	2026-08-04T07:36:07Z
ablation_0803_history_full_c2kv_att_rerank_minheads30.parts/hybrid_fullkv_att_rerank_r4.jsonl	775a9c622574634419384f1a1a85184f9d5f618f4956e7fe47c85be834bd72e5	2170822	2026-08-04T16:02:50Z
ablation_0803_history_full_c2kv_att_rerank_minheads30.parts/hybrid_fullkv_att_rerank_r4.log	2cff718c322cf336d0c7d01561f5a105b247f51a4f336de04e0c8b1449d117fc	64133	2026-08-04T16:02:50Z
ablation_0803_history_full_c2kv_att_rerank_minheads30.parts/hybrid_fullkv_att_rerank_r4.summary.json	9a5e6914ee7cb8454b68058d7b7032e56626f5b66754599acf64eba1cd34fa15	2585	2026-08-04T16:02:50Z
ablation_0803_history_full_c2kv_att_rerank_minheads30.summary.json	837f3754767c7f4accfc02db67d320bc54b3f30b86ef6afa26893ad09d34adae	96530	2026-08-04T16:02:55Z
ablation_0803_history_turn_position_recent15.jsonl	e52a56a5e0c12fe49d0d9cd9ac4557f2f6076ce573e6a78f7b95c3bb88de0bad	7069593	2026-08-03T17:36:25Z
ablation_0803_history_turn_position_recent15.parts/all_c2kv_r4.jsonl	f3712580587b2d6e294d0aada3d0fbb0e3332c2974137ed7feb77ebe290cd95f	439473	2026-08-03T14:27:12Z
ablation_0803_history_turn_position_recent15.parts/all_c2kv_r4.log	e96ab5cd9fab14538692239e0ed8b1ed5ea3a98b6a2b9b5349f89b52be6f3608	56508	2026-08-03T14:27:12Z
ablation_0803_history_turn_position_recent15.parts/all_c2kv_r4.summary.json	649db544b45688bc5842a837dd5d944d2369697d9fef3ce1e8f90a3c81e45df8	2484	2026-08-03T14:27:12Z
ablation_0803_history_turn_position_recent15.parts/all_full_r1.jsonl	4bb5a72e40b079605511d53b4f260d49c3a124c0ddfac1ae0626215f3b118826	337213	2026-08-03T14:21:09Z
ablation_0803_history_turn_position_recent15.parts/all_full_r1.log	2b9a51c1495fa278a2060db13feafd5319d311debb71cfc85934b78c0db9bbdf	61357	2026-08-03T14:21:10Z
ablation_0803_history_turn_position_recent15.parts/all_full_r1.summary.json	1248a2dd4f1745eed9060e2bfcaff664f77038c79a383b84e90dca13e57ae7df	2490	2026-08-03T14:21:09Z
ablation_0803_history_turn_position_recent15.parts/recent2_full_rest_c2kv_r4.jsonl	317942fad4b985252c9819d2223701ff771375c974b3f452c4722a25fc888b3f	447812	2026-08-03T14:28:16Z
ablation_0803_history_turn_position_recent15.parts/recent2_full_rest_c2kv_r4.log	17d68d451db21cd73443947f6bfb5889012f632015841bfe2297151f6dcc8453	66540	2026-08-03T14:28:17Z
ablation_0803_history_turn_position_recent15.parts/recent2_full_rest_c2kv_r4.summary.json	0d85254e126c69be72c199f5138363150373d0a24880f11006d4336504d6c5d4	2534	2026-08-03T14:28:16Z
ablation_0803_history_turn_position_recent15.parts/turn10_full_rest_c2kv_r4.jsonl	9f3caf302ccd20e88882cd4471b58a11e4a9bf52b428ce53644e432d46844442	449745	2026-08-03T17:33:47Z
ablation_0803_history_turn_position_recent15.parts/turn10_full_rest_c2kv_r4.log	bf5a3096ad9688eb52e66d1cc17376133c4b46e00fa150095172246ba0ed046a	65909	2026-08-03T17:33:47Z
ablation_0803_history_turn_position_recent15.parts/turn10_full_rest_c2kv_r4.summary.json	4b96e5500be4eefb5eebd2e21ada9da63303d2b220e5e69cd5f71dfd82018b12	2587	2026-08-03T17:33:47Z
ablation_0803_history_turn_position_recent15.parts/turn11_full_rest_c2kv_r4.jsonl	e7d99abe6a758d8346a5e830f4806a1ba54dc5f1237fae5b0f691cdcb02feca3	452492	2026-08-03T17:36:18Z
ablation_0803_history_turn_position_recent15.parts/turn11_full_rest_c2kv_r4.log	19e7daaa5a8c1fb5afe1471f638de7af53aa7f55178b0eb4b72454b2d7d2a7ce	65923	2026-08-03T17:36:18Z
ablation_0803_history_turn_position_recent15.parts/turn11_full_rest_c2kv_r4.summary.json	34f3915d91c3af0eafdd0ad73b9cbd72b42b0a394f4b2bc4510d0cb8cf3e875e	2555	2026-08-03T17:36:18Z
ablation_0803_history_turn_position_recent15.parts/turn12_full_rest_c2kv_r4.jsonl	1c3c8b8d9787d201373fbc39b8a94710c21fa9e640df4e608502bdb09da1e6df	451466	2026-08-03T17:34:58Z
ablation_0803_history_turn_position_recent15.parts/turn12_full_rest_c2kv_r4.log	125a8902863d7d9cd9303a84142977e35a739f7c8dafc5f3b45c383c57590f58	65897	2026-08-03T17:34:59Z
ablation_0803_history_turn_position_recent15.parts/turn12_full_rest_c2kv_r4.summary.json	3f018506a0e3fb2dbc001077a7492b968c0e9f4f26cf4df809e877d2bedd1abb	2569	2026-08-03T17:34:58Z
ablation_0803_history_turn_position_recent15.parts/turn13_full_rest_c2kv_r4.jsonl	076b7a91adedc6a2a941471b0f9d25318824d4a39771b67a85941d31f255c968	448203	2026-08-03T17:34:06Z
ablation_0803_history_turn_position_recent15.parts/turn13_full_rest_c2kv_r4.log	8073548f2ae204d44cf47b891e5f32480d233cf1cf322e01d3dc23b20325fe1c	65899	2026-08-03T17:34:06Z
ablation_0803_history_turn_position_recent15.parts/turn13_full_rest_c2kv_r4.summary.json	6d5e53413dde360dab409fbbcfee7d0ea9034d1e851d4afac9fa76c61d070347	2569	2026-08-03T17:34:06Z
ablation_0803_history_turn_position_recent15.parts/turn1_full_rest_c2kv_r4.jsonl	9efa92a2f7ffb4207cae87e03515125bc39561b53c49eefebb4ae7c5eec80938	451852	2026-08-03T14:34:33Z
ablation_0803_history_turn_position_recent15.parts/turn1_full_rest_c2kv_r4.log	2a0d2226d9598f4c8cf39499aaf88198fab33261fec4cc7a1abf665a7172046f	65262	2026-08-03T14:34:33Z
ablation_0803_history_turn_position_recent15.parts/turn1_full_rest_c2kv_r4.summary.json	71d6d615ada13ef85e6924f68090de49d47bb228551a97b4b2271b0723c9d1f8	2584	2026-08-03T14:34:33Z
ablation_0803_history_turn_position_recent15.parts/turn2_full_rest_c2kv_r4.jsonl	99ac12f053c1f1775dd04a6486ba6388d06d9dd605128e54760fc2d3371f060f	448170	2026-08-03T15:33:19Z
ablation_0803_history_turn_position_recent15.parts/turn2_full_rest_c2kv_r4.log	44f57b5806a8e5c940012e95827d47f2861c4f630f8c44b8fe1d1264e1adcaf8	65189	2026-08-03T15:33:19Z
ablation_0803_history_turn_position_recent15.parts/turn2_full_rest_c2kv_r4.summary.json	a975fee6c9f07dc51b3af45b6cac95dfc318323496637ef7bbbcdde3da403021	2571	2026-08-03T15:33:19Z
ablation_0803_history_turn_position_recent15.parts/turn3_full_rest_c2kv_r4.jsonl	7927db0c94e23ef85968486ceb6578f94004e95830e4c6194d32176e4722a6e9	447552	2026-08-03T15:33:57Z
ablation_0803_history_turn_position_recent15.parts/turn3_full_rest_c2kv_r4.log	26cc7c73f005d91484bfa6947b33cc0b71198fedf1cc64c8005a217598da5566	65183	2026-08-03T15:33:57Z
ablation_0803_history_turn_position_recent15.parts/turn3_full_rest_c2kv_r4.summary.json	3ed6a73e903c036dcb6f181accb850ed8b7f2581e0678666a12dde4a8cae3a9e	2575	2026-08-03T15:33:57Z
ablation_0803_history_turn_position_recent15.parts/turn4_full_rest_c2kv_r4.jsonl	82dcfd0af386d0e54463e0615c1ecc705fecf87bca1b149eeb158f7d635ffcae	449357	2026-08-03T15:34:17Z
ablation_0803_history_turn_position_recent15.parts/turn4_full_rest_c2kv_r4.log	9d7dd275fd4a6f0410d778457c1c4df05a31e0f13009cedf3cc0ffb8df4943f7	65214	2026-08-03T15:34:17Z
ablation_0803_history_turn_position_recent15.parts/turn4_full_rest_c2kv_r4.summary.json	82c5eafd15f2297931a5e2222e99e0a682f5c52cdcb5d438bf69cd593ef864f8	2588	2026-08-03T15:34:17Z
ablation_0803_history_turn_position_recent15.parts/turn5_full_rest_c2kv_r4.jsonl	a31b1b7a951a14e7536a67a59b87bade6999dbd78fe79c6d335f1955450a4b24	449645	2026-08-03T15:34:37Z
ablation_0803_history_turn_position_recent15.parts/turn5_full_rest_c2kv_r4.log	aac438c104b8cce3577cea4e1d1cc60579c46429da67cbd6558ffc8bfbaa1359	65181	2026-08-03T15:34:37Z
ablation_0803_history_turn_position_recent15.parts/turn5_full_rest_c2kv_r4.summary.json	abb946290d6a779cc23a290f35da24df76fe25908c9fe1434a34b166f1af608f	2555	2026-08-03T15:34:37Z
ablation_0803_history_turn_position_recent15.parts/turn6_full_rest_c2kv_r4.jsonl	c5ec994f84fd4d3e507f54ee07958aee1e34c8c729ffa68006aa390bfe5bad5e	449668	2026-08-03T16:33:53Z
ablation_0803_history_turn_position_recent15.parts/turn6_full_rest_c2kv_r4.log	22c46bcbd17bfaa02d65211b4f0eab443ae150239ab6e253933d980941c5eb6c	65176	2026-08-03T16:33:53Z
ablation_0803_history_turn_position_recent15.parts/turn6_full_rest_c2kv_r4.summary.json	938b3de865468afe6d88563bda8b7aed0a743709691880cce927e5803ae0cb56	2546	2026-08-03T16:33:53Z
ablation_0803_history_turn_position_recent15.parts/turn7_full_rest_c2kv_r4.jsonl	4b8e8c0701bb911d5a7cb2e5fa773e3b13d08b44c03c4699cd0d19c7e6b457ec	447285	2026-08-03T16:35:08Z
ablation_0803_history_turn_position_recent15.parts/turn7_full_rest_c2kv_r4.log	f4b323b0db175581be36b2f18ac95783c933d4f827141f6edc17f21ae7d2c690	65200	2026-08-03T16:35:08Z
ablation_0803_history_turn_position_recent15.parts/turn7_full_rest_c2kv_r4.summary.json	706b70524e0a6e90d9e0e94006b8b31556682371795143dbd87ba347135530c9	2576	2026-08-03T16:35:08Z
ablation_0803_history_turn_position_recent15.parts/turn8_full_rest_c2kv_r4.jsonl	20cfa9460ce8bcf55b3d08480524bb897ee73515b66cfe1c8447b9a43a15fcad	449114	2026-08-03T16:34:10Z
ablation_0803_history_turn_position_recent15.parts/turn8_full_rest_c2kv_r4.log	302ebe1f412317e627edf68543b60227823e5e2f975436b1d0f5b8b013a1d9eb	65218	2026-08-03T16:34:10Z
ablation_0803_history_turn_position_recent15.parts/turn8_full_rest_c2kv_r4.summary.json	5151f967ec642c31a9b5f7811a0c33120baf6a6498903636c1ef6439ee802a34	2584	2026-08-03T16:34:10Z
ablation_0803_history_turn_position_recent15.parts/turn9_full_rest_c2kv_r4.jsonl	05ba0f5df052475212fe3791048a9327b0db26500fe35ec9be6fe7be210d98eb	450546	2026-08-03T16:34:55Z
ablation_0803_history_turn_position_recent15.parts/turn9_full_rest_c2kv_r4.log	7d7ec642d09972c8ea3d2331bcb4e534999308a8a4cad6893a272043818369c5	65202	2026-08-03T16:34:55Z
ablation_0803_history_turn_position_recent15.parts/turn9_full_rest_c2kv_r4.summary.json	45395e1d5cb9f17239fd94ffb3a1fd911fec1e38e6b006fba4b191d7dc03e54f	2572	2026-08-03T16:34:55Z
ablation_0803_history_turn_position_recent15.summary.json	9364983dea797eefee0d7aee9ccb2c0e0022b6fb3629d4c02cb2bf5b2be79142	81931	2026-08-03T17:36:26Z
ablation_0803_hybrid_fullkv_att_rerank_mean_minheads30.jsonl	ed525e96849018f0219cb77fbd9f63918594d355dd62361164e35ea14c03aaca	346638	2026-08-02T12:56:16Z
ablation_0803_hybrid_fullkv_att_rerank_mean_minheads30.summary.json	91fd762adf5e3080f7e59f0584df5103d89cdc20322a2e8ac575b8afcbd1a3fe	1731	2026-08-02T12:56:16Z
ablation_0804_history_raw_first15_full_c2kv_hybrid.jsonl	4eb6ae43fd4c6fd2d8d56044a1516b7cf25b7564db87f49ecc32025505cd75a1	998341	2026-08-04T14:36:54Z
ablation_0804_history_raw_first15_full_c2kv_hybrid.summary.json	b70d282b1f3093a53fd9a18eb07ba9b3a85cfc4fc9992b0c5b72da6c0549d706	18300	2026-08-04T14:36:54Z
ablation_0804_history_raw_first15_same_model_cap16k.jsonl	a65e9afe578a0b6fc5a576695fd2be63bbe052b996f91e6b220407d56d146b77	1003959	2026-08-04T17:52:15Z
ablation_0804_history_raw_first15_same_model_cap16k.parts/raw_first15_c2kv_r4.jsonl	c162eaed7bc608ce540160d9e2be5760882d7a62dd99968e58d1b72e0499f26a	403264	2026-08-04T16:50:54Z
ablation_0804_history_raw_first15_same_model_cap16k.parts/raw_first15_c2kv_r4.log	4e4c14cbc111b34aeb6f1eaf1802c6185be835c418a272001f81f44f5f8c6f64	61940	2026-08-04T16:50:54Z
ablation_0804_history_raw_first15_same_model_cap16k.parts/raw_first15_c2kv_r4.summary.json	b65d622560b0eb6cf626816786a0da4d2f514ed61618d82f40f068e8e87a23fc	2483	2026-08-04T16:50:54Z
ablation_0804_history_raw_first15_same_model_cap16k.parts/raw_first15_full_same_model_r1.jsonl	fc23fab489c56c5c68c9eea88b575c00e7cb06ea5f4b4e5484bdb897d3291656	172578	2026-08-04T16:10:00Z
ablation_0804_history_raw_first15_same_model_cap16k.parts/raw_first15_full_same_model_r1.log	8762ebe1d3c7a44479654fb12914a0cedcc58dc37c5c3e00e8fd44eb96bb27b8	70541	2026-08-04T16:10:00Z
ablation_0804_history_raw_first15_same_model_cap16k.parts/raw_first15_full_same_model_r1.summary.json	25ce836f97dac48173428f3bc3f5d9fb77db4df151fe1bee448b458a1af73ed8	2443	2026-08-04T16:10:00Z
ablation_0804_history_raw_first15_same_model_cap16k.parts/raw_first15_hybrid_r4.jsonl	57419b7548a74f71c36e6ac99021a0ac349da6098443c1a464dfa52eafea7c0b	428117	2026-08-04T17:52:09Z
ablation_0804_history_raw_first15_same_model_cap16k.parts/raw_first15_hybrid_r4.log	e2199f00022e156c5565cd05f3a5c7e3233405770af4555c4e2d8087a92a0615	63423	2026-08-04T17:52:09Z
ablation_0804_history_raw_first15_same_model_cap16k.parts/raw_first15_hybrid_r4.summary.json	e0d35777a82644ef2c97d2c4387a26a412dfcc848dfe6fdade77f27538691e58	2520	2026-08-04T17:52:09Z
ablation_0804_history_raw_first15_same_model_cap16k.summary.json	226400a3323bd8f59de41bb3710b30cc7d8c93571208db1bd8d7d190333a1859	20070	2026-08-04T17:52:15Z
ablation_0804_tooldef_vote_router_suite.jsonl	4289aac547ce6ed407070bdd10aca09ac0bfd387916fdef0ba303cd423c847ca	2161188	2026-08-04T17:59:26Z
ablation_0804_tooldef_vote_router_suite.runs/conservative_vote.jsonl	f2826bf34fa153834bfc34e0890073ad0d4774ef803d7c701b23909e7295f992	450735	2026-08-04T16:26:20Z
ablation_0804_tooldef_vote_router_suite.runs/conservative_vote.log	5a171560a9d21616b74880f4d94330a9ae96f94067d82b8bca18098a92e611ae	4038	2026-08-04T16:26:20Z
ablation_0804_tooldef_vote_router_suite.runs/conservative_vote.parts/hybrid_hybrid_conservative_vote_3_r4.jsonl	f2826bf34fa153834bfc34e0890073ad0d4774ef803d7c701b23909e7295f992	450735	2026-08-04T16:26:14Z
ablation_0804_tooldef_vote_router_suite.runs/conservative_vote.parts/hybrid_hybrid_conservative_vote_3_r4.log	a332dd66d3b5ad72f2109cda3c84d8500332ad155f3b1cafdcf083ccfb1a471e	12047	2026-08-04T16:26:15Z
ablation_0804_tooldef_vote_router_suite.runs/conservative_vote.parts/hybrid_hybrid_conservative_vote_3_r4.summary.json	35606ae0b95a2057aa84589682c1244100ac99d7598186f39757b0e6b68eb14b	2275	2026-08-04T16:26:14Z
ablation_0804_tooldef_vote_router_suite.runs/conservative_vote.summary.json	e5a7688728374256bcae1d724efbadbc7800f86094e007d4b82870fb04f2e098	2807	2026-08-04T16:26:20Z
ablation_0804_tooldef_vote_router_suite.runs/full_c2kv.jsonl	76a9ec644abe9bffb12281d70453c986d872499598a586aef699e99e695f7332	224606	2026-08-04T16:03:06Z
ablation_0804_tooldef_vote_router_suite.runs/full_c2kv.log	fc14d7560202d880df7dc4ac4094986f4eff250eb317695e202f9bdccade8575	29880	2026-08-04T16:03:06Z
ablation_0804_tooldef_vote_router_suite.runs/full_c2kv.parts/c2kv_r4.jsonl	2f89670747da4e26bf5fb9447bfc9beb91f2b32f5ce19544f02399085774cca7	113160	2026-08-04T16:03:00Z
ablation_0804_tooldef_vote_router_suite.runs/full_c2kv.parts/c2kv_r4.log	88f8c76871cd6641821fa2ac138ed9eb8ea8e08320e76992141079dc5b7fc38f	12669	2026-08-04T16:03:00Z
ablation_0804_tooldef_vote_router_suite.runs/full_c2kv.parts/c2kv_r4.summary.json	cbf7f6aca7e381765111dd4c25a9332a422e909850666d8989ac7fb15df0fea5	3862	2026-08-04T16:03:00Z
ablation_0804_tooldef_vote_router_suite.runs/full_c2kv.parts/full_r1.jsonl	39b6bd7f048a5c039a46473badc5b5496bbcb9816ac0eb9bd6aba3f4d7c70b8e	111446	2026-08-04T16:00:38Z
ablation_0804_tooldef_vote_router_suite.runs/full_c2kv.parts/full_r1.log	7402a451287f59bd2acf3c791ade3f79b9bc92c598911c08f03f9cc687c81eb4	11754	2026-08-04T16:00:38Z
ablation_0804_tooldef_vote_router_suite.runs/full_c2kv.parts/full_r1.summary.json	ad6da185f0a85672cb4020be67480acceedabd93c96837fa74cabd0814524776	3793	2026-08-04T16:00:38Z
ablation_0804_tooldef_vote_router_suite.runs/full_c2kv.summary.json	c13ad88b8d63a92557720d35f67080a0767017f28e42da201a5388ba42886351	21130	2026-08-04T16:03:06Z
ablation_0804_tooldef_vote_router_suite.runs/router_batch_a.jsonl	783eea28bef4bfbdb9807bde306ef169bf264a5c908ea62f494f07293f351d2c	1485847	2026-08-04T17:59:26Z
ablation_0804_tooldef_vote_router_suite.runs/router_batch_a.log	344b87e918d92114f24488fa6ab53c58d8cf3673b0f66e1808fd55818ef5226e	27959	2026-08-04T17:59:26Z
ablation_0804_tooldef_vote_router_suite.runs/router_batch_a.parts/hybrid_hybrid_lex_attention_3_r4.jsonl	01a5835a59cc45e6151968e9ef68a0d8a7df752447ad8dd0c33ed99166b7394a	299411	2026-08-04T16:41:40Z
ablation_0804_tooldef_vote_router_suite.runs/router_batch_a.parts/hybrid_hybrid_lex_attention_3_r4.log	5ab7a66e6f8fdd100444f056ed22a267e422ef2068ec75c81c415416836d3419	12006	2026-08-04T16:41:40Z
ablation_0804_tooldef_vote_router_suite.runs/router_batch_a.parts/hybrid_hybrid_lex_attention_3_r4.summary.json	b4784a44d4a829e1368beaf77d96f0060373bfa3d6b38a8ced347bb3bee2d382	2240	2026-08-04T16:41:40Z
ablation_0804_tooldef_vote_router_suite.runs/router_batch_a.parts/hybrid_hybrid_lexical_3_r4.jsonl	6875f35ead2d6d4c1b3fcd10ba8526856fbbe34dc50d8ff9c4072ca1da46660e	295119	2026-08-04T16:03:39Z
ablation_0804_tooldef_vote_router_suite.runs/router_batch_a.parts/hybrid_hybrid_lexical_3_r4.log	0f46ba02e88f99a01baab62b1a1995583a968a98fd59feb3447278a35a06dbae	11971	2026-08-04T16:03:39Z
ablation_0804_tooldef_vote_router_suite.runs/router_batch_a.parts/hybrid_hybrid_lexical_3_r4.summary.json	19f60b3b644b5c4fb49bdb6d8c34de5bb39130e3d3cecbc0327d36ab7077d61c	2223	2026-08-04T16:03:39Z
ablation_0804_tooldef_vote_router_suite.runs/router_batch_a.parts/hybrid_hybrid_stable_vote_3_r4.jsonl	c5aa3ff0a4a7fddf46bba6e9aea49f0648b12317f0b6365178f0af9addfb68b8	431470	2026-08-04T17:59:20Z
ablation_0804_tooldef_vote_router_suite.runs/router_batch_a.parts/hybrid_hybrid_stable_vote_3_r4.log	91a7be28db1b1bec531b470541c4c686d8982619d0c24be21314bff601340534	12004	2026-08-04T17:59:20Z
ablation_0804_tooldef_vote_router_suite.runs/router_batch_a.parts/hybrid_hybrid_stable_vote_3_r4.summary.json	de8475b7e6ca61a03f4b58956d9e30660c11b285587ac081f397297d72f05c52	2250	2026-08-04T17:59:20Z
ablation_0804_tooldef_vote_router_suite.runs/router_batch_a.parts/hybrid_hybrid_vote_all_3_r4.jsonl	778262cbfb2640c58f0d875a6c88d263a1ca4dfbe54e58e3cf12ae28e206be9e	459847	2026-08-04T17:20:17Z
ablation_0804_tooldef_vote_router_suite.runs/router_batch_a.parts/hybrid_hybrid_vote_all_3_r4.log	0f1b06a71b9fade67b0500a602b8d71e0f1e7c792a39284cd3528205d4c72f55	11993	2026-08-04T17:20:18Z
ablation_0804_tooldef_vote_router_suite.runs/router_batch_a.parts/hybrid_hybrid_vote_all_3_r4.summary.json	755234790a55affe51ba10b4881c5e509b11d75bf3bbdd1fce683485598b4155	2243	2026-08-04T17:20:17Z
ablation_0804_tooldef_vote_router_suite.runs/router_batch_a.summary.json	f3ec33d6c9219a7152fc002e57fb93c59e540b19255c6dec8f57b82eeacd8597	26170	2026-08-04T17:59:26Z
ablation_0804_tooldef_vote_router_suite.summary.json	274e558d0017de93b18070aa6d63a809c8fb01cd67ea8c00534780dabd2734d4	45991	2026-08-04T17:59:26Z
ablation_0805_history_raw_first8_same_model_cap16k.jsonl	aca4991d4039db9f9c0c8dcf254188096d0c76df089f697bc98d7bab8d964ea1	1533878	2026-08-05T07:33:38Z
ablation_0805_history_raw_first8_same_model_cap16k.parts/raw_first8_c2kv_r4.jsonl	27ed2897f2257ad1d70f0132d5e0d0c690c7006a660d0e0ae0e0c2e622bb540e	625155	2026-08-05T07:31:20Z
ablation_0805_history_raw_first8_same_model_cap16k.parts/raw_first8_c2kv_r4.log	6e115559e252660bbb62253d278500ce0e27db9d5dceac3d34462b5bca87ad6b	61908	2026-08-05T07:31:20Z
ablation_0805_history_raw_first8_same_model_cap16k.parts/raw_first8_c2kv_r4.summary.json	070a3faa76f11eaa2dd8d9e3b6e783a6342cefcb182f39df4e9f61fa4f2ec694	2594	2026-08-05T07:31:20Z
ablation_0805_history_raw_first8_same_model_cap16k.parts/raw_first8_full_same_model_r1.jsonl	9b04748793b7e02615602fd15fa3fe0e8f7b5100d575df1b0f966747e407ecc3	249837	2026-08-05T06:37:13Z
ablation_0805_history_raw_first8_same_model_cap16k.parts/raw_first8_full_same_model_r1.log	f378c3ecf4746d3f6099f95416b89c288b214fb0e2ba0733260f0f480b558580	69832	2026-08-05T06:37:13Z
ablation_0805_history_raw_first8_same_model_cap16k.parts/raw_first8_full_same_model_r1.summary.json	2c7b3545b836c06bb3d6c254fcac3e33985f5be15dc7ffed185b1529e9cc1184	2521	2026-08-05T06:37:13Z
ablation_0805_history_raw_first8_same_model_cap16k.parts/raw_first8_hybrid_r4.jsonl	74afb4e4d306473ef43ac7dfee1a8cf9a5faf8c375a9c87d89382ba1fe67920b	658886	2026-08-05T07:33:32Z
ablation_0805_history_raw_first8_same_model_cap16k.parts/raw_first8_hybrid_r4.log	51fb9b418cb5ac79eb0ab5a9fb89d266ddc26b5675ac71a57378143a37e946eb	63537	2026-08-05T07:33:32Z
ablation_0805_history_raw_first8_same_model_cap16k.parts/raw_first8_hybrid_r4.summary.json	6ac2e8b8d14cee8d96b6fa0730fab95d7cd934922304083bd4fcd57396f5b1a8	2601	2026-08-05T07:33:32Z
ablation_0805_history_raw_first8_same_model_cap16k.summary.json	dabf6938ead992c8b470d35d4bc9cd6ab4274f5a0d2904c2f5297cc34799717f	33611	2026-08-05T07:33:38Z
ablation_0805_history_raw_prefix8_next_full_c2kv_hybrid.jsonl	ef3ea1e07d5c8e79aebbaf8728471fdb6d661b1c59ef795dafdba2fab634fc26	17710203	2026-08-05T11:18:42Z
ablation_0805_history_raw_prefix8_next_full_c2kv_hybrid.parts/raw_prefix_next_c2kv_r4.jsonl	b8a140de0690c7b88bcfd3738bff876ac8c60ea8510800d8ede4c9e18cf61eb1	8446509	2026-08-05T11:15:58Z
ablation_0805_history_raw_prefix8_next_full_c2kv_hybrid.parts/raw_prefix_next_c2kv_r4.log	3aad5f41dad1c3dd72a5942672fecb6d129f42348fd246cc2439d845ba619385	64668	2026-08-05T11:15:59Z
ablation_0805_history_raw_prefix8_next_full_c2kv_hybrid.parts/raw_prefix_next_c2kv_r4.summary.json	810a3e643370dadd98e9b5e3cc08d0a58ba280669bfd657635f9d67146949627	2638	2026-08-05T11:15:58Z
ablation_0805_history_raw_prefix8_next_full_c2kv_hybrid.parts/raw_prefix_next_full_same_model_r1.jsonl	be9faeb11231c54d5709b1340ed839a316ccfc221c77a11f23d11bb646b8f5ec	793368	2026-08-05T10:43:32Z
ablation_0805_history_raw_prefix8_next_full_c2kv_hybrid.parts/raw_prefix_next_full_same_model_r1.log	a9d48bfbdbb05d6a2204bf7e0c7e4dbfc1d9a2bc61dbd78619810f9803983a47	73446	2026-08-05T10:43:32Z
ablation_0805_history_raw_prefix8_next_full_c2kv_hybrid.parts/raw_prefix_next_full_same_model_r1.summary.json	fa6668034c3ddd63745c41859fbf09dfcafc6951e1bda571656eef3c2c867747	2479	2026-08-05T10:43:32Z
ablation_0805_history_raw_prefix8_next_full_c2kv_hybrid.parts/raw_prefix_next_hybrid_r4.jsonl	8fa86f80845b5601eb0ab0c95347bfa4c5ae4c9e11a15bfae8c86a7691a8bf57	8470326	2026-08-05T11:18:36Z
ablation_0805_history_raw_prefix8_next_full_c2kv_hybrid.parts/raw_prefix_next_hybrid_r4.log	c97eddee8073f20e0176d753b8473bab28efddc5c85f81def707242123ce4623	66186	2026-08-05T11:18:36Z
ablation_0805_history_raw_prefix8_next_full_c2kv_hybrid.parts/raw_prefix_next_hybrid_r4.summary.json	07df8d0b4f8abd3a0b2085ceafb93854d9be78d061dfa2e3357a87ee314539d2	2661	2026-08-05T11:18:36Z
ablation_0805_history_raw_prefix8_next_full_c2kv_hybrid.summary.json	c5472366fe9404e0731dc861185cbf0f93f0175b97a0a9089b021230519deb8c	30067	2026-08-05T11:18:42Z
ablation_0805_tooldef_stable_plus_suite.jsonl	9ce97937a39ee4dc287d588dac58d0eea0361e4b284e567918f3aea5f93c43d9	3082944	2026-08-05T08:01:39Z
ablation_0805_tooldef_stable_plus_suite_rerun_04.jsonl	317d68c0fce648d94962b83a381fd93873f80228c1bb2def2db827ac2371d436	3706319	2026-08-05T14:44:52Z
ablation_0805_tooldef_stable_plus_suite_rerun_04.runs/full_c2kv.jsonl	d3a919f7c59a4c38f4e2cca13e229c15cb903bbd7d633c961fb4d6e459c817c0	224628	2026-08-05T11:32:27Z
ablation_0805_tooldef_stable_plus_suite_rerun_04.runs/full_c2kv.log	f43d6f83495edbe7efad660dd4274536151f4801fc4c0d354761afcc6e8c54dd	36728	2026-08-05T11:32:27Z
ablation_0805_tooldef_stable_plus_suite_rerun_04.runs/full_c2kv.parts/c2kv_r4.jsonl	9bedb0f5332a519eaf94c37bb6b1f5e4e7ee4129fb6c1f8b75944ce0df9d0bc2	113177	2026-08-05T11:32:22Z
ablation_0805_tooldef_stable_plus_suite_rerun_04.runs/full_c2kv.parts/c2kv_r4.log	7c3a03d173ac82761b2767840aa88ade08b6a2a563096da955758bb5a95f2fb6	12696	2026-08-05T11:32:22Z
ablation_0805_tooldef_stable_plus_suite_rerun_04.runs/full_c2kv.parts/c2kv_r4.summary.json	6468f7851cc6b8d7172c28a3e68175819f6e02e07604796934eadee5c89a8892	3863	2026-08-05T11:32:22Z
ablation_0805_tooldef_stable_plus_suite_rerun_04.runs/full_c2kv.parts/full_r1.jsonl	f68756aeb72d1d67d33830eca2042bf7a04ce8029eba8e9dba4eebef70c6d252	111451	2026-08-05T11:17:04Z
ablation_0805_tooldef_stable_plus_suite_rerun_04.runs/full_c2kv.parts/full_r1.log	81dc3d636d0c3b345269863fd7be88bb7c91ae60bb1959e11224f363ff83be30	11684	2026-08-05T11:17:04Z
ablation_0805_tooldef_stable_plus_suite_rerun_04.runs/full_c2kv.parts/full_r1.summary.json	30c33c053411362f8884bbeb8b56026ced076eac1c7f2d9f50398a261f251576	3791	2026-08-05T11:17:04Z
ablation_0805_tooldef_stable_plus_suite_rerun_04.runs/full_c2kv.summary.json	9325f3588e281b10f8407a09caffb262142b23241c3db030c06b63c7597b3ea9	27936	2026-08-05T11:32:27Z
ablation_0805_tooldef_stable_plus_suite_rerun_04.runs/stable_plus_router.jsonl	72a1dd5f474d8f5547d27101d7e2e60a0debd02583cf9c3a86f9a592b04de6e4	3481691	2026-08-05T14:44:52Z
ablation_0805_tooldef_stable_plus_suite_rerun_04.runs/stable_plus_router.log	24e6d37ea76439380d3975fa4ff7004124fe7f7b80c124c6aba60ff7aab16cb1	42192	2026-08-05T14:44:52Z
ablation_0805_tooldef_stable_plus_suite_rerun_04.runs/stable_plus_router.parts/hybrid_hybrid_lexical_3_r4.jsonl	90ddbf94306dd6b7a0e98a045e75ea69aec8ebe9c67f46a327a56785c63c84df	299939	2026-08-05T11:19:53Z
ablation_0805_tooldef_stable_plus_suite_rerun_04.runs/stable_plus_router.parts/hybrid_hybrid_lexical_3_r4.log	bdaf410e5cf83cce6fab1208c0114b41f1b6603f8756e2d01f988560dd6a3589	13798	2026-08-05T11:19:53Z
ablation_0805_tooldef_stable_plus_suite_rerun_04.runs/stable_plus_router.parts/hybrid_hybrid_lexical_3_r4.summary.json	c2c7201c7297c0737d6b7ef05d04461b7bb571b295a6dfb31bbcafebd6927af4	4024	2026-08-05T11:19:53Z
ablation_0805_tooldef_stable_plus_suite_rerun_04.runs/stable_plus_router.parts/hybrid_hybrid_lex_top3_original_order_3_r4.jsonl	e978ecc9260fdf8774284111f34f77822c51f89f34ce7fa45b5c5c5dfb9c6ca3	579968	2026-08-05T12:23:51Z
ablation_0805_tooldef_stable_plus_suite_rerun_04.runs/stable_plus_router.parts/hybrid_hybrid_lex_top3_original_order_3_r4.log	6e0b13eefb6cd72b9f6683b550c2276db2bfca4ae7bdac120ffb7738afe7993a	14137	2026-08-05T12:23:52Z
ablation_0805_tooldef_stable_plus_suite_rerun_04.runs/stable_plus_router.parts/hybrid_hybrid_lex_top3_original_order_3_r4.summary.json	e4a9ead94de32951e6872a1412e293fc5c1e58835543f4317299d4da92c20b9e	4331	2026-08-05T12:23:51Z
ablation_0805_tooldef_stable_plus_suite_rerun_04.runs/stable_plus_router.parts/hybrid_hybrid_lex_top3_plus_stable1_c2kv2_3_r4.jsonl	ee5d97734f88b72e6d5a52569a245e1786c3455c9d1c5b621b9d720a99230c89	721040	2026-08-05T13:57:46Z
ablation_0805_tooldef_stable_plus_suite_rerun_04.runs/stable_plus_router.parts/hybrid_hybrid_lex_top3_plus_stable1_c2kv2_3_r4.log	6c09014b9cacd1920a627cd078cdb74e144890babc56bd7ad287ca191b2ec3f6	14327	2026-08-05T13:57:47Z
ablation_0805_tooldef_stable_plus_suite_rerun_04.runs/stable_plus_router.parts/hybrid_hybrid_lex_top3_plus_stable1_c2kv2_3_r4.summary.json	857ba20a6ce4971d0ca690a811e4dfca50250c46f742820a47d07e520059a9a6	4515	2026-08-05T13:57:46Z
ablation_0805_tooldef_stable_plus_suite_rerun_04.runs/stable_plus_router.parts/hybrid_hybrid_lex_top3_plus_stable1_full_3_r4.jsonl	ff118cddc77e8da7a0ca89ada8de5b2d6e188421043dc9aa8dc930d9b17b47bf	720925	2026-08-05T13:09:53Z
ablation_0805_tooldef_stable_plus_suite_rerun_04.runs/stable_plus_router.parts/hybrid_hybrid_lex_top3_plus_stable1_full_3_r4.log	a52e56b05599fa5d802e0258d190ae7802911221580c07dd404dcd214c75705d	14280	2026-08-05T13:09:53Z
ablation_0805_tooldef_stable_plus_suite_rerun_04.runs/stable_plus_router.parts/hybrid_hybrid_lex_top3_plus_stable1_full_3_r4.summary.json	c4acbeb5395723da30e5cc47f533db44abf6ce2a84e785d52c3fa9c29cd4392f	4468	2026-08-05T13:09:53Z
ablation_0805_tooldef_stable_plus_suite_rerun_04.runs/stable_plus_router.parts/hybrid_hybrid_lex_top3_plus_stable1_name_desc_full_3_r4.jsonl	1866e39bd14a24fa6a90df545670f43627488b6d6f012a6f13b4592313a17dee	723465	2026-08-05T14:44:45Z
ablation_0805_tooldef_stable_plus_suite_rerun_04.runs/stable_plus_router.parts/hybrid_hybrid_lex_top3_plus_stable1_name_desc_full_3_r4.log	33dc0f5fb4bde20b0b6246a88ce0ac19362d03ea06da71dab4afa72ab5b45fea	14364	2026-08-05T14:44:46Z
ablation_0805_tooldef_stable_plus_suite_rerun_04.runs/stable_plus_router.parts/hybrid_hybrid_lex_top3_plus_stable1_name_desc_full_3_r4.summary.json	3654f6229f6d2d24c176c87fd2cc23cdd392846d9359f6c4a998cc52f1206189	4534	2026-08-05T14:44:45Z
ablation_0805_tooldef_stable_plus_suite_rerun_04.runs/stable_plus_router.parts/hybrid_hybrid_stable_vote_3_r4.jsonl	40766ab6079d1353472953550aa119951480efb135baa67008749767daf76b2d	436354	2026-08-05T12:00:06Z
ablation_0805_tooldef_stable_plus_suite_rerun_04.runs/stable_plus_router.parts/hybrid_hybrid_stable_vote_3_r4.log	9b1349eb163fe32f3666213cba3561a1215daecf6836620fdf953ed4c9c5dbec	13831	2026-08-05T12:00:06Z
ablation_0805_tooldef_stable_plus_suite_rerun_04.runs/stable_plus_router.parts/hybrid_hybrid_stable_vote_3_r4.summary.json	a195f1412cbf744a90cc8ae4b4ac96b0278b39da1b8a2fa155984873918670cb	4049	2026-08-05T12:00:06Z
ablation_0805_tooldef_stable_plus_suite_rerun_04.runs/stable_plus_router.summary.json	6970994214ce960827f9011f4d2517d407ae967871fec50575c2cf67522c7e0e	39707	2026-08-05T14:44:52Z
ablation_0805_tooldef_stable_plus_suite_rerun_04.summary.json	0e5cd6d7e4afc54d17fed54274af124eaa18bec2e6073a8ed616d045701823d4	81448	2026-08-05T14:44:52Z
ablation_0805_tooldef_stable_plus_suite.runs/full_c2kv.jsonl	2906842c70dafad1da613d1411bc771bbb418617c8813533ec23771101e0990b	224627	2026-08-05T06:02:18Z
ablation_0805_tooldef_stable_plus_suite.runs/full_c2kv.log	e2c226c2650357f884c0a6d35cb52e4d294544c1e9062583775aa5e7a819adb9	35496	2026-08-05T06:02:18Z
ablation_0805_tooldef_stable_plus_suite.runs/full_c2kv.parts/c2kv_r4.jsonl	cd6d87e682982269102fc9aa780afca1ff15a1e2967005760674abd83c45cce5	113175	2026-08-05T06:02:12Z
ablation_0805_tooldef_stable_plus_suite.runs/full_c2kv.parts/c2kv_r4.log	1f5c330a3daa8640e884daea577dd9f84d74196ebdee23eb8a8fc5638db89b5f	12675	2026-08-05T06:02:13Z
ablation_0805_tooldef_stable_plus_suite.runs/full_c2kv.parts/c2kv_r4.summary.json	bdece058ba660cd878db135eb3d91e236ad42f55ae320ad2294ea093ff911e59	3866	2026-08-05T06:02:12Z
ablation_0805_tooldef_stable_plus_suite.runs/full_c2kv.parts/full_r1.jsonl	a8c8a2581a6dd7826c180d977a403002975e387f407cf262d42bd3017b4d722d	111452	2026-08-05T05:59:36Z
ablation_0805_tooldef_stable_plus_suite.runs/full_c2kv.parts/full_r1.log	98904e9ae4183a8fbbb1aa3f6d4e7561cad1bfa90e27a39d01a92f1def96a4ab	11746	2026-08-05T05:59:36Z
ablation_0805_tooldef_stable_plus_suite.runs/full_c2kv.parts/full_r1.summary.json	a0a22e47f154b2a147a414242eb6024e1a58a0c6efbef9b1d6ce24cefcc11b8d	3793	2026-08-05T05:59:36Z
ablation_0805_tooldef_stable_plus_suite.runs/full_c2kv.summary.json	819b07087273195b28acfc48290477262074a480fd141964bfce8a1cc35a8dcb	26742	2026-08-05T06:02:18Z
ablation_0805_tooldef_stable_plus_suite.runs/stable_plus_router.jsonl	d354f02605e0e7559f01c4e4a106d0e13c4f2c480962a5bc057f29d4fe4adaaa	2858317	2026-08-05T08:01:38Z
ablation_0805_tooldef_stable_plus_suite.runs/stable_plus_router.log	4f2ec57d96e642a147f3a01ce749ef89d461b048673fe5d24d4fc74eb2c8ef13	35228	2026-08-05T08:01:38Z
ablation_0805_tooldef_stable_plus_suite.runs/stable_plus_router.parts/hybrid_hybrid_lexical_3_r4.jsonl	4b4b9a80f068550f48edcb9dc999fc6081ce7adf4340b881a79feb8345bb85ea	299987	2026-08-05T06:02:09Z
ablation_0805_tooldef_stable_plus_suite.runs/stable_plus_router.parts/hybrid_hybrid_lexical_3_r4.log	c85237470a7be092ab66393e50d7aa23607d8f6bf4fe91d818582cb81ccee3f0	13555	2026-08-05T06:02:10Z
ablation_0805_tooldef_stable_plus_suite.runs/stable_plus_router.parts/hybrid_hybrid_lexical_3_r4.summary.json	96a0082fac44a6cc578ecb9947b68eee68b3d023813982c8890524e7a26d2735	3717	2026-08-05T06:02:09Z
ablation_0805_tooldef_stable_plus_suite.runs/stable_plus_router.parts/hybrid_hybrid_lex_top3_plus_stable1_c2kv2_3_r4.jsonl	b2fb760d384cd1ad7c0876334357fdde84316dbe78614c181719f4ffa017e055	706166	2026-08-05T07:12:37Z
ablation_0805_tooldef_stable_plus_suite.runs/stable_plus_router.parts/hybrid_hybrid_lex_top3_plus_stable1_c2kv2_3_r4.log	654663957b3b7322440ef4c30a0f85be67869076077b5976625aa980a99c933f	14130	2026-08-05T07:12:37Z
ablation_0805_tooldef_stable_plus_suite.runs/stable_plus_router.parts/hybrid_hybrid_lex_top3_plus_stable1_c2kv2_3_r4.summary.json	ff6a4e2f69e4ae30bf5c9d5537fe7cdde25b93cb56588f57db9781e7a34e1b48	4183	2026-08-05T07:12:37Z
ablation_0805_tooldef_stable_plus_suite.runs/stable_plus_router.parts/hybrid_hybrid_lex_top3_plus_stable1_full_3_r4.jsonl	9e6ab9755755a85aebd14a798fd42eb3d695f6548f5550532bf737b398369fa2	706385	2026-08-05T07:13:55Z
ablation_0805_tooldef_stable_plus_suite.runs/stable_plus_router.parts/hybrid_hybrid_lex_top3_plus_stable1_full_3_r4.log	ec0a1a8ad9453bdce335f78538a453b86fe5ac9d9e14b5cefa138705b6bd9705	14083	2026-08-05T07:13:56Z
ablation_0805_tooldef_stable_plus_suite.runs/stable_plus_router.parts/hybrid_hybrid_lex_top3_plus_stable1_full_3_r4.summary.json	98f52a0998df421b8227dc15f17a7e7abdc34a5ecdf9b09031ec894ae72211fd	4140	2026-08-05T07:13:55Z
ablation_0805_tooldef_stable_plus_suite.runs/stable_plus_router.parts/hybrid_hybrid_lex_top3_plus_stable1_name_desc_full_3_r4.jsonl	c5a775ae7d0b3a0758023334cf42ece732cdb9502739569202b0f983d6a0cbf9	709469	2026-08-05T08:01:32Z
ablation_0805_tooldef_stable_plus_suite.runs/stable_plus_router.parts/hybrid_hybrid_lex_top3_plus_stable1_name_desc_full_3_r4.log	13b6573b107639e8734f64ced840888fd23c42299d2d6c4ee221da631553f112	13991	2026-08-05T08:01:32Z
ablation_0805_tooldef_stable_plus_suite.runs/stable_plus_router.parts/hybrid_hybrid_lex_top3_plus_stable1_name_desc_full_3_r4.summary.json	5d233bb547f7bdf4fd7b57373040c676e03409efed9596adc3c51ca129e18173	4177	2026-08-05T08:01:32Z
ablation_0805_tooldef_stable_plus_suite.runs/stable_plus_router.parts/hybrid_hybrid_stable_vote_3_r4.jsonl	0d587910987b175b0a1211d0e3f6172a5d7431e69826f44603b9183818d86b7f	436310	2026-08-05T06:25:45Z
ablation_0805_tooldef_stable_plus_suite.runs/stable_plus_router.parts/hybrid_hybrid_stable_vote_3_r4.log	bfed62e49776ffe57f168cfa6ededcb4a83db065c3df4a5c8ddf81f950803ad5	13508	2026-08-05T06:25:46Z
ablation_0805_tooldef_stable_plus_suite.runs/stable_plus_router.parts/hybrid_hybrid_stable_vote_3_r4.summary.json	e452acef72b5fe10b4e360a29efed0f2d1a6b0f843a465532d5968fd0501ad17	3744	2026-08-05T06:25:45Z
ablation_0805_tooldef_stable_plus_suite.runs/stable_plus_router.summary.json	eb62577ffaee5dd9c2ece7fc962a408f68bc44b9475c3139ed98306edfd59313	33043	2026-08-05T08:01:38Z
ablation_0805_tooldef_stable_plus_suite.summary.json	68a6fb69ca3dd4c8cff71138da017aca80394a1aba9b490d7799189d88b48ed1	68255	2026-08-05T08:01:39Z
ablation_0806_history_decision_prefix_turn_buckets.jsonl	b5973c91e0b5e3a9550811a1e41c1cfc5851060d8d237f59ddc23ac3fe6b4c0e	26716554	2026-08-06T08:59:32Z
ablation_0806_history_decision_prefix_turn_buckets.parts/each_turn_independent_c2kv4_r4.jsonl	53885c6b5ce156060c7688943fef67492077d1b329775a0902ef1db723657887	5785012	2026-08-06T06:00:34Z
ablation_0806_history_decision_prefix_turn_buckets.parts/each_turn_independent_c2kv4_r4.log	c4b00e68fda7cd3b5f8fc22f9d82ca2fb9ab9b71d1f8b880c23ab427ea5575f2	302967	2026-08-06T06:00:35Z
ablation_0806_history_decision_prefix_turn_buckets.parts/each_turn_independent_c2kv4_r4.summary.json	18e25fcf877830ff53c932476d93f01a91d3edc6e9898ba445245933cf7efbf0	6323	2026-08-06T06:00:34Z
ablation_0806_history_decision_prefix_turn_buckets.parts/history_all_c2kv4_r4.jsonl	06f3dce3d501d60cc3cedbc8ddb2b989ded8c2b6992443f28d87faa21e3b92fa	5579403	2026-08-06T08:09:32Z
ablation_0806_history_decision_prefix_turn_buckets.parts/history_all_c2kv4_r4.log	4adc5a8f8eeb70b6aa7481cbd8ba2c2ea3f6e3dd7ee5fdef4b0715bdd162cc1e	274112	2026-08-06T08:09:32Z
ablation_0806_history_decision_prefix_turn_buckets.parts/history_all_c2kv4_r4.summary.json	7defd7efc2d23d72c417de11496a2de4f4ecc8cfdce517f8595b072d82668991	6312	2026-08-06T08:09:32Z
ablation_0806_history_decision_prefix_turn_buckets.parts/history_full_r1.jsonl	ae554b3a541e3d2b3d43a48c680ef03869b5ff7dbe9c191de0ed314b612dd07d	3355919	2026-08-06T04:20:18Z
ablation_0806_history_decision_prefix_turn_buckets.parts/history_full_r1.log	6efd0a9af349513be79d4a817a0fc9f728677a099a6387382081c8ebb35d3876	336239	2026-08-06T04:20:19Z
ablation_0806_history_decision_prefix_turn_buckets.parts/history_full_r1.summary.json	f1bdb88ce5276d713e3d0c4d389a876d5e8041b279644440eb80c15400cd44bd	6266	2026-08-06T04:20:18Z
ablation_0806_history_decision_prefix_turn_buckets.parts/recent2_full_rest_c2kv4_r4.jsonl	0e11837013d4746778eca53745b28f24e31e981316f6d32dc9ea27ed85474f65	6124118	2026-08-06T08:59:26Z
ablation_0806_history_decision_prefix_turn_buckets.parts/recent2_full_rest_c2kv4_r4.log	13d642078a83a7061d2f52eba059dac0a207a300d3209853792633067edb4b4d	292406	2026-08-06T08:59:26Z
ablation_0806_history_decision_prefix_turn_buckets.parts/recent2_full_rest_c2kv4_r4.summary.json	2236562333870cdab010f04a829d1719f605b6285275924c652c5fbe8582bda5	6312	2026-08-06T08:59:26Z
ablation_0806_history_decision_prefix_turn_buckets.parts/recompress_all_every_turn_c2kv4_r4.jsonl	6c15941b97c4dc3c694483fe50075c9a1fb265a70f2c4d999a70a846040d42c4	5872102	2026-08-06T08:24:01Z
ablation_0806_history_decision_prefix_turn_buckets.parts/recompress_all_every_turn_c2kv4_r4.log	36a3dbce8e169149d91f5abade28b9ca492f7828fd932ffab800578f22616b68	315996	2026-08-06T08:24:01Z
ablation_0806_history_decision_prefix_turn_buckets.parts/recompress_all_every_turn_c2kv4_r4.summary.json	41629ec2071418957ef5e9b129e3e9fa4bf4f1f16ceb27525b9e61d96e3a002a	6311	2026-08-06T08:24:01Z
ablation_0806_history_decision_prefix_turn_buckets.summary.json	4d2b6cae9360c8557c97d0feb4a56fce1c2b1ef7a507619f1e13275f085e795e	240422	2026-08-06T08:59:33Z
ablation_0806_history_raw_prefix_next_first_assistant_metricsfix.parts/raw_prefix_next_c2kv_r4.jsonl	6f945b5a5716a15d1dd765cd19d9a10ce8a8febbf2ce4bc28853339b4b765d70	8415067	2026-08-05T17:19:32Z
ablation_0806_history_raw_prefix_next_first_assistant_metricsfix.parts/raw_prefix_next_c2kv_r4.log	8dfaf00b6b9817d90afda26c377c77e079e20d226c4137dbab8273ccce0ec9ee	65064	2026-08-05T17:19:32Z
ablation_0806_history_raw_prefix_next_first_assistant_metricsfix.parts/raw_prefix_next_c2kv_r4.summary.json	884e8ddb1dd337093c62f1833b6a6340584692b6260633e922cef63655f44dc8	2853	2026-08-05T17:19:32Z
ablation_0806_history_raw_prefix_next_first_assistant_metricsfix.parts/raw_prefix_next_full_same_model_r1.jsonl	5ec214b3606d3e71d0fe54f34d0aa9165eb550865cf2868ee5a78b606a4af816	749589	2026-08-05T16:44:52Z
ablation_0806_history_raw_prefix_next_first_assistant_metricsfix.parts/raw_prefix_next_full_same_model_r1.log	ec2e6e70ffd9a12a8ef349874835e5af9e115a4c4a70283943a64183984145b7	73995	2026-08-05T16:44:52Z
ablation_0806_history_raw_prefix_next_first_assistant_metricsfix.parts/raw_prefix_next_full_same_model_r1.summary.json	215fab4bc8526ef200051aeb603b3d59f49a4c02bdaf110ca8df659af904f4ef	2771	2026-08-05T16:44:52Z
ablation_0806_history_raw_prefix_next_first_assistant_metricsfix.parts/raw_prefix_next_hybrid_r4.jsonl	1b4e85c0ffb2ea8e168a6f7912b9e202c1bd3ad4b635d767137b26e202e7108e	8443959	2026-08-05T18:09:43Z
ablation_0806_history_raw_prefix_next_first_assistant_metricsfix.parts/raw_prefix_next_hybrid_r4.log	872460de6cbe36884f09cf035bfcaf277d141331e33ad14dafd2754f3cc70558	69137	2026-08-05T18:09:43Z
ablation_0806_history_raw_prefix_next_first_assistant_metricsfix.parts/raw_prefix_next_hybrid_r4.summary.json	2f19ebdbcf4e766a681451cdfd279e85f247d72783cebd4c48b2db27bce3fd02	5683	2026-08-05T18:09:43Z
ablation_0806_toolathlon_history_last8_full_c2kv_hybrid.parts/c2kv_r4.log	a0e3019a8898f4d432565d4400621e3536ecb2374567d89a8b7bc83d0c2444b1	142320	2026-08-06T16:00:59Z
ablation_0806_toolathlon_history_last8_full_c2kv_hybrid.parts/full_r1.log	5846d23f88c53eb1cf7afb65c6fe43e719e61a7035b828bdd6fff7a34c06944e	173829	2026-08-06T16:00:57Z
ablation_0806_toolathlon_tooldef_pertool_full_c2kv_hybrid.jsonl	ca62118ec980456aba161ffc4bcffcb84d912485f47416f4d87b4b4c6bc70602	2451039	2026-08-06T14:03:02Z
ablation_0806_toolathlon_tooldef_pertool_full_c2kv_hybrid.summary.json	f0ba20545e2314eb32cd663a2439dba5686dfcde7136b0f97ee6ba6b2c8d71d1	111649	2026-08-06T14:03:02Z
ablation_0810_history_prefix16_recent1full_full_c2kv_hybrid.jsonl	5a9c40d18b4ace60961416a06b4d76907f5c14712df859b6acdaa850ca58be7d	91182	2026-08-09T08:39:36Z
ablation_0810_history_prefix16_recent1full_full_c2kv_hybrid.parts/c2kv_r4.jsonl	f4b8b13989200f5f2dee9c0f23bdb245aefe1bec23efefadb2ff66bea5d38807	28424	2026-08-09T08:38:57Z
ablation_0810_history_prefix16_recent1full_full_c2kv_hybrid.parts/c2kv_r4.log	d862079150b1916aa496187c53964cc992127d8026e4b06176bf1e081a3406f2	9843	2026-08-09T08:38:57Z
ablation_0810_history_prefix16_recent1full_full_c2kv_hybrid.parts/c2kv_r4.summary.json	ecaa7338148c56d79d16366452e0ecea96abde67be7ab5057297571335ce3452	5414	2026-08-09T08:38:57Z
ablation_0810_history_prefix16_recent1full_full_c2kv_hybrid.parts/full_r1.jsonl	bac46a546d46cbf8a41afb94d0f895611e3c20a65b102c4154deee13fd318093	30834	2026-08-09T08:39:08Z
ablation_0810_history_prefix16_recent1full_full_c2kv_hybrid.parts/full_r1.log	7e5d0be43ca18d0c0653b3eaeafe55b63bd16e35f74539678d81ded639349a89	8903	2026-08-09T08:39:08Z
ablation_0810_history_prefix16_recent1full_full_c2kv_hybrid.parts/full_r1.summary.json	2233cee0ede02d662d73307fa82d1b268e74b27d87676cc2cc65362c7b4724cf	5336	2026-08-09T08:39:08Z
ablation_0810_history_prefix16_recent1full_full_c2kv_hybrid.parts/hybrid_r4.jsonl	c7ad28b12c3c627ef3ac57f207d756f283b0e2b7587a68ffc1854c4373f19789	31924	2026-08-09T08:39:30Z
ablation_0810_history_prefix16_recent1full_full_c2kv_hybrid.parts/hybrid_r4.log	825d42fdb8a52833725639ded6a4c608f0b2286235459b85d4c2f3283bec7435	9826	2026-08-09T08:39:30Z
ablation_0810_history_prefix16_recent1full_full_c2kv_hybrid.parts/hybrid_r4.summary.json	f42a7743ec675c10a3718c211dc18f7006e7fa71928f84c00bd95c56e7306a17	5441	2026-08-09T08:39:30Z
ablation_0810_history_prefix16_recent1full_full_c2kv_hybrid.summary.json	c9b11401adaa58db1c190e6a6e4135df42ca413803a10956b8ba5df2a9937900	26189	2026-08-09T08:39:36Z
agent_history_0724_r4_safe_full_truncate_c2kv_r4_8_16.jsonl	e41b277b8fca867da9800b01449443c84fe393861cc6626e35cedccba83b1993	3528513	2026-07-24T19:26:46Z
agent_history_0724_r4_safe_full_truncate_c2kv_r4_8_16.parts/c2kv_r4.jsonl	028f0b83f29868e11d4c1800f1442bbc13c3f5ac12d9502c4c6516aa443a65a9	1166749	2026-07-24T19:26:41Z
agent_history_0724_r4_safe_full_truncate_c2kv_r4_8_16.parts/c2kv_r4.log	738f9fd31923906b635b45e35a8cae3d05cbe5b7b8ca1a7ef7ddc97decb02553	55034	2026-07-24T19:26:41Z
agent_history_0724_r4_safe_full_truncate_c2kv_r4_8_16.parts/c2kv_r4.summary.json	b14646d3950c75b2664e6fe466314c38799b2e4a24bd4aa575624af3944e7e1f	2459	2026-07-24T19:26:41Z
agent_history_0724_r4_safe_full_truncate_c2kv_r4_8_16.parts/full_r1.jsonl	4851be8eb78762b67d5fcbb39ed4702a7da3b74a4e022897b6fd51524e88e303	1179227	2026-07-24T17:04:23Z
agent_history_0724_r4_safe_full_truncate_c2kv_r4_8_16.parts/full_r1.log	05646a408480f7940664a638c5541a048decbd2226479f010b02d205f4ddc845	52249	2026-07-24T17:04:23Z
agent_history_0724_r4_safe_full_truncate_c2kv_r4_8_16.parts/full_r1.summary.json	bf7d7dfa3888a84c05e424613d54a37bb9172a196b463df6eb077bb056f4bc35	2423	2026-07-24T17:04:23Z
agent_history_0724_r4_safe_full_truncate_c2kv_r4_8_16.parts/truncate_r4.jsonl	c5298a8dce8e0a4703d8e7a8969652a78c936349530f50aa2b4479cc63af4da3	1182537	2026-07-24T16:52:05Z
agent_history_0724_r4_safe_full_truncate_c2kv_r4_8_16.parts/truncate_r4.log	58e1895f91ca405fb2dd3340c47247189aa01349f758669cfac6cebfccececc4	57020	2026-07-24T16:52:05Z
agent_history_0724_r4_safe_full_truncate_c2kv_r4_8_16.parts/truncate_r4.summary.json	9c2fe5ca0e149f8c807f059f3feb2f3fdbc474e0e2d59c22b8c4f85b71ff7146	2443	2026-07-24T16:52:05Z
agent_history_0724_r4_safe_full_truncate_c2kv_r4_8_16.summary.json	b96c0f2b749c433c76528ac533063ba41e15d46d5751a267ff682aa8d7710ce3	91299	2026-07-24T19:26:47Z
agent_history_c2kv_eval_150_4x_with_tools_npu.jsonl	cb496117a0288b35f4c3c0fe3e3f4e9863646ca60e9a2e67587e7d8d0b817e09	1156699	2026-07-22T15:37:23Z
agent_history_c2kv_eval_150_4x_with_tools_npu.parts/c2kv_r4.jsonl	ceac450f44e5ee0d4349dc73b9065a22793b46c547e12638671a84faee5c4b78	285837	2026-07-22T15:32:10Z
agent_history_c2kv_eval_150_4x_with_tools_npu.parts/c2kv_r4.log	d9862a909c150a05c450df0c68b7b17b8e0775573e884040c63444f1f16ac120	15028	2026-07-22T15:32:11Z
agent_history_c2kv_eval_150_4x_with_tools_npu.parts/c2kv_r4.summary.json	32fb0ac97f247de1dd0cde58dfae98c56e229101908ce662c2b02191bccfe123	1488	2026-07-22T15:32:10Z
agent_history_c2kv_eval_150_4x_with_tools_npu.parts/full_r1.jsonl	531cdb5c313b68c1b7c4207dafdcfb2dfc86a86d407d2b7644615dbbfc934778	277802	2026-07-22T15:37:17Z
agent_history_c2kv_eval_150_4x_with_tools_npu.parts/full_r1.log	39fdc138456efe53d05613d23a138cec17dbfe06ae7019a62bc4a564294fdff9	14941	2026-07-22T15:37:17Z
agent_history_c2kv_eval_150_4x_with_tools_npu.parts/full_r1.summary.json	85f921ccd0b00e58bcc1ee1c44096eea1b16c15f1a25c334183da85aa876c383	1563	2026-07-22T15:37:17Z
agent_history_c2kv_eval_150_4x_with_tools_npu.parts/hybrid_r4.jsonl	4a67b5f17c60b3c4149169e59e16fd12df655dcee64862899e1242b73e36d4d1	302882	2026-07-22T15:33:50Z
agent_history_c2kv_eval_150_4x_with_tools_npu.parts/hybrid_r4.log	5ba60b71abfce436333c2b6ce8cd0ceb7867792e4cb33fb3f941deb2e1bebdb3	15407	2026-07-22T15:33:50Z
agent_history_c2kv_eval_150_4x_with_tools_npu.parts/hybrid_r4.summary.json	afd89e85596ba9a0efe2c85c805d69d545af1e150419d8b20e0984ab5a379a71	1557	2026-07-22T15:33:50Z
agent_history_c2kv_eval_150_4x_with_tools_npu.parts/truncate_r4.jsonl	4b06cc19876d29ab3831a4b413dd24523bbfc88a2ec285fdeb3cc5b6ba553a85	290178	2026-07-22T15:26:56Z
agent_history_c2kv_eval_150_4x_with_tools_npu.parts/truncate_r4.log	f7b7d15b6a8a7e48a75acd8bb1e35b7f55937913ab8dbdc5b9f632214e96d16e	14978	2026-07-22T15:26:56Z
agent_history_c2kv_eval_150_4x_with_tools_npu.parts/truncate_r4.summary.json	214d3b6966e956abf9df1209edd0ed82b15ab9c663c00d9996d3f963576be5f2	1534	2026-07-22T15:26:56Z
agent_history_c2kv_eval_150_4x_with_tools_npu.summary.json	662a2f29e336181f541bd91af2b4eb4365222af1b86de7e565a80deee3fa572d	27438	2026-07-22T15:37:23Z
agent_history_c2kv_eval_npu.jsonl	361e165e03aae7a150c05a4d44232a162f075d8958ea821e41d8fd8b9d04bff4	3444060	2026-07-22T18:31:08Z
agent_history_c2kv_eval_npu.parts/c2kv_r4.jsonl	b7126526cc94a8de6f3c951b3b30ce1ab27d8a91ea26dbd6768d2fbec53e6a8d	843495	2026-07-22T18:24:38Z
agent_history_c2kv_eval_npu.parts/c2kv_r4.log	31b4fbbc9b8110f38d90a9a8990726628018df40db70a3ed41ec2c9268983020	38005	2026-07-22T18:24:38Z
agent_history_c2kv_eval_npu.parts/c2kv_r4.summary.json	10abfc6fd8f4505f9ae8445e5c80e397658c377cd256aa93b15fb2eeb352c6e8	2267	2026-07-22T18:24:38Z
agent_history_c2kv_eval_npu.parts/full_r1.jsonl	8eff77d34477dc57dbf46c5b1964d847f836b7ff92eb247fbb564da7206ed9d7	824548	2026-07-22T18:17:22Z
agent_history_c2kv_eval_npu.parts/full_r1.log	a720188c12b396aa8065e495b98d33cb25eda66e07e977dd01b12f9c3f120286	38014	2026-07-22T18:17:22Z
agent_history_c2kv_eval_npu.parts/full_r1.summary.json	639244ce4da680f3d0e7cc90791bf95b1be0f4dab78c51c4b800e941b7ecf302	2273	2026-07-22T18:17:22Z
agent_history_c2kv_eval_npu.parts/hybrid_r4.jsonl	f186dd4a8c691d2c731168d2642cd8900531c656a7d779a041de44a9a559b6da	908461	2026-07-22T18:31:01Z
agent_history_c2kv_eval_npu.parts/hybrid_r4.log	2a0cbafe287de5a48d63b18ada71cf30e11fe9266da79487ac39ebe888ec917b	38999	2026-07-22T18:31:01Z
agent_history_c2kv_eval_npu.parts/hybrid_r4.summary.json	270602c780e739ce8012e9fb6cca48ec78224d490b8ce22d5237ba44e4b8568f	2291	2026-07-22T18:31:01Z
agent_history_c2kv_eval_npu.parts/truncate_r4.jsonl	e7a79176cd1f1220efc67644f14ad181208932ad3febb668a19a0cbbec848db1	867556	2026-07-22T18:02:07Z
agent_history_c2kv_eval_npu.parts/truncate_r4.log	b864e2ad8a7a26a6418e8ea5f388d39a084546a1e07a9fd11aadc37511e49638	38975	2026-07-22T18:02:07Z
agent_history_c2kv_eval_npu.parts/truncate_r4.summary.json	34fd9ab855678ef391952d8a9a5a23ae7689e3e08f1b3695a9a63b0a4253cba8	2275	2026-07-22T18:02:07Z
agent_history_c2kv_eval_npu.summary.json	e17e03c027365cc697454b886959707ca6662366e8281355128ad44c77a57bb6	65495	2026-07-22T18:31:08Z
agent_history_c2kv_quick150_eval_npu.jsonl	daf4b5dbd0f77fc5d54b9deb4bfb163440ea02255b912f6deb9a56acb3795d3b	3003230	2026-07-22T14:10:54Z
agent_history_c2kv_quick150_eval_npu.summary.json	986856b456cd7ea3a192ee4b9cc3619603c62d29a2f1017574a8030e802abe0a	40763	2026-07-22T14:10:54Z
agent_history_sglang_api_0_5_full/logs/eval_agent_llm_traces_c2kv_device1.log	d2715016b3a0f8c3ebad9cae42962969a1c53852c5a03e5d24e9c45f07aa66f1	42649	2026-08-10T16:21:44Z
agent_history_sglang_api_0_5_full/logs/eval_agent_llm_traces_full_device0.log	6df8058e2e1716883904b4d7101e0215f9f83d0c6771e2bee52909ed771a10b0	42076	2026-08-10T16:05:44Z
agent_history_sglang_api_0_5_full/logs/eval_agent_llm_traces_hybrid_device2.log	229a97a2295496ec406685cad492900e1570105356d214bce0c7d61c7616412d	41531	2026-08-10T16:17:51Z
agent_history_sglang_api_0_5_full/logs/eval_toolathlon_c2kv_device4.log	98fbe3f3d6a6f90417441002366642c5728258d56e1919b9a7b1215692ddcfc2	191696	2026-08-10T21:44:17Z
agent_history_sglang_api_0_5_full/logs/eval_toolathlon_full_device3.log	71d53d6469289927fab89bad739b4d6dad05b664f54ef9c51c8856adcc72b3fa	181553	2026-08-10T17:39:16Z
agent_history_sglang_api_0_5_full/logs/eval_toolathlon_hybrid_device5.log	c909d1865da37cd93498b80e34f1bd8b853f65b1af0ea11eeb1e2f6a9aed9c9a	196892	2026-08-10T21:20:16Z
agent_history_sglang_api_0_5_full/logs/server_agent_llm_traces_c2kv_device1.log	70571a095d207224e2d12cf169a34d08363ad1ff3dab766d75d8358fc6f1e516	1387887	2026-08-10T16:21:47Z
agent_history_sglang_api_0_5_full/logs/server_agent_llm_traces_full_device0.log	c809a357b64166272dd0aabcb7e236fa042c3f0ea57acd65f2ac73fad2a9dea6	184186	2026-08-10T16:05:51Z
agent_history_sglang_api_0_5_full/logs/server_agent_llm_traces_hybrid_device2.log	1e55ad0e7f71841fc5ba4849efdef7bfa0c6e5b0380c18be4f40e6bf6cdc8170	923612	2026-08-10T16:17:57Z
agent_history_sglang_api_0_5_full/logs/server_toolathlon_c2kv_device4.log	f722a3bcd7fefc137d65fe1d031da1dddc0c2a1372ae29b730ebd520a1d7c3ba	15133945	2026-08-10T21:44:24Z
agent_history_sglang_api_0_5_full/logs/server_toolathlon_full_device3.log	73f8ec9288a6d6daff94a6e2bbffa9392572663b2535c1f907cf9f06f9299e18	1061954	2026-08-10T17:39:25Z
agent_history_sglang_api_0_5_full/logs/server_toolathlon_hybrid_device5.log	2f55b7532db98defaff4ecd46522f0a53af4d9cbb726326ee1ff9ddba6a864c6	12833897	2026-08-10T21:20:27Z
agent_history_sglang_api_0_5_full/merged/agent_llm_traces_c2kv.jsonl	fe42c4ab754602eb0512582001659e45dd202f810d3b2294e0546fd5e932d616	2176549	2026-08-10T21:44:24Z
agent_history_sglang_api_0_5_full/merged/agent_llm_traces_full.jsonl	b94dd907a7d1eb383487dc96c2ff6160b6f316001c584152bacb2b44c50b0713	449925	2026-08-10T21:44:25Z
agent_history_sglang_api_0_5_full/merged/agent_llm_traces_hybrid.jsonl	10533ce8fd4eaf594d3dd93ac827b70fccf5cb21c806161fdb7b2cb1b8aedc64	1804287	2026-08-10T21:44:25Z
agent_history_sglang_api_0_5_full/merged/all.jsonl	38f3fb19ca5de4e1a6b4cd564b82fe42c6420b7c018321daca64b83ef98dc437	30249692	2026-08-10T21:44:26Z
agent_history_sglang_api_0_5_full/merged_common/agent_llm_traces_c2kv.jsonl	162691989415e3d62762dd5f5ca99d9e8dc3b5657ae281398dc53e139e8f3e22	446431	2026-08-11T05:56:45Z
agent_history_sglang_api_0_5_full/merged_common/agent_llm_traces_full.jsonl	7bb3605da970b01959aac826099700cfad291c391ba18f0885492ba33acca6ee	251315	2026-08-11T05:56:45Z
agent_history_sglang_api_0_5_full/merged_common/agent_llm_traces_hybrid.jsonl	103db173eb2f78c3735079734b5478ea9e1060d8f0902250491d60481e82a7c0	335583	2026-08-11T05:56:45Z
agent_history_sglang_api_0_5_full/merged_common/all.jsonl	d1414d2340394310cfe1cf4e04874a78439201d66f7c663087b0794dac3c201c	12203075	2026-08-11T05:56:46Z
agent_history_sglang_api_0_5_full/merged_common/toolathlon_c2kv.jsonl	f9c3ce7634262edd7f9b66927db75b8c37299c5f005cd7088eaee8c3250fa2d8	4812257	2026-08-11T05:56:45Z
agent_history_sglang_api_0_5_full/merged_common/toolathlon_full.jsonl	563e9cb2ae7300def7cec73ca48ae502361b3a2015001b5a47acc4e659cbb015	2308894	2026-08-11T05:56:45Z
agent_history_sglang_api_0_5_full/merged_common/toolathlon_hybrid.jsonl	850329611a5eaf1049473fa80fc050ee4aa7ae7398d5cdf94cf6edc3013414d8	4048595	2026-08-11T05:56:46Z
agent_history_sglang_api_0_5_full/merged/toolathlon_c2kv.jsonl	8fd3a6fb5e8bdf904e12ab500b86dc97f1e9b101efa91c153fbe6cd3a50d5601	12414347	2026-08-10T21:44:25Z
agent_history_sglang_api_0_5_full/merged/toolathlon_full.jsonl	9b8780c6691f4025eb65978fa711492d9c78f73d2a42cd264dcadd7be4eef589	2650539	2026-08-10T21:44:25Z
agent_history_sglang_api_0_5_full/merged/toolathlon_hybrid.jsonl	73b12301a509e80d6a51aa96bdfb62d8698c0b2bfb1fc7c505b0e6738181b89d	10754045	2026-08-10T21:44:26Z
agent_history_sglang_api_0_5_full/parts/agent_llm_traces_c2kv.jsonl	fe42c4ab754602eb0512582001659e45dd202f810d3b2294e0546fd5e932d616	2176549	2026-08-10T16:21:44Z
agent_history_sglang_api_0_5_full/parts/agent_llm_traces_c2kv.summary.json	42a45ba066c19c608b1df95b35504dc52417912853e8d0aee171fbb3497220de	794	2026-08-10T16:21:44Z
agent_history_sglang_api_0_5_full/parts/agent_llm_traces_full.jsonl	b94dd907a7d1eb383487dc96c2ff6160b6f316001c584152bacb2b44c50b0713	449925	2026-08-10T16:05:44Z
agent_history_sglang_api_0_5_full/parts/agent_llm_traces_full.summary.json	87abff6ee5f1d92a58cbaec6729c73fcaf5b704e4f27645500742858d0ab8d50	806	2026-08-10T16:05:44Z
agent_history_sglang_api_0_5_full/parts/agent_llm_traces_hybrid.jsonl	10533ce8fd4eaf594d3dd93ac827b70fccf5cb21c806161fdb7b2cb1b8aedc64	1804287	2026-08-10T16:17:51Z
agent_history_sglang_api_0_5_full/parts/agent_llm_traces_hybrid.summary.json	f6c99709ad5bc2f7b1b379019ed41b9fd6671b52cf29a01bf2a85cc2f040bc70	786	2026-08-10T16:17:51Z
agent_history_sglang_api_0_5_full/parts/toolathlon_c2kv.jsonl	8fd3a6fb5e8bdf904e12ab500b86dc97f1e9b101efa91c153fbe6cd3a50d5601	12414347	2026-08-10T21:44:16Z
agent_history_sglang_api_0_5_full/parts/toolathlon_c2kv.summary.json	bc6a4889d52e4cef00fd749af01e615251479c62624c4bc14be23433e5539aa4	688	2026-08-10T21:44:16Z
agent_history_sglang_api_0_5_full/parts/toolathlon_full.jsonl	9b8780c6691f4025eb65978fa711492d9c78f73d2a42cd264dcadd7be4eef589	2650539	2026-08-10T17:39:16Z
agent_history_sglang_api_0_5_full/parts/toolathlon_full.summary.json	163b3e8a933853f0c77f225fb6ed7e91743462ea64c893369512a0af077ad87b	715	2026-08-10T17:39:16Z
agent_history_sglang_api_0_5_full/parts/toolathlon_hybrid.jsonl	73b12301a509e80d6a51aa96bdfb62d8698c0b2bfb1fc7c505b0e6738181b89d	10754045	2026-08-10T21:20:16Z
agent_history_sglang_api_0_5_full/parts/toolathlon_hybrid.summary.json	fe0cad5d1dc6b2c514c3fb23a9ec1e3a77e8f1fa4b3cc06610504b277f08ba5b	688	2026-08-10T21:20:16Z
agent_history_sglang_api_0_5_full/report.md	f2afd7b5a43824de4db5eee097ce92e4746d97062046d3ff8fa61b36750ced3a	1112	2026-08-11T05:56:46Z
agent_history_sglang_api_0_5_full/summary.json	50ae5199518ef9f108bce52ba7eb26ba23e83ff1c3870e2cbb5e15e7b13a6b60	212897	2026-08-11T05:56:46Z
agent_memory_rag_eval_npu.jsonl	aff0d92634409afb9437a30e1e9c2e9ffa8709ccd91baab117c88884c4c6ee8e	280261	2026-07-11T04:06:21Z
agent_memory_rag_eval_npu.summary.json	b9c0176e77e682a654bf64d6a43b6aed807e774e723deef7901d5c92d1134429	3345	2026-07-11T04:06:21Z
agent_tooldef_c2kv_aug_hybrid_eval_npu.jsonl	248c233eeff4a171dc3b307d62700a387166ce894547b707564c9f20a4107aba	138550	2026-07-22T15:32:49Z
agent_tooldef_c2kv_aug_hybrid_eval_npu.parts/c2kv_aug_hybrid_r4.jsonl	248c233eeff4a171dc3b307d62700a387166ce894547b707564c9f20a4107aba	138550	2026-07-22T15:32:43Z
agent_tooldef_c2kv_aug_hybrid_eval_npu.parts/c2kv_aug_hybrid_r4.log	c3bc7f940c7f61b4b16d04cb012aa5a085fb10bafa4244eded22d1ba23dc46f4	18580	2026-07-22T15:32:43Z
agent_tooldef_c2kv_aug_hybrid_eval_npu.parts/c2kv_aug_hybrid_r4.summary.json	6f831c59dd2910158bc8a0d9bfc3fa4f65dd790b6c7500cc021942c09ceb7fb1	3172	2026-07-22T15:32:43Z
agent_tooldef_c2kv_aug_hybrid_eval_npu.summary.json	327c4a7b89eec54e86b30861e61b567a34dc410d492e5e73ea9f7e323c804d15	13878	2026-07-22T15:32:49Z
agent_tooldef_c2kv_eval2_npu.jsonl	8291135364ab519d35042d60e73730606ac5d69ab709ffc87f9e51c5cd02db9c	1184388	2026-07-08T05:03:23Z
agent_tooldef_c2kv_eval2_npu.summary.json	a8633763d1b3a50e0c8cd5ce982ce6a78ea1ab7621aa7c1b809f35a1746d1b04	4150	2026-07-08T05:03:23Z
agent_tooldef_c2kv_eval_npu.jsonl	e5ad71565215bd163c7163d15ababfdcedac3abfa5e0ff740e0e729e85fff603	938032	2026-07-08T06:12:54Z
agent_tooldef_c2kv_eval_npu.parts/c2kv_r2.jsonl	6a81e9f137d367da4ad21b1388a2e6134eea6fcce40b26799eaa908600e0443b	132191	2026-07-08T06:11:30Z
agent_tooldef_c2kv_eval_npu.parts/c2kv_r2.log	e67e37a57f72c4679d3c3d02b1bf4aa5f97a35deb8f2aee0653b246c05c95576	11573	2026-07-08T06:11:30Z
agent_tooldef_c2kv_eval_npu.parts/c2kv_r2.summary.json	5aa0bd3ba91c891f56ac3a48d5212f683c87319acd3577aacdbf1859bceb3272	1186	2026-07-08T06:11:30Z
agent_tooldef_c2kv_eval_npu.parts/c2kv_r4.jsonl	4d5e2719eca33f686c428302bf0f4047d8dffdd25ee8b75b5efc102dfcde994b	132713	2026-07-08T06:11:20Z
agent_tooldef_c2kv_eval_npu.parts/c2kv_r4.log	9239971ef94983ae972fe91a9c677d3f68215463b4c96d9d1509b135f12b2eff	11576	2026-07-08T06:11:20Z
agent_tooldef_c2kv_eval_npu.parts/c2kv_r4.summary.json	1fed77efbc3f65e9b097cc5434ee127dbd41091b9b8b354d7e3820b8c477f492	1187	2026-07-08T06:11:20Z
agent_tooldef_c2kv_eval_npu.parts/c2kv_r8.jsonl	c81ca268eb7242a8b23b19818e133440759700e25df9741566eb7ea730aa5ce6	133870	2026-07-08T06:10:50Z
agent_tooldef_c2kv_eval_npu.parts/c2kv_r8.log	2cc11216f70a3c3a5706835980e06fdd8a840d4563289131b67086e607fc5980	11571	2026-07-08T06:10:50Z
agent_tooldef_c2kv_eval_npu.parts/c2kv_r8.summary.json	21f8b4657f971f31df812e254bc37860f77bc665edcfab60ed02086c1991983f	1184	2026-07-08T06:10:50Z
agent_tooldef_c2kv_eval_npu.parts/c2kv_untrained_r2.jsonl	1147d7fc1aa35d169b33176a420333f49c9759e717441d29a47c303ef297e76a	119355	2026-07-08T04:45:08Z
agent_tooldef_c2kv_eval_npu.parts/c2kv_untrained_r2.log	145048161d21bfa939342c95ba0f86159541675bc5fd3442edd27d4ffae48105	13077	2026-07-08T04:45:08Z
agent_tooldef_c2kv_eval_npu.parts/c2kv_untrained_r2.summary.json	4ea68af0b9ad326e04e8becd187fea050a2fc2c712461c83228df661e884e747	935	2026-07-08T04:45:08Z
agent_tooldef_c2kv_eval_npu.parts/c2kv_untrained_r4.jsonl	ecb120aa18bce6e6f4a715108179a935416e744e46ddfa4ede51c2babb61ec8f	118601	2026-07-08T04:44:39Z
agent_tooldef_c2kv_eval_npu.parts/c2kv_untrained_r4.log	47d027c8b5e4cccc41dfa9d122f9a211281829c9ba4ae1fd502f6a6a9df73f0f	13072	2026-07-08T04:44:39Z
agent_tooldef_c2kv_eval_npu.parts/c2kv_untrained_r4.summary.json	9e52a1a4faea8244b79209f097d6a859f8b801990347306870b14cc8bbb1a010	936	2026-07-08T04:44:39Z
agent_tooldef_c2kv_eval_npu.parts/c2kv_untrained_r8.jsonl	bc48efe4197071c419f04a0bcb23a8da774ef6619d674441e109f93ebd788130	118615	2026-07-08T04:44:57Z
agent_tooldef_c2kv_eval_npu.parts/c2kv_untrained_r8.log	eb0ab65b56b978c8f0c0e35ca1e7c193b89d5f004463728ec7fc4cea3b045fd9	13067	2026-07-08T04:44:58Z
agent_tooldef_c2kv_eval_npu.parts/c2kv_untrained_r8.summary.json	92e073609c7a750f7e9481259b93128eba41d96c2c3c31cb48ef0097d5aa4540	934	2026-07-08T04:44:57Z
agent_tooldef_c2kv_eval_npu.parts/full_r1.jsonl	ec8930a4d65d404176fd8614536343a5ca208ab556f84369bc41db96093630e2	130106	2026-07-08T06:10:42Z
agent_tooldef_c2kv_eval_npu.parts/full_r1.log	6b6aa9235fe70615a778e6548a4ca4efc0e445d7038beb8ebb8201abd3a11937	11203	2026-07-08T06:10:42Z
agent_tooldef_c2kv_eval_npu.parts/full_r1.summary.json	0d6d14d59705587c43c2e05d45c50e3d86064b612f68dec20bfe5e03bc2c5ae0	1152	2026-07-08T06:10:42Z
agent_tooldef_c2kv_eval_npu.parts/truncate_r2.jsonl	ea2a5a0d169794aa0ad6fe0a08daa9975e5b488c8ae09c19924325dac0050a09	136943	2026-07-08T06:12:48Z
agent_tooldef_c2kv_eval_npu.parts/truncate_r2.log	7bf95ed7bb29e32e34bb66060cad3418155d71ac220e4fa212ecb24cb805dbc5	12012	2026-07-08T06:12:48Z
agent_tooldef_c2kv_eval_npu.parts/truncate_r2.summary.json	cc75b27fb82ccb126238cd5087ada23fa722cc34682b4e588b684fbf158bea9c	1179	2026-07-08T06:12:48Z
agent_tooldef_c2kv_eval_npu.parts/truncate_r4.jsonl	c72a5ee34b6bd8934cb401b130fdcc5751c6c4dd86dd2d42f6980f8e7bc2fa99	136352	2026-07-08T06:11:06Z
agent_tooldef_c2kv_eval_npu.parts/truncate_r4.log	cd8b66b718705fbcb9d97aeb026aa3c6f2d8a25c2481f25345c95873475b42fd	11987	2026-07-08T06:11:06Z
agent_tooldef_c2kv_eval_npu.parts/truncate_r4.summary.json	a8f3409fbce58dc49c5fadf472f9b28402b036fce0827dcb5a0a10157518a2c0	1178	2026-07-08T06:11:06Z
agent_tooldef_c2kv_eval_npu.parts/truncate_r8.jsonl	ec23c0ed7a79dde19b9821dba4772829f828ea91171cbea2c1afa7a8293db927	135857	2026-07-08T06:10:48Z
agent_tooldef_c2kv_eval_npu.parts/truncate_r8.log	3e5f02aca6a6b60773aec80abf20c945c9f80c4beb46258e69b5de42cf8e467c	12004	2026-07-08T06:10:48Z
agent_tooldef_c2kv_eval_npu.parts/truncate_r8.summary.json	50d556a4c56aeec482c7a1ded957973ee004649b8d67968e318bc5f72ead4f45	1177	2026-07-08T06:10:48Z
agent_tooldef_c2kv_eval_npu.summary.json	67a5a9bee31d5123191e49e75ebe465fc044c21b9d2a9bedfc7c1a736281fc4b	4782	2026-07-08T06:12:54Z
agent_tooldef_cacheblend03_snapkv_hybrid_eval_npu.jsonl	5d4115230a051a1b9272d951528677551aadc30c0389f1aaa34036b5a6fd7cdd	161355	2026-07-22T10:07:59Z
agent_tooldef_cacheblend03_snapkv_hybrid_eval_npu.summary.json	85915b1c0b0526a3f84d6ca8eacdee446b4101b842642633c18991c65190aa10	15059	2026-07-22T10:07:59Z
agent_tooldef_cacheblend_aug_r03_eval_npu.jsonl	3367a7e073f305d5149b228efea053e4d9808a097a8d1a4ca51adcc182dd0c1e	335234	2026-07-22T07:17:21Z
agent_tooldef_cacheblend_aug_r03_eval_npu.summary.json	4c54c58a76ec6ccd20aa531b0bbcd0e44967cf61ec30f3e80604fdc7b9c34974	17502	2026-07-22T07:17:21Z
agent_tooldef_clean_4x_all_eval_0723.jsonl	314537bdad0a7912732aa647d143da6b402dcd1a0e638b7d9310acc5f69d99e4	1361206	2026-07-23T04:31:33Z
agent_tooldef_clean_4x_all_eval_0723.summary.json	d42a287f76ddf5da1807a613d8e2635e709a3b5f6deb5fdc8d792a4dcff213a1	44097	2026-07-23T04:31:34Z
agent_tooldef_full_c2kv_all_fair.jsonl	1e63dabfd30b6117d7b7a462c7f63e68e48bfe2abccaa363f35f5652a0656e2f	276648	2026-07-16T04:14:00Z
agent_tooldef_full_c2kv_all_fair.parts/c2kv_r4.jsonl	26809d3216d634c27fcd503aa1c6d444d703de736521d549f109e5bb26c6cf85	139641	2026-07-16T04:13:51Z
agent_tooldef_full_c2kv_all_fair.parts/c2kv_r4.log	ff3e089a48a5fcd27b4c3d0d7efa79bc2b6a5c77641d886a41bdf9ba79319bdd	11891	2026-07-16T04:13:51Z
agent_tooldef_full_c2kv_all_fair.parts/c2kv_r4.summary.json	caadefcc07894ca7e7e477b2002e4cf295afd8b07fcc7ec3b141dff57795737b	1370	2026-07-16T04:13:51Z
agent_tooldef_full_c2kv_all_fair.parts/full_r1.jsonl	4298e516efa073dd0cd6d413d26c855ad6490a56d90766f11a8a0052b26665bb	137007	2026-07-16T04:13:12Z
agent_tooldef_full_c2kv_all_fair.parts/full_r1.log	04544f647544954bb9b66ee9d82e97481bf84b984ce6b83efea5d753782c0f0f	11538	2026-07-16T04:13:12Z
agent_tooldef_full_c2kv_all_fair.parts/full_r1.summary.json	bd354ec21cecd715a7e348278dfc0a8e8cd9892249a5a7afa47e7ecc9fd87582	1341	2026-07-16T04:13:12Z
agent_tooldef_full_c2kv_all_fair.summary.json	ca6961cdc8e592f2933e7eb7f7ada3e7258dd8ef7cfe1e28d6da4962075f5104	1897	2026-07-16T04:14:00Z
agent_tooldef_generalization_diagnosis.json	96c5d723c5e07d07a052e06d6e5a8183d3b3ba80610e5618f476d624a6ea05ea	3522	2026-07-12T10:16:23Z
agent_tooldef_hardneg_sglang_api_567_full/logs/eval_c2kv_device6.log	ee62e8450863e71f81c87b8e0a9acc1d46e0b9b8d1ddbbfc1e1b8cb6d47d21eb	12981	2026-08-10T14:57:06Z
agent_tooldef_hardneg_sglang_api_567_full/logs/eval_full_device5.log	cfefc162c98d3b5f7d9b4a8a3f4f5ae07d7adf5c8611dc10084c06bf440164de	11511	2026-08-10T14:54:00Z
agent_tooldef_hardneg_sglang_api_567_full/logs/eval_hybrid_device7.log	34c662fb3c14c2bbdfc512e4a13919cf375ca5da62d75aa4c38921d2797ad6ff	13139	2026-08-10T14:57:23Z
agent_tooldef_hardneg_sglang_api_567_full/logs/server_c2kv_device6.log	91ee5194b3575e53c6704521da69350527f14b449118516d4684969c8488983b	538772	2026-08-10T14:57:07Z
agent_tooldef_hardneg_sglang_api_567_full/logs/server_full_device5.log	c48fead39ab38e0cc60f63db3a0c12c8032200c7ed01e2bc18daf0ebae8ef862	87010	2026-08-10T14:54:04Z
agent_tooldef_hardneg_sglang_api_567_full/logs/server_hybrid_device7.log	b0e7c9883743597caaa55c76c0ac6e9935017a6fdadb4609eba898317d1ff52a	515755	2026-08-10T14:57:27Z
agent_tooldef_hardneg_sglang_api_567_full/merged/c2kv.jsonl	bac4839bd5b5269afdbfd59bd1cc482bdcc94537fbf66716bb5bf15b2d6027ab	500403	2026-08-10T14:57:28Z
agent_tooldef_hardneg_sglang_api_567_full/merged/full.jsonl	d3ee3f048c5e6e65108f58b23882fccb988a46cdf2855aacdc0de0085b5b9c45	103727	2026-08-10T14:57:28Z
agent_tooldef_hardneg_sglang_api_567_full/merged/hybrid.jsonl	e4b698a18b023472d3b03808b07a7284933631d65d4d54aeb3455ade9c460df9	462596	2026-08-10T14:57:28Z
agent_tooldef_hardneg_sglang_api_567_full/parts/c2kv.jsonl	bac4839bd5b5269afdbfd59bd1cc482bdcc94537fbf66716bb5bf15b2d6027ab	500403	2026-08-10T14:57:06Z
agent_tooldef_hardneg_sglang_api_567_full/parts/c2kv.summary.json	e522922d6a4128419d8e459f86998a17338a63bb2c8ed8015cd9d1be87e63448	7299	2026-08-10T14:57:06Z
agent_tooldef_hardneg_sglang_api_567_full/parts/full.jsonl	d3ee3f048c5e6e65108f58b23882fccb988a46cdf2855aacdc0de0085b5b9c45	103727	2026-08-10T14:54:00Z
agent_tooldef_hardneg_sglang_api_567_full/parts/full.summary.json	c7946b7621739642525a2b8f073040a699c18dde02d4677038a3a7413293e477	5829	2026-08-10T14:54:00Z
agent_tooldef_hardneg_sglang_api_567_full/parts/hybrid.jsonl	e4b698a18b023472d3b03808b07a7284933631d65d4d54aeb3455ade9c460df9	462596	2026-08-10T14:57:22Z
agent_tooldef_hardneg_sglang_api_567_full/parts/hybrid.summary.json	8335ec6dd67b33c0384046d7d1a5a28827cbd69bcf12e954cf137c78dc1aa146	7289	2026-08-10T14:57:22Z
agent_tooldef_hardneg_sglang_api_567_full/report.md	1a07c96842a85b1f9e5d47964a2f093a7e6937adbf4986a5cdc466e97c294143	2507	2026-08-10T14:57:28Z
agent_tooldef_hardneg_sglang_api_567_full/summary.json	f49e09520eb1cfebcd1ada899f791d2ec426da297020d6b5e768911288ef7ec8	22109	2026-08-10T14:57:28Z
agent_tooldef_hybrid_router_eval_npu.jsonl	263088b1a406fedc3b4391f26d22b7219ecbf5321a1057b76e1cce2ddec8d903	236557	2026-07-13T14:35:57Z
agent_tooldef_hybrid_router_eval_npu.parts/hybrid_lexical_3_r4.jsonl	892523965383ff9bb8fc7c6a05c83ad6d6937d869adf6b47a48c4173c50c3855	98849	2026-07-13T14:31:34Z
agent_tooldef_hybrid_router_eval_npu.parts/hybrid_lexical_3_r4.log	f13700ad4de5c7c495fe73db97a386d020b68d7edbb52e6c7ace34d2f9761e9a	8074	2026-07-13T14:31:35Z
agent_tooldef_hybrid_router_eval_npu.parts/hybrid_lexical_3_r4.summary.json	2b608e46dd6a80f786d3be33a808735e510069c40f39f1ec5f35d868394f6089	1404	2026-07-13T14:31:34Z
agent_tooldef_hybrid_router_eval_npu.parts/hybrid_random_3_r4.jsonl	077237e610703a14d256918cc74b838e820673450f09f3345a2f5b4c534e1014	137708	2026-07-13T14:35:49Z
agent_tooldef_hybrid_router_eval_npu.parts/hybrid_random_3_r4.log	c1a7d22aba61360c2f01c758306c8189763e171592a38087b7dad0affcddbbb6	10419	2026-07-13T14:35:50Z
agent_tooldef_hybrid_router_eval_npu.parts/hybrid_random_3_r4.summary.json	7c4579abe2654a399054ce5dcdb70558099f06c6de406225e75ffcc2e453792c	1413	2026-07-13T14:35:49Z
agent_tooldef_hybrid_router_eval_npu.summary.json	563ecb98e7ad82bd5fecc888df15de410a8e43d5ac1498bfe6920e8c32b5e649	3734	2026-07-13T14:35:57Z
agent_tooldef_hybrid_router_fair_grid.jsonl	1b71d1bf8cc1522641cf42114f3c0e1f07300601ebfd5c73b770b1b1512d745f	3420835	2026-07-15T16:28:20Z
agent_tooldef_hybrid_router_fair_grid.parts/hybrid_lexical_1_r2.jsonl	3e0df8bfb74149dbb083c9a9a2daa369bc47eb5dba10c2781990b5c445777109	185787	2026-07-15T15:48:57Z
agent_tooldef_hybrid_router_fair_grid.parts/hybrid_lexical_1_r2.log	d1a50f912d4906f3a22c6c8daa915e12b96ded3a46cbe8d59f2ccccc7d36ab44	12952	2026-07-15T15:48:57Z
agent_tooldef_hybrid_router_fair_grid.parts/hybrid_lexical_1_r2.summary.json	7c5a310de066433604b620af58dc0769424ad342bcf4a69723245913c3fd89f6	1416	2026-07-15T15:48:57Z
agent_tooldef_hybrid_router_fair_grid.parts/hybrid_lexical_1_r4.jsonl	b0f29e0bfe7abfe629842b2be90984572074a0605576b1264b3a6e542e44f5d2	188305	2026-07-15T15:48:43Z
agent_tooldef_hybrid_router_fair_grid.parts/hybrid_lexical_1_r4.log	a7bb51c9d7db935dc170281206ebe8ee98f9f03b67440b9b963e058813511ae0	12867	2026-07-15T15:48:44Z
agent_tooldef_hybrid_router_fair_grid.parts/hybrid_lexical_1_r4.summary.json	7a1a59818dafd4db59609b57cea538e75942de69f0b72b017d7bc49463ce76e8	1418	2026-07-15T15:48:43Z
agent_tooldef_hybrid_router_fair_grid.parts/hybrid_lexical_1_r8.jsonl	84e7b40628b7f73fa26633f1ecb579b83b757c05ed47f655fca236cd75f3ac42	187914	2026-07-15T15:49:37Z
agent_tooldef_hybrid_router_fair_grid.parts/hybrid_lexical_1_r8.log	593dfeb90419529d282bb6f856a6ccba5980b074aeebbe4527f200f05a674d2d	12929	2026-07-15T15:49:37Z
agent_tooldef_hybrid_router_fair_grid.parts/hybrid_lexical_1_r8.summary.json	c87efff1d2ea4bacb5e7e7012d443064f414e08d9e7fceb6195acfc2a9949662	1404	2026-07-15T15:49:37Z
agent_tooldef_hybrid_router_fair_grid.parts/hybrid_lexical_3_r2.jsonl	f2ae1498bd960fce7eea64bda8d707a9bec02c5bf67916700e965969b0cc6c4b	188712	2026-07-15T15:48:16Z
agent_tooldef_hybrid_router_fair_grid.parts/hybrid_lexical_3_r2.log	5035bd0ed0430e88bbe61c12e1c002cdf8a8aa5bc11a55a828107fe425b0f1d7	12944	2026-07-15T15:48:16Z
agent_tooldef_hybrid_router_fair_grid.parts/hybrid_lexical_3_r2.summary.json	ef260c77a05e9b8c2e9308e32dd16ccf720e69fa3d86a0038e580c06ea06e029	1410	2026-07-15T15:48:16Z
agent_tooldef_hybrid_router_fair_grid.parts/hybrid_lexical_3_r4.jsonl	80a0022499443752557c19534bde1119c3ee97537a9fe8a1704df77f79f749fb	189450	2026-07-15T15:47:47Z
agent_tooldef_hybrid_router_fair_grid.parts/hybrid_lexical_3_r4.log	adfc7e0d1f7630400a7bf488b1ff3b21d9c42b928c18ec334841a19d3325ab51	12866	2026-07-15T15:47:47Z
agent_tooldef_hybrid_router_fair_grid.parts/hybrid_lexical_3_r4.summary.json	e5cb9b201be8d76c66fd2330aa512e7df08964e91a540b7b2dfd27125007b6cd	1415	2026-07-15T15:47:47Z
agent_tooldef_hybrid_router_fair_grid.parts/hybrid_lexical_3_r8.jsonl	1d0f2644b6137062d5d3550868da8c0605dd189dcaf63f753b2b0bc089771d62	190015	2026-07-15T15:47:56Z
agent_tooldef_hybrid_router_fair_grid.parts/hybrid_lexical_3_r8.log	20eb4ea1e3900c27f45f9dd36f874763b7f2c336a8a4f1390762032b2e3922f4	12947	2026-07-15T15:47:56Z
agent_tooldef_hybrid_router_fair_grid.parts/hybrid_lexical_3_r8.summary.json	aedd487518f003448deccb043b9a376836fd83ff9d664bae883e96552eb2818a	1415	2026-07-15T15:47:56Z
agent_tooldef_hybrid_router_fair_grid.parts/hybrid_lexical_5_r2.jsonl	ae050bc9bf9515f919d47db99fee49d5c7ae280f63da0f38c19bce0e91bfc156	192283	2026-07-15T15:47:56Z
agent_tooldef_hybrid_router_fair_grid.parts/hybrid_lexical_5_r2.log	591df90bd987c978dd9903874920b7970784cf3b9d716a011266b366ec424bf0	12937	2026-07-15T15:47:56Z
agent_tooldef_hybrid_router_fair_grid.parts/hybrid_lexical_5_r2.summary.json	c4e7d5908ae8982e3aada61c0cec03e056f4e6254ffcc65620490cef19750180	1401	2026-07-15T15:47:56Z
agent_tooldef_hybrid_router_fair_grid.parts/hybrid_lexical_5_r4.jsonl	e7be726fb2668232faead00bc388948a7f763919258c7235379cbe3b8130414c	194229	2026-07-15T15:47:29Z
agent_tooldef_hybrid_router_fair_grid.parts/hybrid_lexical_5_r4.log	2e009a541035bcdfcf5dd94dfb6a033daf12d206ab3edfe13c3b728389787478	12951	2026-07-15T15:47:30Z
agent_tooldef_hybrid_router_fair_grid.parts/hybrid_lexical_5_r4.summary.json	3db4fca37087afe9366fc1b9efa6873f82aa29ef5e36ac2c664338cb631d8346	1415	2026-07-15T15:47:29Z
agent_tooldef_hybrid_router_fair_grid.parts/hybrid_lexical_5_r8.jsonl	a79be789844e0427c0a6908cc26fefd3eea9f5f61d2b48a1980ffdb0caa0d468	193769	2026-07-15T16:08:07Z
agent_tooldef_hybrid_router_fair_grid.parts/hybrid_lexical_5_r8.log	db9164ac67d0825ad6f20e945b7e19027584410d2275c596cb31f36e9160ae1d	12952	2026-07-15T16:08:07Z
agent_tooldef_hybrid_router_fair_grid.parts/hybrid_lexical_5_r8.summary.json	4bf66f554f6e9bcb7451f65f01f5fff3181c3cfb3e6777a8aa9bd8a30abc4461	1416	2026-07-15T16:08:07Z
agent_tooldef_hybrid_router_fair_grid.parts/hybrid_random_1_r2.jsonl	e8771da6f4a4464f378887681b7526a96535df0de9dc5a82e840aca1d0737b46	183990	2026-07-15T16:08:55Z
agent_tooldef_hybrid_router_fair_grid.parts/hybrid_random_1_r2.log	73b549a1f58a67a4574b04cba2c197e40577d854c64849a1613f012d53d18672	12947	2026-07-15T16:08:55Z
agent_tooldef_hybrid_router_fair_grid.parts/hybrid_random_1_r2.summary.json	9ded59786b71356a808b26c933c9906adab26822bcce6f712de50f7c557f995f	1415	2026-07-15T16:08:55Z
agent_tooldef_hybrid_router_fair_grid.parts/hybrid_random_1_r4.jsonl	2738e62f2a96d0402729f5aa6c156c487635f35245feb2ce57d2232c35537a3c	185571	2026-07-15T16:08:24Z
agent_tooldef_hybrid_router_fair_grid.parts/hybrid_random_1_r4.log	c7602d0e63a15c25abf9b33c662a4ebf84898cc7c1f5a415e38daf417a9e6c0e	12950	2026-07-15T16:08:25Z
agent_tooldef_hybrid_router_fair_grid.parts/hybrid_random_1_r4.summary.json	85e40707c155f47a923688855c9bbb8a71bf7284312683330168b967c703fef9	1416	2026-07-15T16:08:24Z
agent_tooldef_hybrid_router_fair_grid.parts/hybrid_random_1_r8.jsonl	f1897029157a3c973a27aeb926adfc06924ccbe1fdaa4ccee97131fb6e63dcaa	186537	2026-07-15T16:08:20Z
agent_tooldef_hybrid_router_fair_grid.parts/hybrid_random_1_r8.log	4cbd76fe2d3baeba578829377631deceb9c8a6501d0d4480f53e5d92c138ea89	12946	2026-07-15T16:08:20Z
agent_tooldef_hybrid_router_fair_grid.parts/hybrid_random_1_r8.summary.json	903e138dd89e0bd3f4680f5558deb2797f48bfc0754981d48b8b6b2c7bd61bf9	1414	2026-07-15T16:08:20Z
agent_tooldef_hybrid_router_fair_grid.parts/hybrid_random_3_r2.jsonl	a5fedf78f3d4c938898ae4f967feb35964efee755025bbaf1ee61775fef5e711	187781	2026-07-15T16:07:54Z
agent_tooldef_hybrid_router_fair_grid.parts/hybrid_random_3_r2.log	294ee9900d14c95791eb921345ed3af1015f1fe19b027e9a1cd206337a5fcf13	12936	2026-07-15T16:07:54Z
agent_tooldef_hybrid_router_fair_grid.parts/hybrid_random_3_r2.summary.json	cfeba823d08ed0a9a75c666a652109a46f364bbf069ab1bfe66ae12e881519a3	1402	2026-07-15T16:07:54Z
agent_tooldef_hybrid_router_fair_grid.parts/hybrid_random_3_r4.jsonl	ff57622cc8c2eff9334c870f291f924df1f731c71679cc689863f15ff5e10612	190741	2026-07-15T16:08:36Z
agent_tooldef_hybrid_router_fair_grid.parts/hybrid_random_3_r4.log	19368bcc6caa7050c70d188d98b7f91a53f7871e5961a61596084bcb51314495	12861	2026-07-15T16:08:36Z
agent_tooldef_hybrid_router_fair_grid.parts/hybrid_random_3_r4.summary.json	4f16a97b4b1c44e1e61f86042f0db2134a467d57f57cf70831077f6cdaee01e9	1414	2026-07-15T16:08:36Z
agent_tooldef_hybrid_router_fair_grid.parts/hybrid_random_3_r8.jsonl	a799b4708802a65862320a19798c02bb4e6888b71f8193a2159b44f8930f9201	192209	2026-07-15T16:28:11Z
agent_tooldef_hybrid_router_fair_grid.parts/hybrid_random_3_r8.log	0a28840f6d80e6bf4875fbd4030a4b38edb7c7fd3dac9ec498a875d7ad577dba	12938	2026-07-15T16:28:12Z
agent_tooldef_hybrid_router_fair_grid.parts/hybrid_random_3_r8.summary.json	764ed2dbc61105bef6c51c2ac48177fb50337149f39d9b28f0d085fc969cb0f4	1417	2026-07-15T16:28:11Z
agent_tooldef_hybrid_router_fair_grid.parts/hybrid_random_5_r2.jsonl	81819cb6c3d62dbae86861f88491c629ae10f33f0a0f0e009ffe3cca5e724b62	192819	2026-07-15T16:08:28Z
agent_tooldef_hybrid_router_fair_grid.parts/hybrid_random_5_r2.log	730aad9a29a34d9976b20e19c13a3a499d5e5394f33ea8533022c86233a49aaf	12946	2026-07-15T16:08:28Z
agent_tooldef_hybrid_router_fair_grid.parts/hybrid_random_5_r2.summary.json	ba5900e429009e59006b7ba3f536446af6596c3b800dded0b880508e06277721	1412	2026-07-15T16:08:28Z
agent_tooldef_hybrid_router_fair_grid.parts/hybrid_random_5_r4.jsonl	4c3881973f88a967dab3be6efe812f21c699be8f7c8a8beeabaf1b422502c4f0	195320	2026-07-15T16:08:15Z
agent_tooldef_hybrid_router_fair_grid.parts/hybrid_random_5_r4.log	b93efbd4e74adfa96921c6a911bb85f97c638b865e68762b3d8936ffc65ad825	12930	2026-07-15T16:08:16Z
agent_tooldef_hybrid_router_fair_grid.parts/hybrid_random_5_r4.summary.json	49d17b3ed7d663f76e50a3f052629982d7ec31cea67b648915c0a3f8726609f7	1396	2026-07-15T16:08:15Z
agent_tooldef_hybrid_router_fair_grid.parts/hybrid_random_5_r8.jsonl	894cbb763db71c191d436059335015c050cf21e2a41a1b614570b1e237c96739	195403	2026-07-15T16:28:13Z
agent_tooldef_hybrid_router_fair_grid.parts/hybrid_random_5_r8.log	1cf9a16e8c12046181ff4ed11aafb09ae07666c9d7bd5e97e9c3b170884dba86	12945	2026-07-15T16:28:14Z
agent_tooldef_hybrid_router_fair_grid.parts/hybrid_random_5_r8.summary.json	7321d6634649c6ad4504d78169f35bc4d6ebcd0a8ebc07526f0f9017082725e6	1416	2026-07-15T16:28:13Z
agent_tooldef_hybrid_router_fair_grid.summary.json	aac7fab633b9ce2ac499d1323dbfc50ef8bbf77d73fe1e08e627846beba57b30	192615	2026-07-15T16:28:20Z
agent_tooldef_reuse_baselines_4x_all_eval_0723.parts/c2kv_r4.jsonl	d802f151d41f709c1166939d1e1f45023d6b648c29fd8c2817bde28336603c2e	126309	2026-07-23T04:08:50Z
agent_tooldef_reuse_baselines_4x_all_eval_0723.parts/c2kv_r4.log	605f34e25adec452dc012bfcfa61b9db58c49df33b2c2e9cb0855404eaabda86	15633	2026-07-23T04:08:50Z
agent_tooldef_reuse_baselines_4x_all_eval_0723.parts/c2kv_r4.summary.json	0eae749ee375bcee8b3f487ca06d5f68a98dcca7b18afcecb9acc02bf3ad5558	3640	2026-07-23T04:08:50Z
agent_tooldef_reuse_baselines_4x_all_eval_0723.parts/cacheblend_vdiff_snapkv_hybrid_r4.jsonl	89bdcf48bf154945ace019d257719f9570363bb7bf3d6cfbf9d865489b7f6a99	181425	2026-07-23T04:31:28Z
agent_tooldef_reuse_baselines_4x_all_eval_0723.parts/cacheblend_vdiff_snapkv_hybrid_r4.log	c8da9eface3499091b58da674ab961a863288b685b90f3f3578d8995eb08d9b2	17913	2026-07-23T04:31:28Z
agent_tooldef_reuse_baselines_4x_all_eval_0723.parts/cacheblend_vdiff_snapkv_hybrid_r4.summary.json	56f9961bdd8cb1000b53cd199198b051c81c880509b443209a80028767759bb5	3742	2026-07-23T04:31:28Z
agent_tooldef_reuse_baselines_4x_all_eval_0723.parts/cacheblend_vdiff_snapkv_r4.jsonl	87de329b881607395d1aaef51ba221ae4861c52448ce0e2f22ae8a9743663d12	132830	2026-07-23T04:31:13Z
agent_tooldef_reuse_baselines_4x_all_eval_0723.parts/cacheblend_vdiff_snapkv_r4.log	d7fce35cf3bc569612108ae3e1c9e5f6de202d31b11199e7a82580fbdbe4cd22	17162	2026-07-23T04:31:14Z
agent_tooldef_reuse_baselines_4x_all_eval_0723.parts/cacheblend_vdiff_snapkv_r4.summary.json	ddaf7f2f22e5636020ac3c109e3362813de477c5936e38a1f36acaf01f795ad4	3709	2026-07-23T04:31:13Z
agent_tooldef_reuse_baselines_4x_all_eval_0723.parts/epic_leading32_snapkv_hybrid_r4.jsonl	09488fbec9d302777e2decca3c9feefaadc1135137cc36cca30c3380e9a39584	179887	2026-07-23T04:30:40Z
agent_tooldef_reuse_baselines_4x_all_eval_0723.parts/epic_leading32_snapkv_hybrid_r4.log	def9b795ca795d316ea7075c380e1f0367be3856f41f1d64280f1be18545c768	17671	2026-07-23T04:30:41Z
agent_tooldef_reuse_baselines_4x_all_eval_0723.parts/epic_leading32_snapkv_hybrid_r4.summary.json	a9996a648d33c8997f66723e2b5ca4a811732b061f9f563c40731c0d804a704f	3750	2026-07-23T04:30:40Z
agent_tooldef_reuse_baselines_4x_all_eval_0723.parts/epic_leading32_snapkv_r4.jsonl	aee0d79ad76f5ac5149ca805aafb9631691bc8305cc87c6d85333e5cd9d9e180	129832	2026-07-23T04:08:01Z
agent_tooldef_reuse_baselines_4x_all_eval_0723.parts/epic_leading32_snapkv_r4.log	912fe42e7955599fd33de76b81ce321795971a9065a466b71ee735e5512cecbd	16900	2026-07-23T04:08:01Z
agent_tooldef_reuse_baselines_4x_all_eval_0723.parts/epic_leading32_snapkv_r4.summary.json	adf5f6cfe4f0b45c831950031829e91d72a93eb5194b73b78bfbefe3915b9a6f	3693	2026-07-23T04:08:01Z
agent_tooldef_reuse_baselines_4x_all_eval_0723.parts/full_r1.jsonl	950abf6c33be62e7a4937ca2400bdadfc5237cc62d0738aa70ef371b08fe6e7f	127157	2026-07-23T04:05:30Z
agent_tooldef_reuse_baselines_4x_all_eval_0723.parts/full_r1.log	fcbebf01bc8d21b8b1eaa6e7237ad8646f39667ade8ea1d596a011949ef5a35e	14592	2026-07-23T04:05:30Z
agent_tooldef_reuse_baselines_4x_all_eval_0723.parts/full_r1.summary.json	411b19f7679e25274d2295b0f67760c8ec6fedb25202657953fd0e9b76a76474	3608	2026-07-23T04:05:30Z
agent_tooldef_reuse_baselines_4x_all_eval_0723.parts/hybrid_r4.jsonl	bea594a741b9a8fa424fd06f7a0f99fa52ba0f2517f436a4f24f75e15ff90894	171037	2026-07-23T04:08:17Z
agent_tooldef_reuse_baselines_4x_all_eval_0723.parts/hybrid_r4.log	a0c6f0e809e840bba2df6c07385c8cf5fe8eabca059bd60bf721f07eae54c189	16039	2026-07-23T04:08:17Z
agent_tooldef_reuse_baselines_4x_all_eval_0723.parts/hybrid_r4.summary.json	a9210f1916b502b53da4345a7fbfe35ef4975b778f347a1edb5df3c34595459d	3677	2026-07-23T04:08:17Z
agent_tooldef_reuse_baselines_4x_all_eval_0723.parts/snapkv_hybrid_r4.jsonl	bd50be3dadab61ba239523323e8776b9e964b236e5a3dde6559847fbacf381ca	180504	2026-07-23T04:08:46Z
agent_tooldef_reuse_baselines_4x_all_eval_0723.parts/snapkv_hybrid_r4.log	a0846ac3bad81322e2f80d6b0b6a73ae98dbe9cb540906567c06b2617bcd31cc	15795	2026-07-23T04:08:46Z
agent_tooldef_reuse_baselines_4x_all_eval_0723.parts/snapkv_hybrid_r4.summary.json	ef558c33e2617a20b64ad156962192e39a3497a0a7264522943a4ad1d8cd9e78	3694	2026-07-23T04:08:46Z
agent_tooldef_reuse_baselines_4x_all_eval_0723.parts/snapkv_reuse_r4.jsonl	2bf9d6412f7446b56b37b3ddd46f59303b91efefcac38db0853350066ebeb76d	132225	2026-07-23T04:07:47Z
agent_tooldef_reuse_baselines_4x_all_eval_0723.parts/snapkv_reuse_r4.log	257d13fe979b90729edb16766d3ba958132c6c40219c22cdfbd4297322c7464d	15758	2026-07-23T04:07:47Z
agent_tooldef_reuse_baselines_4x_all_eval_0723.parts/snapkv_reuse_r4.summary.json	dcd6fa813c45875dee4b0c27b587e84f1a836910a6cd4165ebe4adf6f203c98a	3661	2026-07-23T04:07:47Z
agent_tooldef_reuse_baselines_eval_npu.jsonl	a2fb8b4692dcee239407aa9fd8d76bcfae573cda94b097e0546656bba62aa61a	1361025	2026-08-01T15:00:55Z
agent_tooldef_reuse_baselines_eval_npu.parts/c2kv_r4.jsonl	1ce44dfa0cbf278ba5dffa4941ccdde116b392f870327ca6f9584fd02efd08b3	126319	2026-08-01T14:38:09Z
agent_tooldef_reuse_baselines_eval_npu.parts/c2kv_r4.log	5bc4f5ff180151a3b2ba706522e67047025545b38bdc4e9cd2de54f6a44f7cce	15748	2026-08-01T14:38:09Z
agent_tooldef_reuse_baselines_eval_npu.parts/c2kv_r4.summary.json	1e10641243d894eb4172391781113fbbb7e452b89f68aa2ff01eb28baba5135e	3836	2026-08-01T14:38:09Z
agent_tooldef_reuse_baselines_eval_npu.parts/cacheblend_vdiff_snapkv_hybrid_r4.jsonl	d354aa229fbe8a690017441d81a22a167e763695a3006d630473a42850a9c99d	159323	2026-08-01T15:00:48Z
agent_tooldef_reuse_baselines_eval_npu.parts/cacheblend_vdiff_snapkv_hybrid_r4.log	c5ece5e030e081323804fdc8d9e385455c0abab40a9eb051a2506fa5bc03afcf	19794	2026-08-01T15:00:48Z
agent_tooldef_reuse_baselines_eval_npu.parts/cacheblend_vdiff_snapkv_hybrid_r4.summary.json	f66b79005135df264db42025b932a445d1a90c15943cb982db79135317aa3cca	3973	2026-08-01T15:00:48Z
agent_tooldef_reuse_baselines_eval_npu.parts/cacheblend_vdiff_snapkv_r4.jsonl	dc8f12c8d1cee1182a7a021f7db66ff9ade425c5dbdc38db9c41d7f9d96f85f4	131846	2026-08-01T14:38:42Z
agent_tooldef_reuse_baselines_eval_npu.parts/cacheblend_vdiff_snapkv_r4.log	f2e2bfcc1b6a94805772cde7b685fa162d4b85267efa264ff657e3aa4d6c5f02	17346	2026-08-01T14:38:42Z
agent_tooldef_reuse_baselines_eval_npu.parts/cacheblend_vdiff_snapkv_r4.summary.json	cf0a3180f1ddbd138c6cc55a6c653c779593b1cd9f24ca6fbaf7b31a18071c37	3889	2026-08-01T14:38:42Z
agent_tooldef_reuse_baselines_eval_npu.parts/epic_leading32_snapkv_hybrid_r4.jsonl	1f319176020c90962c9d0c8c4969d93a4743e8852056af05ecce49ce8e539a99	179170	2026-08-01T14:38:49Z
agent_tooldef_reuse_baselines_eval_npu.parts/epic_leading32_snapkv_hybrid_r4.log	50adf635cbf04059152aa49dc54bcf2d823b9768974171097c79c20998c209a5	17826	2026-08-01T14:38:49Z
agent_tooldef_reuse_baselines_eval_npu.parts/epic_leading32_snapkv_hybrid_r4.summary.json	eebd9ea40db0712c95e3006500ac603ed7e9f01891b4653eafd5820c901374c3	3978	2026-08-01T14:38:49Z
agent_tooldef_reuse_baselines_eval_npu.parts/epic_leading32_snapkv_r4.jsonl	a6efce7466cb81fd23a423e286e7a1f9b0547b176842f9e2d3f5272480de922a	130324	2026-08-01T14:36:47Z
agent_tooldef_reuse_baselines_eval_npu.parts/epic_leading32_snapkv_r4.log	9f759cfb2b909da348489fef187d9d7297004017019fce82eb4fe5e60b87a812	17092	2026-08-01T14:36:47Z
agent_tooldef_reuse_baselines_eval_npu.parts/epic_leading32_snapkv_r4.summary.json	da88267de2b0a9e74958f1ddcab38955b55e89767d2bbcd708f261a4bd6980f9	3887	2026-08-01T14:36:47Z
agent_tooldef_reuse_baselines_eval_npu.parts/full_r1.jsonl	642b6973186ebda1ffaeb66ed45396658429c77f7ccbb27acd96c73b2b16b7d1	116050	2026-08-01T14:34:22Z
agent_tooldef_reuse_baselines_eval_npu.parts/full_r1.log	ce62c41ab7cbd790381f704ce47964f08684378511d26bc0444a8c5c546216d4	15482	2026-08-01T14:34:22Z
agent_tooldef_reuse_baselines_eval_npu.parts/full_r1.summary.json	a43fe5d7d36ad1a9878d8750bb89f4d4f3c774565634ad735608f86bf45e9420	3795	2026-08-01T14:34:22Z
agent_tooldef_reuse_baselines_eval_npu.parts/hybrid_r4.jsonl	54d4ff6578c4b1d66fd8ec52304ec1cd92724874a66c26eefb8adab9465c9f12	214884	2026-08-01T14:39:03Z
agent_tooldef_reuse_baselines_eval_npu.parts/hybrid_r4.log	1b3f773bd684d580e3e6b97b9bd6b28e0b49cc315f93a666b31b0975b8b7e701	16179	2026-08-01T14:39:03Z
agent_tooldef_reuse_baselines_eval_npu.parts/hybrid_r4.summary.json	2a5f88b6658750c0d6e7c4720d24be93347163b9f7524c9fe2cb2992859379a5	3900	2026-08-01T14:39:03Z
agent_tooldef_reuse_baselines_eval_npu.parts/snapkv_hybrid_r4.jsonl	e5f9dd1cd001d98d318903fe3f29832348bef22cf464bd85bfb05673699c3353	180459	2026-08-01T14:39:08Z
agent_tooldef_reuse_baselines_eval_npu.parts/snapkv_hybrid_r4.log	9226cbdde023796824fa0f577b9b8fe31a8158de69f52d801952b6727b48625c	16025	2026-08-01T14:39:09Z
agent_tooldef_reuse_baselines_eval_npu.parts/snapkv_hybrid_r4.summary.json	59f0ce914c8209399a5367965d9a939948885e2c0cb712b65773f3b4af5f4501	3924	2026-08-01T14:39:08Z
agent_tooldef_reuse_baselines_eval_npu.parts/snapkv_reuse_r4.jsonl	d8840977326f3dcbff90bc1d7c6f13ae34a02beea0ac549308c27ddde7a8ed3e	122650	2026-08-01T14:37:51Z
agent_tooldef_reuse_baselines_eval_npu.parts/snapkv_reuse_r4.log	9d2040c6c6baa510140aab93b78f2d3a993b76bb8e6a76c9de2bd4473d86a6e9	16458	2026-08-01T14:37:52Z
agent_tooldef_reuse_baselines_eval_npu.parts/snapkv_reuse_r4.summary.json	ca26ecc6bcc5a5f5ecd90dbc4ebef126e8fcb5a12c2bd6e1bcd876d570279a54	3861	2026-08-01T14:37:51Z
agent_tooldef_reuse_baselines_eval_npu.summary.json	5730a704ecd1a492039b3dfb52bb16b3962d92f4c41288ee8c7fb638f4de8b1e	24898	2026-08-01T15:00:55Z
agent_tooldef_reuse_baselines_with_hybrids_eval_npu.parts/c2kv_r4.jsonl	082fab99df72e6fd3653a4fa36d90972013055a2cb71fecc9e505859d9014fd9	129741	2026-07-21T10:54:50Z
agent_tooldef_reuse_baselines_with_hybrids_eval_npu.parts/c2kv_r4.log	d270ac319995af035db4aaa71f0e0fc5885ac85236d8f946eebdf287ae78f2b9	24720	2026-07-21T10:54:50Z
agent_tooldef_reuse_baselines_with_hybrids_eval_npu.parts/c2kv_r4.summary.json	4e386f2cc6622398e5f57815d15050093eaa72663d5df07cb428131382419a65	2498	2026-07-21T10:54:50Z
agent_tooldef_reuse_baselines_with_hybrids_eval_npu.parts/cacheblend_vdiff_snapkv_hybrid_r4.jsonl	684c1238b6198348ba867ece0af4f5bf0018f956012baaccb0f1b152600d3b68	184716	2026-07-21T11:35:20Z
agent_tooldef_reuse_baselines_with_hybrids_eval_npu.parts/cacheblend_vdiff_snapkv_hybrid_r4.log	48dfc2eed92e291197889ef93c7777d713508eadd852c2588018f13c4dbac572	28988	2026-07-21T11:35:20Z
agent_tooldef_reuse_baselines_with_hybrids_eval_npu.parts/cacheblend_vdiff_snapkv_hybrid_r4.summary.json	ff8d7e372fa23453cc44a91266f2fcb2e896c95762db6f226a8a8a04a8a59937	2606	2026-07-21T11:35:20Z
agent_tooldef_reuse_baselines_with_hybrids_eval_npu.parts/cacheblend_vdiff_snapkv_r4.jsonl	31a21694fbcb03992772aab545d23dcdaf6b3f7034d7743aacd04013f4d751c3	142979	2026-07-21T10:55:25Z
agent_tooldef_reuse_baselines_with_hybrids_eval_npu.parts/cacheblend_vdiff_snapkv_r4.log	72183192dfb05f734325576df0a92944393f71e9a43c6c63763e051175cb5619	27580	2026-07-21T10:55:26Z
agent_tooldef_reuse_baselines_with_hybrids_eval_npu.parts/cacheblend_vdiff_snapkv_r4.summary.json	62a7faceaffbb0cc1efe15b05f767609d3397b612c6f8bb4e7621032024b9620	2604	2026-07-21T10:55:25Z
agent_tooldef_reuse_baselines_with_hybrids_eval_npu.parts/epic_leading32_snapkv_hybrid_r4.jsonl	3988b1183a1f37901ba3386a3eaddf43abedc064e8240f1b003810de6e0cdb5d	184040	2026-07-21T11:35:19Z
agent_tooldef_reuse_baselines_with_hybrids_eval_npu.parts/epic_leading32_snapkv_hybrid_r4.log	cd39f20057c9ce26ed03698615b713aee4b53592c7b6fcb69fe18dc936bd9def	28561	2026-07-21T11:35:19Z
agent_tooldef_reuse_baselines_with_hybrids_eval_npu.parts/epic_leading32_snapkv_hybrid_r4.summary.json	32bfa40409bb2f5d17597e0efef8a9cbdebf6ce96b7f63c4f64b227181f031ff	2614	2026-07-21T11:35:19Z
agent_tooldef_reuse_baselines_with_hybrids_eval_npu.parts/epic_leading32_snapkv_r4.jsonl	10aa44767c48c0c60eafc66caec4d914563e550d91aa0a2fb5aeaead467dd1b6	145113	2026-07-21T10:54:05Z
agent_tooldef_reuse_baselines_with_hybrids_eval_npu.parts/epic_leading32_snapkv_r4.log	b91dd4148728e59debe14ff92013dea9d3ae6a9e0be997b4397a6ccf9f1f712b	27132	2026-07-21T10:54:05Z
agent_tooldef_reuse_baselines_with_hybrids_eval_npu.parts/epic_leading32_snapkv_r4.summary.json	a43e5ca86f44e7a18edbd9821f2e32052e39a1b18a1a8d315879c887620ce926	2600	2026-07-21T10:54:05Z
agent_tooldef_reuse_baselines_with_hybrids_eval_npu.parts/full_r1.jsonl	1609ba718c6db72b8f2bb804bcb6b43230800e0e2e25840682069f9ab93986c5	134302	2026-07-21T10:52:30Z
agent_tooldef_reuse_baselines_with_hybrids_eval_npu.parts/full_r1.log	7b85586be977b3b14ee59afb5e45e24026a28c4b3e0629aa53a028cf4dbd01d2	23269	2026-07-21T10:52:30Z
agent_tooldef_reuse_baselines_with_hybrids_eval_npu.parts/full_r1.summary.json	9003d3d230407e0c7285af02080152934f9564c63a8eb4313f878d264e4ab78c	2549	2026-07-21T10:52:30Z
agent_tooldef_reuse_baselines_with_hybrids_eval_npu.parts/hybrid_r4.jsonl	cc0d510db1551b5989f59ac5fee6eb55aeffbd207291b9e393eba8a0b419658c	169807	2026-07-21T10:55:26Z
agent_tooldef_reuse_baselines_with_hybrids_eval_npu.parts/hybrid_r4.log	a6c2202991bc1648d3c75fb2b55eaca5971e401c1409018c629b7c6fe1a031cf	24744	2026-07-21T10:55:26Z
agent_tooldef_reuse_baselines_with_hybrids_eval_npu.parts/hybrid_r4.summary.json	95fcead8e3d32ce0baaff1c7a67aeea6e3c2f651e989aa7bd102e0ad531f1eb5	2540	2026-07-21T10:55:26Z
agent_tooldef_reuse_baselines_with_hybrids_eval_npu.parts/snapkv_hybrid_r4.jsonl	34236c0886d99bfb679627a67e7f017f6046bd0adace32f877b844ba67e9499f	181426	2026-07-21T11:34:52Z
agent_tooldef_reuse_baselines_with_hybrids_eval_npu.parts/snapkv_hybrid_r4.log	dd118887c7a96ff1540cdb02036de212217da2f7adccf4603e334b7341cb0a7a	25200	2026-07-21T11:34:53Z
agent_tooldef_reuse_baselines_with_hybrids_eval_npu.parts/snapkv_hybrid_r4.summary.json	0480bfbe78b6909808ba5d3a5187dd0754c3b1197fe9e9e27e39fb7d7711e2c9	2570	2026-07-21T11:34:52Z
agent_tooldef_reuse_baselines_with_hybrids_eval_npu.parts/snapkv_reuse_r4.jsonl	a46c7cada3e17e5d5a94a076c2b6a82be35b548ff2fb8c2e6e9f3bd760240656	142221	2026-07-21T10:54:12Z
agent_tooldef_reuse_baselines_with_hybrids_eval_npu.parts/snapkv_reuse_r4.log	dba0e2f77de7d58790ce430f7243bbb22cf35c354af3be3b84842fd5d2965d7a	25117	2026-07-21T10:54:12Z
agent_tooldef_reuse_baselines_with_hybrids_eval_npu.parts/snapkv_reuse_r4.summary.json	0101f4c362b5e395baf44aa98a9459886f3b56f8acff5fbddf8b2b62b22773c4	2581	2026-07-21T10:54:12Z
agent_tooldef_reuse_baselines_with_hybrids_eval_npu.summary.json	301a0d46e11bdfd2798a6e13d610c2ee8aa9df9a5d2efa64b4fca07eef84060d	32253	2026-07-21T11:35:26Z
agent_tooldef_selection_ablation_fair.jsonl	40f11b30492020ae4e18f5d80118028f826e32fb2e0e97411bbb144fb864188f	1158200	2026-07-16T04:34:51Z
agent_tooldef_selection_ablation_fair.parts/hybrid_drop_selected_lexical_3_r4.jsonl	b2401a48bcfe1dbeb32bed8677c731bf98a4569325b5d67f718eb6adbd89c834	193637	2026-07-16T04:34:44Z
agent_tooldef_selection_ablation_fair.parts/hybrid_drop_selected_lexical_3_r4.log	b57336f57a4ef3d25d156147906a7b7e84aec5137b0702749e3c718cff9127e9	13039	2026-07-16T04:34:44Z
agent_tooldef_selection_ablation_fair.parts/hybrid_drop_selected_lexical_3_r4.summary.json	ec4ff61932487f731bf50cf94883e66ce600ea2bc8ec3b9f34978377f306c08c	1475	2026-07-16T04:34:44Z
agent_tooldef_selection_ablation_fair.parts/hybrid_drop_selected_random_3_r4.jsonl	28867bee1f036e4991694b85cdcf834a106bd80d1462afce92d4a26b55a2aa7a	193600	2026-07-16T04:34:22Z
agent_tooldef_selection_ablation_fair.parts/hybrid_drop_selected_random_3_r4.log	bfacf69bde7116e9a98f7e081b3d934b99fc4fcf43c4856bbf3dfe7f4fbcd713	13032	2026-07-16T04:34:23Z
agent_tooldef_selection_ablation_fair.parts/hybrid_drop_selected_random_3_r4.summary.json	a7f45f86dd019ce03f7f4f2c9f721720e870921d7453916522b5527dab140d01	1470	2026-07-16T04:34:22Z
agent_tooldef_selection_ablation_fair.parts/hybrid_hybrid_lexical_3_r4.jsonl	c1fdb91ed2bc60cd0a578f7ff759eb536fea69a6bded0ebd0c32112b8c11d14f	192110	2026-07-16T04:34:24Z
agent_tooldef_selection_ablation_fair.parts/hybrid_hybrid_lexical_3_r4.log	0cf81f4c4a6eb3241cab4baaa958adc882825db093576da3ecc75fc01827c2c6	13022	2026-07-16T04:34:24Z
agent_tooldef_selection_ablation_fair.parts/hybrid_hybrid_lexical_3_r4.summary.json	76483e3074bd6c4720cf5c9d8f8c712d2b157311ec8bd533465fa51cf34d8947	1472	2026-07-16T04:34:24Z
agent_tooldef_selection_ablation_fair.parts/hybrid_hybrid_random_3_r4.jsonl	72a5f5dfe0d2b009d2457a595ae05e6a14d100249265e1d9dbce73a8cafac052	193421	2026-07-16T04:34:23Z
agent_tooldef_selection_ablation_fair.parts/hybrid_hybrid_random_3_r4.log	724e2b5ad234d9a5c230e4c79d66d54daeefd9aace4ba7345277993a07e68b6c	13017	2026-07-16T04:34:24Z
agent_tooldef_selection_ablation_fair.parts/hybrid_hybrid_random_3_r4.summary.json	5fe0af0923da72c4092c3a95d94804609356f26a9bbb5f63f10a17dc0891094c	1471	2026-07-16T04:34:23Z
agent_tooldef_selection_ablation_fair.parts/hybrid_topk_only_lexical_3_r4.jsonl	d45320b6be1ece4615edd40268e39c8c365efd359c772e54ceabef0f8517e28d	191581	2026-07-16T04:32:03Z
agent_tooldef_selection_ablation_fair.parts/hybrid_topk_only_lexical_3_r4.log	ed0483beaeb10fa1a68d88d94668607c94c96b3a0215e43b7059e1fffae87735	12914	2026-07-16T04:32:03Z
agent_tooldef_selection_ablation_fair.parts/hybrid_topk_only_lexical_3_r4.summary.json	68b5de97413634307dfc416eea03e69a80d877411f4e666c74224a1547e55435	1447	2026-07-16T04:32:03Z
agent_tooldef_selection_ablation_fair.parts/hybrid_topk_only_random_3_r4.jsonl	fb37dac8291aeac733d720b62e35373abc861e114befa1fb2b6c1881232d8191	193851	2026-07-16T04:34:06Z
agent_tooldef_selection_ablation_fair.parts/hybrid_topk_only_random_3_r4.log	f5bdc0311d8eda671bc8c3ba99de883167151e65d75f00730caf29bf9dcbe078	12989	2026-07-16T04:34:07Z
agent_tooldef_selection_ablation_fair.parts/hybrid_topk_only_random_3_r4.summary.json	4a3771130ab5d98f321f94459e19d2e1630df81d8e324dddae3cb0c432d2e56a	1435	2026-07-16T04:34:06Z
agent_tooldef_selection_ablation_fair.summary.json	a5b162058b858ebb9957000e33a6da46dceab9ec7dd2d36ebabb23fac6b827da	65040	2026-07-16T04:34:51Z
agent_tooldef_session_reuse_eval_npu.jsonl	6cbbb8850f911df95277b6a6d6b5c7479aa586782e6e621d3e96e661a968138d	7678207	2026-07-08T10:01:24Z
agent_tooldef_session_reuse_eval_npu.parts/c2kv_r2_reuseFalse.jsonl	f9c35e1041ae64b0fe90ab911dc9834bcd84e4d92a563257b464d848050af1ae	529811	2026-07-08T08:38:59Z
agent_tooldef_session_reuse_eval_npu.parts/c2kv_r2_reuseFalse.log	39ac4e6b1090e285a8529ee531055cc2fc095a209ca30095b7848a8ac853443c	5809	2026-07-08T08:39:00Z
agent_tooldef_session_reuse_eval_npu.parts/c2kv_r2_reuseFalse.summary.json	07cc2dc6d71fcf06a0df2bd6dd6946d6eb106a450ec8a16da5d489fce0504bc1	970	2026-07-08T08:38:59Z
agent_tooldef_session_reuse_eval_npu.parts/c2kv_r2_reuseTrue.jsonl	5e6bfa4f9632ecafa4d39946dc42be4114957a47e5acf1122d14fe13f4185962	544079	2026-07-08T08:33:35Z
agent_tooldef_session_reuse_eval_npu.parts/c2kv_r2_reuseTrue.log	ceeffecc018f2c8db3be05dfb383f99aa9d3ab5a9a762c47f9203d99d88171f1	5785	2026-07-08T08:33:35Z
agent_tooldef_session_reuse_eval_npu.parts/c2kv_r2_reuseTrue.summary.json	347509ae83702ad6abe5d861d8375669b6a7ad91ca8f109a32813d21db1da769	1007	2026-07-08T08:33:35Z
agent_tooldef_session_reuse_eval_npu.parts/c2kv_r4_reuseFalse.jsonl	f3dabea614880a66efc70ece4d36935839c5390320380b97aec42eaf10ec7a42	531020	2026-07-08T08:33:59Z
agent_tooldef_session_reuse_eval_npu.parts/c2kv_r4_reuseFalse.log	cf0fce9ce7cdd5d50ac3cda8b44a8c467141df95c577a45ef995f3db7b83962b	5652	2026-07-08T08:34:00Z
agent_tooldef_session_reuse_eval_npu.parts/c2kv_r4_reuseFalse.summary.json	fb44d7c2adbf39aabc19bcc34e3682f554d0e92584b76f737b6674744e2188cf	967	2026-07-08T08:33:59Z
agent_tooldef_session_reuse_eval_npu.parts/c2kv_r4_reuseTrue.jsonl	48134de105c557caf0d1c4781ff72062903a6422d15e57fb1292d3b2b1694f75	545294	2026-07-08T08:32:26Z
agent_tooldef_session_reuse_eval_npu.parts/c2kv_r4_reuseTrue.log	c0aebd38061adb439ff9da0fc5250a1b11726755f106532479c66b61cb96e558	5615	2026-07-08T08:32:27Z
agent_tooldef_session_reuse_eval_npu.parts/c2kv_r4_reuseTrue.summary.json	e3950b3fd9a766b18151e801e2b7dfae1da872ba2f93b6179093b67919928ae1	1003	2026-07-08T08:32:26Z
agent_tooldef_session_reuse_eval_npu.parts/c2kv_r8_reuseFalse.jsonl	026fd3a798a77c184eed7cfbb763db2853d2d667bc70c479fdb000c2c59cff55	538796	2026-07-08T08:38:43Z
agent_tooldef_session_reuse_eval_npu.parts/c2kv_r8_reuseFalse.log	bea8c2679b580c9ec67b8812fbcccbc407c01c48e11fa18fb01cd5ceaddaca34	5557	2026-07-08T08:38:44Z
agent_tooldef_session_reuse_eval_npu.parts/c2kv_r8_reuseFalse.summary.json	a2195aa3d534634e72014e679e7942eeac833a57ff14340e600a477315bfd51a	953	2026-07-08T08:38:43Z
agent_tooldef_session_reuse_eval_npu.parts/c2kv_r8_reuseTrue.jsonl	5012d3f2fffc241fb11c98523ed69c793e7dfe2b558abe556fcc821e831ef1ac	553111	2026-07-08T08:39:23Z
agent_tooldef_session_reuse_eval_npu.parts/c2kv_r8_reuseTrue.log	bd82d9e270f90051b2a503d512ade63e62b639f7fea4ca2f9002d57bc0028598	5530	2026-07-08T08:39:24Z
agent_tooldef_session_reuse_eval_npu.parts/c2kv_r8_reuseTrue.summary.json	abf3bbb14050beeca65348017ba3f50dc38f1022ce5f4ef739968f702103c1c6	991	2026-07-08T08:39:23Z
agent_tooldef_session_reuse_eval_npu.parts/full_r1_reuseFalse.jsonl	bd7820cac85375a4deb89bddf47efde6a427b9bc32daaff9a89ed9bfa804d914	536290	2026-07-08T09:56:29Z
agent_tooldef_session_reuse_eval_npu.parts/full_r1_reuseFalse.log	c4d698eb74a61fef987fb62b58a3e5678b197f73f668581b2e93ccfd2bec8f0d	5673	2026-07-08T09:56:30Z
agent_tooldef_session_reuse_eval_npu.parts/full_r1_reuseFalse.summary.json	5b42cdca96a917e9d49f867ccdfe4192a48871a11de33439c8ba5adeed7ae6ff	982	2026-07-08T09:56:29Z
agent_tooldef_session_reuse_eval_npu.parts/full_r1_reuseTrue.jsonl	d0ead90d0e69f83a6d365a864db72db2e4ba4546f68f2f1ff1a46e904009b531	547075	2026-07-08T09:55:12Z
agent_tooldef_session_reuse_eval_npu.parts/full_r1_reuseTrue.log	06668bdbf7daf5e764cbf9b11d9baa1a8a7f42ad8f633587fe2561e935861671	5531	2026-07-08T09:55:12Z
agent_tooldef_session_reuse_eval_npu.parts/full_r1_reuseTrue.summary.json	ca0b7b0436fdb6e04cb93b41586684518f43b0359935e7dd417fb700f8857bdc	997	2026-07-08T09:55:12Z
agent_tooldef_session_reuse_eval_npu.parts/truncate_r2_reuseFalse.jsonl	7dc0c02ca3a31667218d716956cdc0ba61eab9665aba978498bdf3a34473fb4d	552040	2026-07-08T08:39:48Z
agent_tooldef_session_reuse_eval_npu.parts/truncate_r2_reuseFalse.log	2917c1a20cc4d06ff2fa1ff58f6c2bbf29014558c6e672bafd7ab3924c494212	5778	2026-07-08T08:39:49Z
agent_tooldef_session_reuse_eval_npu.parts/truncate_r2_reuseFalse.summary.json	eaaf471a1e51007fe4baf0a394e24244c37e5ebde0121f24025d5513b93ccea0	985	2026-07-08T08:39:48Z
agent_tooldef_session_reuse_eval_npu.parts/truncate_r2_reuseTrue.jsonl	643f9884cdebfab7bfa2976f4d9f652ce4b17cac9cd079177695cf82fb25f6e2	563037	2026-07-08T08:42:35Z
agent_tooldef_session_reuse_eval_npu.parts/truncate_r2_reuseTrue.log	532019fdd8c075bf3b0078f94b0b3160e0fa5b2d5ca7873822906b2e7b88dcbb	5741	2026-07-08T08:42:36Z
agent_tooldef_session_reuse_eval_npu.parts/truncate_r2_reuseTrue.summary.json	d1f2c9bb3584cc45d6532c6de4b7b6f544b28fe137d1cb531356b9f0e233a430	1014	2026-07-08T08:42:35Z
agent_tooldef_session_reuse_eval_npu.parts/truncate_r4_reuseFalse.jsonl	73290912ef373d31ffdbd9fd70fa24e27f41e41b96b4c2c565500ee2bb6b2a9e	554893	2026-07-08T10:00:48Z
agent_tooldef_session_reuse_eval_npu.parts/truncate_r4_reuseFalse.log	a4050b696d0d388c3bf11a77e148ff52ac27e836d5fee09ccd012c9c8bc33cc3	5912	2026-07-08T10:00:48Z
agent_tooldef_session_reuse_eval_npu.parts/truncate_r4_reuseFalse.summary.json	6be61dd1ae6c2d115eccd96f1f293df0699aee6824d21d5b68f17decc5e31ff5	972	2026-07-08T10:00:48Z
agent_tooldef_session_reuse_eval_npu.parts/truncate_r4_reuseTrue.jsonl	c0d00035c651f477bbd4eca515b18aec94d243eb65d2601f8364baf350f661d3	566015	2026-07-08T10:00:15Z
agent_tooldef_session_reuse_eval_npu.parts/truncate_r4_reuseTrue.log	f1bae8502325595d06dfb6f49434c426d80e9f280e79ea82a6365493528eb923	5803	2026-07-08T10:00:15Z
agent_tooldef_session_reuse_eval_npu.parts/truncate_r4_reuseTrue.summary.json	a92d8206951698b27b4e0533e02d87709d7e6dfff09ecf87b1b4b2c96f8306c3	1011	2026-07-08T10:00:15Z
agent_tooldef_session_reuse_eval_npu.parts/truncate_r8_reuseFalse.jsonl	2e3b4350f7c86fb2bcd3ae68f508010f897735f78bf60e75a29311aae1daf117	552806	2026-07-08T09:59:02Z
agent_tooldef_session_reuse_eval_npu.parts/truncate_r8_reuseFalse.log	35353b0f3f82072c7fd3c17dbcb26db62860ef50a0c5ddbcdd81c2a1f7084890	5764	2026-07-08T09:59:03Z
agent_tooldef_session_reuse_eval_npu.parts/truncate_r8_reuseFalse.summary.json	21c1828aca2346659d1e9bd5269a86b17faa1fe9e5d0629e9d350835682af6e1	971	2026-07-08T09:59:02Z
agent_tooldef_session_reuse_eval_npu.parts/truncate_r8_reuseTrue.jsonl	474e6a46b8fe199119c594effec3b970aaa38a0452bd5f603cdb152d35c30b9f	563940	2026-07-08T10:01:17Z
agent_tooldef_session_reuse_eval_npu.parts/truncate_r8_reuseTrue.log	df912484f13bc37972457d22a4930b79dd0972c3ccfe48da5a967559f1a2c39c	5734	2026-07-08T10:01:17Z
agent_tooldef_session_reuse_eval_npu.parts/truncate_r8_reuseTrue.summary.json	e136395b1959860c620019fc850a9160a47fa9bc28eec623fe792058f5a29f93	1007	2026-07-08T10:01:17Z
agent_tooldef_session_reuse_eval_npu.summary.json	a80a65525f47bc79186aa1c77e17f9c5ae2cd5bc6ffc84417278ff4991432919	10739	2026-07-08T10:01:24Z
agent_tooldef_session_ttft_tbt_eval_npu.jsonl	e252a9238b6fe768653926ad8933a646fc6c76584f0b10a57e3114fee1b2ffe3	4043558	2026-07-08T16:25:01Z
agent_tooldef_session_ttft_tbt_eval_npu.parts/c2kv_r2_reuseTrue.jsonl	a7d65e01bd650d1da8b77ee99da2108a6f0fcfb0ad8dbf7d6f17b1db87febcb1	567087	2026-07-08T16:17:01Z
agent_tooldef_session_ttft_tbt_eval_npu.parts/c2kv_r2_reuseTrue.log	202d6ee0529e3ca05842c0a7c83438941a4c36668772f59f02519f603e733a9b	5888	2026-07-08T16:17:01Z
agent_tooldef_session_ttft_tbt_eval_npu.parts/c2kv_r2_reuseTrue.summary.json	67632f82128770d21105999471c3a106baaea965801c5c7f7e80c86e9320054c	1260	2026-07-08T16:17:01Z
agent_tooldef_session_ttft_tbt_eval_npu.parts/c2kv_r4_reuseTrue.jsonl	4b3a5f93d0c1267a2c60797b4d1aa9695b6097933a3b138f9791b5e125b54a88	568320	2026-07-08T16:14:59Z
agent_tooldef_session_ttft_tbt_eval_npu.parts/c2kv_r4_reuseTrue.log	ab3e4942e0ca0971c8caf5119660ba73ebfc016bdcb6b07ee4b3f7c31d879949	5879	2026-07-08T16:14:59Z
agent_tooldef_session_ttft_tbt_eval_npu.parts/c2kv_r4_reuseTrue.summary.json	5a20eca23b7abad951ade9648a3b8bdf87b699cb7021442f2120962708a5b508	1257	2026-07-08T16:14:59Z
agent_tooldef_session_ttft_tbt_eval_npu.parts/c2kv_r8_reuseTrue.jsonl	a0e0e2f4325ed91a133f9e89195f60fe7f58377194c54463536922d05abd41c5	576081	2026-07-08T16:20:21Z
agent_tooldef_session_ttft_tbt_eval_npu.parts/c2kv_r8_reuseTrue.log	1c812d9a58b80dc8f30795bf40a57b3d1ba935f91b2051deb73fee3a0d89a1b6	5863	2026-07-08T16:20:21Z
agent_tooldef_session_ttft_tbt_eval_npu.parts/c2kv_r8_reuseTrue.summary.json	33cba09946c538a5deab3cf12a2784c9d0e6b39c96ed0732c4bdd19420be7ad0	1242	2026-07-08T16:20:21Z
agent_tooldef_session_ttft_tbt_eval_npu.parts/full_r1_reuseTrue.jsonl	705bab0726fe8416a630ce372cdc107b64561e66e02839b0dee2067add217735	570042	2026-07-08T16:19:19Z
agent_tooldef_session_ttft_tbt_eval_npu.parts/full_r1_reuseTrue.log	2f0eb5ee167d05ba16edd4159ae44ffcc6a026c2eeaa871c04b9e59bde1f9d57	5884	2026-07-08T16:19:20Z
agent_tooldef_session_ttft_tbt_eval_npu.parts/full_r1_reuseTrue.summary.json	3fc634c4db405dedf67faaec318d9df011deee35779428994f2344f1e9a61004	1261	2026-07-08T16:19:19Z
agent_tooldef_session_ttft_tbt_eval_npu.parts/truncate_r2_reuseTrue.jsonl	487d4a012d33bd181027b6bc64ccb54c0ee2e3ca6cfa39408d90536c677fef4d	586065	2026-07-08T16:20:48Z
agent_tooldef_session_ttft_tbt_eval_npu.parts/truncate_r2_reuseTrue.log	6735f391dccdd0c9023c7c980140c5288f0345623b35decaada2da8fcbaee9ba	5993	2026-07-08T16:20:48Z
agent_tooldef_session_ttft_tbt_eval_npu.parts/truncate_r2_reuseTrue.summary.json	671c509a020162297c96dddd77f492f42167f4a22cf2baf7a4f3c7288f0bc2c8	1267	2026-07-08T16:20:48Z
agent_tooldef_session_ttft_tbt_eval_npu.parts/truncate_r4_reuseTrue.jsonl	b027e9fa6667dee86c9f7fa248287279fd3deefc88736d33ffbf2eefaeac41b1	589046	2026-07-08T16:24:33Z
agent_tooldef_session_ttft_tbt_eval_npu.parts/truncate_r4_reuseTrue.log	b997c32ec73cc0e79c7323084f026ebfb114fcdae10fa883465caf1bedc27a8b	5911	2026-07-08T16:24:33Z
agent_tooldef_session_ttft_tbt_eval_npu.parts/truncate_r4_reuseTrue.summary.json	3ee9f36d3667ef03ab62acee32760da770458ed526c435d4addb30b7abb2baad	1266	2026-07-08T16:24:33Z
agent_tooldef_session_ttft_tbt_eval_npu.parts/truncate_r8_reuseTrue.jsonl	441d77c6ae3c802a0122527d2684dd115ab9dd22149fe48a9d97cf960e75d856	586917	2026-07-08T16:24:53Z
agent_tooldef_session_ttft_tbt_eval_npu.parts/truncate_r8_reuseTrue.log	d78eee0b1502607511fa866071a5e2c89a1590fcaa8524226a9d85aeda9f3136	5908	2026-07-08T16:24:54Z
agent_tooldef_session_ttft_tbt_eval_npu.parts/truncate_r8_reuseTrue.summary.json	2c662d6467e3c8c8b51616693e708209b9c310a146262f6d475444c13cf0da97	1263	2026-07-08T16:24:53Z
agent_tooldef_session_ttft_tbt_eval_npu.summary.json	a3ef8af2aef4aae6d465c3d6d8f2cfeb7034bdda6f7d78582a5c92800234d168	7284	2026-07-08T16:25:01Z
agent_tooldef_split_manifests.json	d08be9f577c70e6e666e56531cfde67b4b79f2bde992ba852a79a2fcd972f0c0	113563	2026-07-12T10:16:23Z
agent_tooldef_subset_model_eval.jsonl	94f08d8696ba590019a64ca20bc7a39a428a088de8b926c8a21fefce84862862	799440	2026-07-15T06:56:13Z
agent_tooldef_subset_model_eval.parts/c2kv_r4.jsonl	6caec41b299754530f01fadd77c601cc0fb6bb49bc360b9736e882ac914a37a2	265567	2026-07-15T06:53:09Z
agent_tooldef_subset_model_eval.parts/c2kv_r4.log	dd346daaeafb44401f406c7e2dd2fa50aa03b26394e5afd3c806377f238b73b9	15119	2026-07-15T06:53:09Z
agent_tooldef_subset_model_eval.parts/c2kv_r4.summary.json	f7e452c5d03aa33fdf31252f2d35c9f02689ae228667be26e52218aee917e3f3	1342	2026-07-15T06:53:09Z
agent_tooldef_subset_model_eval.parts/full_r1.jsonl	0858701341c7347afaa8a042ae426f0a7f578b80f619d970112a0971ae2448a9	261612	2026-07-15T06:51:48Z
agent_tooldef_subset_model_eval.parts/full_r1.log	18a305b31121bc8cfde71eaab7b5625bc3ce5fad74be0622e6e3aaae16a290cf	14534	2026-07-15T06:51:49Z
agent_tooldef_subset_model_eval.parts/full_r1.summary.json	b04ce738ff970772fd93eadbc2c2a92f4a18dd50a4a5d17a709b2a28725eb133	1304	2026-07-15T06:51:48Z
agent_tooldef_subset_model_eval.parts/truncate_r4.jsonl	0866449e98226ab913f435b82b2ca85ef17a575d25d8e4179e19b36c73f66881	272261	2026-07-15T06:56:06Z
agent_tooldef_subset_model_eval.parts/truncate_r4.log	af3cd3d2aa05fc17815bbb114ccfe685b941c242dcac67fcc61c2ee8082b396b	15737	2026-07-15T06:56:06Z
agent_tooldef_subset_model_eval.parts/truncate_r4.summary.json	135946846b5f487f40bd3aa6d6c9af0a568b5faced6ab9395d593f11dd51ba0d	1334	2026-07-15T06:56:06Z
agent_tooldef_subset_model_eval.summary.json	21ee76618cc1b652daee1672e3ba4bb273e2698372ef7ea45c5dfbd6daca5292	2727	2026-07-15T06:56:13Z
agent_tooldef_subset_model_reuse_4x.jsonl	27e4d52b1888a17712ac433d247e8115881808e35138d1057f388c552a0e60b4	864157	2026-07-15T14:29:29Z
agent_tooldef_subset_model_reuse_4x.parts/c2kv_r4.jsonl	1db1dee0f37fed5d04ed9172b32e1a0e6fd5e3702f68a05bd501666fdaf87b4d	129840	2026-07-15T14:29:23Z
agent_tooldef_subset_model_reuse_4x.parts/c2kv_r4.log	88595bdccdc0e2f5184de83ac7a69f2e89f781a56fd7f084492e7005c93331e3	24238	2026-07-15T14:29:23Z
agent_tooldef_subset_model_reuse_4x.parts/c2kv_r4.summary.json	ff44cabb6ed4e25a1c96143153cd56c74f9bcd46aae4e2e1c886c1f1b6838c35	2048	2026-07-15T14:29:23Z
agent_tooldef_subset_model_reuse_4x.parts/cacheblend_vdiff_snapkv_r4.jsonl	f918ac061a80a57c264df78d3a91f0920c8c62836f1cb9e94f02d6847cf50969	144035	2026-07-15T14:27:04Z
agent_tooldef_subset_model_reuse_4x.parts/cacheblend_vdiff_snapkv_r4.log	734ad8cec1f573ffbdd51b20fec319fa37030103eb769a3340e4aa24858de346	27138	2026-07-15T14:27:04Z
agent_tooldef_subset_model_reuse_4x.parts/cacheblend_vdiff_snapkv_r4.summary.json	e0dcdf272d1aec37fee5c06129c0e011c7ed0671b46f861af6d5d9b1faf2a30c	2194	2026-07-15T14:27:04Z
agent_tooldef_subset_model_reuse_4x.parts/epic_leading32_snapkv_r4.jsonl	f869042f6fe1cf5a7b7dc2794ab3d06c0e9085053ea163079403e3a9cf96bb75	145501	2026-07-15T14:27:21Z
agent_tooldef_subset_model_reuse_4x.parts/epic_leading32_snapkv_r4.log	b51b2d89c77bc6765055b3f0d36a24566301172775c4ccd990233784d080ae71	26688	2026-07-15T14:27:21Z
agent_tooldef_subset_model_reuse_4x.parts/epic_leading32_snapkv_r4.summary.json	4aef6ffba7af54b6782a1bc53241d4258d4bd79a3725a245bdc4d441a3ac436d	2189	2026-07-15T14:27:21Z
agent_tooldef_subset_model_reuse_4x.parts/full_r1.jsonl	63e45e47629eade06f7e747dc4536730172bf78f9e795b457ca71b73f12f210a	134302	2026-07-15T14:24:49Z
agent_tooldef_subset_model_reuse_4x.parts/full_r1.log	1e07fc2aacbae6c3192d15508380c1f7a7ba71e9aa52eff7395c9975b3e89110	22832	2026-07-15T14:24:49Z
agent_tooldef_subset_model_reuse_4x.parts/full_r1.summary.json	3f110bb5330d5ee2bf0aebd84c852bc450d62d7abaff45ad0da7bdf61ee71cb0	2142	2026-07-15T14:24:49Z
agent_tooldef_subset_model_reuse_4x.parts/hybrid_r4.jsonl	5975b061bc226c26e89fe7491c576917adc2c42c2f4bb666ebd807a0171a4422	167713	2026-07-15T14:29:00Z
agent_tooldef_subset_model_reuse_4x.parts/hybrid_r4.log	d8bdc700a89bb5db612d1b4dd8b5607b17d1635ac2c4f4b33f4e22c7e70bfef9	24211	2026-07-15T14:29:00Z
agent_tooldef_subset_model_reuse_4x.parts/hybrid_r4.summary.json	245c7de8b6528720b1bba7e1369f07facfe07c961e75c8b1af499373afadaf9a	2128	2026-07-15T14:29:00Z
agent_tooldef_subset_model_reuse_4x.parts/snapkv_reuse_r4.jsonl	426c30347170af8e41473879f83979670c3903681117d3f86a92201c46829a61	142766	2026-07-15T14:26:18Z
agent_tooldef_subset_model_reuse_4x.parts/snapkv_reuse_r4.log	ca26988ed9b6dbfa4f8a9294062e231654afa5c32775bef2551488b21cf9fae5	24658	2026-07-15T14:26:18Z
agent_tooldef_subset_model_reuse_4x.parts/snapkv_reuse_r4.summary.json	16730287f8791b437051e11ac4647a2558dae77ae91409fce31ace26beb1d766	2158	2026-07-15T14:26:18Z
agent_tooldef_subset_model_reuse_4x.summary.json	cae907304e49fcdee2c3ae2f47f11ddc556e678223e070165f083b48cd1200b0	17561	2026-07-15T14:29:29Z
agent_tooldef_subset_model_reuse_baselines.jsonl	53589ee11e9ddb7d8e12488edef4fa8f068aea0d28b93d87ee7ae1630a645e9f	981488	2026-07-15T13:14:38Z
agent_tooldef_subset_model_reuse_baselines.parts/c2kv_r4.jsonl	51014fdd98ccb83ad04d59748dc6f630fc948b020d525b2d2819cf7975ee75e1	129830	2026-07-15T13:14:31Z
agent_tooldef_subset_model_reuse_baselines.parts/c2kv_r4.log	cd3cc831ec8147949ed146876eb5f43357bed48c481b8f3098f2abd34d105e00	24287	2026-07-15T13:14:31Z
agent_tooldef_subset_model_reuse_baselines.parts/c2kv_r4.summary.json	8f64b105abfabae0a2143b1f9b65a265a19f80b77edb8e8449599df4aad7b499	2083	2026-07-15T13:14:31Z
agent_tooldef_subset_model_reuse_baselines.parts/cacheblend_vdiff_r1.jsonl	b925719a502bcffd385e87e97c0ff58d728833550ac66aa3a81c12a428d6c966	135672	2026-07-15T13:11:44Z
agent_tooldef_subset_model_reuse_baselines.parts/cacheblend_vdiff_r1.log	e1238dc42232083de87f53b182906312d71f26a9b761a1437ecc1ff7ae4fd4ac	26003	2026-07-15T13:11:44Z
agent_tooldef_subset_model_reuse_baselines.parts/cacheblend_vdiff_r1.summary.json	7ba99544014d999ed23972fb06ded30ba8486f3532902b56c359b7dbeb905604	2178	2026-07-15T13:11:44Z
agent_tooldef_subset_model_reuse_baselines.parts/epic_leading32_r1.jsonl	8b10d8e4ffe197494fb1b8eef2b35c0e162df1c4e2e8f44116e5edc2fead26ce	135990	2026-07-15T13:10:22Z
agent_tooldef_subset_model_reuse_baselines.parts/epic_leading32_r1.log	517eb9395ddf8a4e68eead89db37bc3325ad85ed7112c302ec097b1e3ddcff96	25524	2026-07-15T13:10:22Z
agent_tooldef_subset_model_reuse_baselines.parts/epic_leading32_r1.summary.json	5a50b1a9febebd913c10589321462e62f2d2f2ad4f0f9d600c4103903e090d50	2161	2026-07-15T13:10:22Z
agent_tooldef_subset_model_reuse_baselines.parts/full_r1.jsonl	c021f373197c78157eef12b709be72c578d28106e47cbeb2ac6d42cd46596638	134298	2026-07-15T13:09:44Z
agent_tooldef_subset_model_reuse_baselines.parts/full_r1.log	4d1d2d40844de3161af9bb078e22e19fe193bd2af189d29d12adef8f10cc00db	22917	2026-07-15T13:09:44Z
agent_tooldef_subset_model_reuse_baselines.parts/full_r1.summary.json	76153a8dbe8fe746c38678ee2e8d4a971c49955d45db5a9c844322b02a20b828	2138	2026-07-15T13:09:44Z
agent_tooldef_subset_model_reuse_baselines.parts/hybrid_r4.jsonl	36beda4e8ff8c708745b22075e15b3cedbfc13439cdb982fb8a82a5d7a74fda8	167703	2026-07-15T13:12:24Z
agent_tooldef_subset_model_reuse_baselines.parts/hybrid_r4.log	ceaf99a0ccd8657b80ddd19f1916f57255751fe437153f04f7ead10160ad6995	24228	2026-07-15T13:12:24Z
agent_tooldef_subset_model_reuse_baselines.parts/hybrid_r4.summary.json	8e80a5fa536879f0deeb0b7b74e5c2525a78aebb67059814f094a137f5fc5a93	2131	2026-07-15T13:12:24Z
agent_tooldef_subset_model_reuse_baselines.parts/reuse_r1.jsonl	f34a211440279d9b248cfb57df0aa97b5fbb377dabdee6d196aa71de5e6c755b	135162	2026-07-15T13:10:35Z
agent_tooldef_subset_model_reuse_baselines.parts/reuse_r1.log	2b0c252ed65a5341b9027dca3b2f46eb7122e43f6e73ad6a52fd293086fa2538	23331	2026-07-15T13:10:35Z
agent_tooldef_subset_model_reuse_baselines.parts/reuse_r1.summary.json	dfab53b26f2c46f7fd666235e7d336578094582df8af76b1b836b28f4f8b0c19	2132	2026-07-15T13:10:35Z
agent_tooldef_subset_model_reuse_baselines.parts/snapkv_reuse_r4.jsonl	9f2401a4a77481711c585b1e4ccacab6130138bf6b3c7039db329b0efae6dde8	142833	2026-07-15T13:11:55Z
agent_tooldef_subset_model_reuse_baselines.parts/snapkv_reuse_r4.log	fc25b72b0ae754dc897c17e6e9cc850b810b09812041fcee8885562f05e56aba	24682	2026-07-15T13:11:55Z
agent_tooldef_subset_model_reuse_baselines.parts/snapkv_reuse_r4.summary.json	a9be3444eda397e35eaf854b19f9f46b4d24dec6567b707f592d9e87e54fdd3f	2171	2026-07-15T13:11:55Z
agent_tooldef_subset_model_reuse_baselines.summary.json	6702010ea7313406c910f2e987dc4889395d914f8c01c640c365149f078ad4fd	19391	2026-07-15T13:14:38Z
agent_tooldef_subset_split_manifest.json	a204aaf27cb4e69ffe1e24a6dc8b56b29fc98ef0679e4ca47711c9aae3956299	56357	2026-07-14T15:35:07Z
agent_tooldef_ttft_tbt_eval_npu.jsonl	fd80f5498650db3e32f3e07a1b5f07b25d6a648e9d8e10bc03e86bdfee3b9d3e	986451	2026-07-08T14:17:14Z
agent_tooldef_ttft_tbt_eval_npu.parts/c2kv_r2.jsonl	c31cf7d1554877f2a7395640fca31e716860ff4efb31f78029e32aaf81230eba	139089	2026-07-08T14:17:07Z
agent_tooldef_ttft_tbt_eval_npu.parts/c2kv_r2.log	84da1dbbdb255f61f0413ed45a7f4aea77e7a2f44b1aaafcc6f1f9ace9f89916	11841	2026-07-08T14:17:07Z
agent_tooldef_ttft_tbt_eval_npu.parts/c2kv_r2.summary.json	6c50de4b3df59dc4ba4f7b3330b9aa248b306b4ea877a948d44cd72c1f6e8498	1374	2026-07-08T14:17:07Z
agent_tooldef_ttft_tbt_eval_npu.parts/c2kv_r4.jsonl	7d65b4b4ab925b0d65d2e01221ec4201b54cf4b6af57fd2357337be26a37b02e	139627	2026-07-08T14:15:51Z
agent_tooldef_ttft_tbt_eval_npu.parts/c2kv_r4.log	de89448f201b83a2a8b6475b0fe0f6370ecb94b876c5afd21b4c86a873216259	11841	2026-07-08T14:15:52Z
agent_tooldef_ttft_tbt_eval_npu.parts/c2kv_r4.summary.json	59e4a070658329d23f90b9ff1ecc326edfd5c8fcd97eef9710a54f81a7f82c54	1373	2026-07-08T14:15:51Z
agent_tooldef_ttft_tbt_eval_npu.parts/c2kv_r8.jsonl	35fd25f829169a2ebc2ac24ebe1c14ab6874c5aaf17afa7e94610cc89035ff1f	140774	2026-07-08T14:16:23Z
agent_tooldef_ttft_tbt_eval_npu.parts/c2kv_r8.log	8e687b9e4dd080a4b504f95a2648b6ca386ffb8607eeee52ab9aad02dc8324cd	11761	2026-07-08T14:16:24Z
agent_tooldef_ttft_tbt_eval_npu.parts/c2kv_r8.summary.json	0259ddde542e6243d6028754be8bc75544ca45c454f352930b279bda6b18e78c	1366	2026-07-08T14:16:23Z
agent_tooldef_ttft_tbt_eval_npu.parts/full_r1.jsonl	c8a296cb7b5afe132b5047af257184c6758099dc2d560ced21b6a3d81bfcddf6	137037	2026-07-08T14:14:36Z
agent_tooldef_ttft_tbt_eval_npu.parts/full_r1.log	923138f399c40844c3eb60896f2fc75d8dc91cc7515d3934acf68f62956e7f23	11414	2026-07-08T14:14:36Z
agent_tooldef_ttft_tbt_eval_npu.parts/full_r1.summary.json	00db6fdc8697b5aa1725b442943f751e15d2dcb7dfc206e79033a7bdeef52176	1341	2026-07-08T14:14:36Z
agent_tooldef_ttft_tbt_eval_npu.parts/truncate_r2.jsonl	5ea0278eb3a81cfbc51a9e7187cb8790d77f6ecbaf53d362d8427569256399e9	143862	2026-07-08T14:17:07Z
agent_tooldef_ttft_tbt_eval_npu.parts/truncate_r2.log	1a70f955af64fabebe277e177c7df272a07125e12ef0501271bc6b98beaebc84	12117	2026-07-08T14:17:08Z
agent_tooldef_ttft_tbt_eval_npu.parts/truncate_r2.summary.json	10360f374a068262563a97b489d4352d779e4a1093c6202b152a30f94281d38b	1365	2026-07-08T14:17:07Z
agent_tooldef_ttft_tbt_eval_npu.parts/truncate_r4.jsonl	d0078e913da7c85214d467ae4f2404d305587449fce8c19fa9ec36ebbce9afc0	143280	2026-07-08T14:15:16Z
agent_tooldef_ttft_tbt_eval_npu.parts/truncate_r4.log	e140ce8d5613ab8e78197c22df229c1defce99a09ac7bda558c64be5c282a422	12204	2026-07-08T14:15:16Z
agent_tooldef_ttft_tbt_eval_npu.parts/truncate_r4.summary.json	012410677b0d42b3ce58eb232a12ea9b5bee2dfcf797295260390d58e10417d8	1365	2026-07-08T14:15:16Z
agent_tooldef_ttft_tbt_eval_npu.parts/truncate_r8.jsonl	079357a0742e9579feab136e44748a4588d85b3fe36e49136e61c85f3171e743	142782	2026-07-08T14:14:57Z
agent_tooldef_ttft_tbt_eval_npu.parts/truncate_r8.log	c860d82e8b537bcf434cfd2c9de0de016238c6faf665d765c0d2c4e2f485dc85	12117	2026-07-08T14:14:57Z
agent_tooldef_ttft_tbt_eval_npu.parts/truncate_r8.summary.json	ae965902cb164f2a80e6d26d5800fb62f8c55e679e378b5006b4779e49041aa6	1363	2026-07-08T14:14:57Z
agent_tooldef_ttft_tbt_eval_npu.summary.json	0e6f8df8a0f6b26d5915de9c36c0067b357a59b6bee8be97f49995694a8b6553	6086	2026-07-08T14:17:14Z
